<?xml version="1.0" encoding="UTF-8"?>
<BizTransNotice xmlns="szfs.tws.pay.trans.notice" xmlns:xsi="http://www.w3.org/2001/XMLSchema-instance">
    <reqmsgtype>BIZTRANSQUERY</reqmsgtype>
    <reqversion>1.0</reqversion>
    <reqsubnode>A02300000001</reqsubnode>
    <reqmsgno></reqmsgno>
    <omsgtype>BATSINGLEPAY</omsgtype>
    <oversion>1.0</oversion>
    <osubnode>A02300000001</osubnode>
    <omsgno></omsgno>
    <osubdate></osubdate>
    <oseqid>A0230000000131720140902160000000007</oseqid>
    <otransno></otransno>
    <status>00</status>
    <procode>FSCI0000</procode>
    <remark>处理成功</remark>
    <paybankno></paybankno>
    <setwrkdate></setwrkdate>
    <netno></netno>
    <totalnum></totalnum>
    <totalmoney></totalmoney>
    <trnnum></trnnum>
    <trnmoney></trnmoney>
    <details>
        <detail>
            <lstno></lstno>
            <outid>2014092109181515</outid>
            <dtstatus>00</dtstatus>
            <dtprocode>FSCI0000</dtprocode>
            <custbankno></custbankno>
            <custaccno></custaccno>
            <custaccname></custaccname>
            <dttrnmoney></dttrnmoney>
        </detail>
        <detail>
            <lstno></lstno>
            <outid>2014092109181516</outid>
            <dtstatus>00</dtstatus>
            <dtprocode>FSCI0000</dtprocode>
            <custbankno></custbankno>
            <custaccno></custaccno>
            <custaccname></custaccname>
            <dttrnmoney></dttrnmoney>
        </detail>
    </details>
</BizTransNotice>
