<?xml version="1.0" encoding="UTF-8"?>
<BizTransNotice xmlns="szfs.tws.pay.trans.notice" xmlns:xsi="http://www.w3.org/2001/XMLSchema-instance">
    <reqmsgtype>BIZTRANSQUERY</reqmsgtype>
    <reqversion>1.0</reqversion>
    <reqsubnode>A03200000001</reqsubnode>
    <reqmsgno></reqmsgno>
    <omsgtype>SINGLEPAY</omsgtype>
    <oversion>1.0</oversion>
    <osubnode>A03200000001</osubnode>
    <omsgno></omsgno>
    <osubdate></osubdate>
    <oseqid>B00000000002301022014091900010</oseqid>
    <otransno></otransno>
    <status>00</status>
    <procode>FSBR0000</procode>
    <remark>SUCCUSS</remark>
    <paybankno></paybankno>
    <payaccno></payaccno>
    <payaccname></payaccname>
    <acpbankno></acpbankno>
    <acpaccno></acpaccno>
    <acpaccname></acpaccname>
    <chkdate></chkdate>
    <setwrkdate></setwrkdate>
    <netno></netno>
    <trnmoney></trnmoney>
</BizTransNotice>