<?xml version="1.0" encoding="UTF-8"?>
<SinglePayReturn xmlns="szfs.tws.pay.singlepay.return" xmlns:xsi="http://www.w3.org/2001/XMLSchema-instance">
    <reqmsgtype>SINGLEPAY</reqmsgtype>
    <reqversion>1.0</reqversion>
    <reqsubnode>A03200000001</reqsubnode>
    <reqmsgno></reqmsgno>
    <outid>A0320000000130120150706100013671518</outid>
    <subdate></subdate>
    <transno></transno>
    <status>04</status>
    <procode>FSBR0000</procode>
    <remark>SUCCUSS</remark>
    <paybankno></paybankno>
    <payaccno></payaccno>
    <payaccname></payaccname>
    <acpbankno></acpbankno>
    <acpaccno></acpaccno>
    <acpaccname></acpaccname>
    <chkdate></chkdate>
    <setwrkdate></setwrkdate>
    <netno></netno>
    <currency></currency>
    <trnmoney></trnmoney>
</SinglePayReturn>