<?xml version="1.0" encoding="utf-8"?>
<beans xmlns="http://www.springframework.org/schema/beans"
	xmlns:xsi="http://www.w3.org/2001/XMLSchema-instance"
	xsi:schemaLocation="http://www.springframework.org/schema/beans  http://www.springframework.org/schema/beans/spring-beans-3.0.xsd">
	
	
	<!-- Druid数据源 -->
	<bean id="dataSource" class="com.pingan.pafa.datasource.DruidDataSourceFactoryBean"> 
		<property
		 name="configure" value="pizza:datasource/sample-mybatis.druid.properties"></property>
	</bean>
	
	<bean id="sqlSessionFactory" class="org.mybatis.spring.SqlSessionFactoryBean">  
       <property name="dataSource" ref="dataSource" />  
       <property name="mapperLocations" value="classpath:com/pingan/pafa5/sample/dao/mybatis/mapper/*.xml" />  
       <property name="typeAliasesPackage" value="com.pingan.pafa5.sample.dao.model" />  
    </bean> 
    
    <bean class="org.mybatis.spring.mapper.MapperScannerConfigurer">  
       <property name="basePackage" value="com.pingan.pafa5.sample.dao" />  
       <property name="markerInterface" value="com.pingan.pafa5.sample.dao.mybatis.BaseMapper"/>  
       <property name="sqlSessionFactoryBeanName" value="sqlSessionFactory"/>  
    </bean>
	
</beans>