<?xml version="1.0" encoding="UTF-8"?>
<!DOCTYPE sqlMap PUBLIC "-//iBATIS.com//DTD SQL Map 2.0//EN"
        "http://www.ibatis.com/dtd/sql-map-2.dtd">
<sqlMap>
  
   <typeAlias alias="userDTO" type="com.pingan.pafa5.sample.tddl.dto.UserDTO"></typeAlias>
     
   
   <select id="user.getById"  parameterClass="int" resultClass="userDTO">
	    select  id,name,age,remark,birthday from t_user 
	    where id = #value#
   </select>
   
	<insert id="user.add" parameterClass="userDTO" >
	    insert into t_user (id,name,age,remark,birthday)
	    values (#id#, #name#, #age#,#remark#,#birthday#)
	</insert>
	
	<insert id="user.updateName" parameterClass="userDTO" >
	    update t_user set name=#name# where id=#id#
	</insert>
   
   <delete id="user.delById" parameterClass="int">
		delete from t_user where id = #id#
   </delete>
   
</sqlMap>
