<?xml version="1.0" encoding="UTF-8"?>
<included>
	<substitutionProperty name="proj.name" value="syf-upc" />
	<substitutionProperty name="log.base" value="logs/syf-upc" />
	<substitutionProperty name="max.size" value="200MB" />
	<jmxConfigurator />
	
	<appender name="ERROR-APPENDER" class="ch.qos.logback.core.rolling.RollingFileAppender">	
		<File>${log.base}/${proj.name}_error.log</File>
		<filter class="ch.qos.logback.classic.filter.LevelFilter">
			<level>ERROR</level>
			<onMatch>ACCEPT</onMatch> 
			<onMismatch>DENY</onMismatch>
		</filter>
		<rollingPolicy class="ch.qos.logback.core.rolling.TimeBasedRollingPolicy">
			<FileNamePattern>${log.base}/${proj.name}_error_%d{yyyy-MM-dd}.%i.log</FileNamePattern>
			<timeBasedFileNamingAndTriggeringPolicy class="ch.qos.logback.core.rolling.SizeAndTimeBasedFNATP">
	       	 	<maxFileSize>${max.size}</maxFileSize>
	        </timeBasedFileNamingAndTriggeringPolicy>
		</rollingPolicy>
		<layout class="ch.qos.logback.classic.PatternLayout">
			<pattern>%date [%thread] [%X{uid} - %X{url} - %X{imei} - %X{mobile} - %X{osType} - %X{key} - %X{ip}] %-5level %logger{80} - %msg%n</pattern>
		</layout>
	</appender>
	<appender name="INFO-APPENDER" class="ch.qos.logback.core.rolling.RollingFileAppender">
		<File>${log.base}/${proj.name}_info.log</File>
		<rollingPolicy class="ch.qos.logback.core.rolling.TimeBasedRollingPolicy">
			<FileNamePattern>${log.base}/${proj.name}_info_%d{yyyy-MM-dd}.%i.log</FileNamePattern>
			<timeBasedFileNamingAndTriggeringPolicy class="ch.qos.logback.core.rolling.SizeAndTimeBasedFNATP">
	       	 	<maxFileSize>${max.size}</maxFileSize>
	        </timeBasedFileNamingAndTriggeringPolicy>
		</rollingPolicy>
		<layout class="ch.qos.logback.classic.PatternLayout">
			<pattern>%date [%thread] [%X{uid} - %X{url} - %X{imei} - %X{mobile} - %X{osType} - %X{key} - %X{ip}] %-5level %logger{80} - %msg%n</pattern>
		</layout>
		<filter class="ch.qos.logback.classic.filter.LevelFilter">
			<level>INFO</level>
			<onMatch>ACCEPT</onMatch>
			<onMismatch>DENY</onMismatch>
		</filter>
	</appender>
	<appender name ="ASYNC-INFO-APPENDER" class= "ch.qos.logback.classic.AsyncAppender"> 
        <discardingThreshold>0</discardingThreshold> 
        <queueSize>1024</queueSize> 
        <appender-ref ref ="INFO-APPENDER" /> 
    </appender>
	<appender name="WARN-APPENDER" class="ch.qos.logback.core.rolling.RollingFileAppender">
		<File>${log.base}/${proj.name}_warn.log</File>
		<rollingPolicy class="ch.qos.logback.core.rolling.TimeBasedRollingPolicy">
			<FileNamePattern>${log.base}/${proj.name}_warn_%d{yyyy-MM-dd}.%i.log</FileNamePattern>
			<timeBasedFileNamingAndTriggeringPolicy class="ch.qos.logback.core.rolling.SizeAndTimeBasedFNATP">
	       	 	<maxFileSize>${max.size}</maxFileSize>
	        </timeBasedFileNamingAndTriggeringPolicy>
		</rollingPolicy>
		<layout class="ch.qos.logback.classic.PatternLayout">
			<pattern>%date [%thread] [%X{uid} - %X{url} - %X{imei} - %X{mobile} - %X{osType} - %X{key} - %X{ip}] %-5level %logger{80} - %msg%n</pattern>
		</layout>
		<filter class="ch.qos.logback.classic.filter.LevelFilter">
			<level>WARN</level>
			<onMatch>ACCEPT</onMatch>
			<onMismatch>DENY</onMismatch>
		</filter>
	</appender>
	<appender name ="ASYNC-WARN-APPENDER" class= "ch.qos.logback.classic.AsyncAppender"> 
        <discardingThreshold>0</discardingThreshold> 
        <queueSize>1024</queueSize> 
        <appender-ref ref ="WARN-APPENDER" /> 
    </appender>
	
	<appender name="HESSIAN-CLIENT-DIGEST-APPENDER" class="ch.qos.logback.core.rolling.RollingFileAppender">
		<File>${log.base}/hessian-client-digest.log</File>
		<rollingPolicy class="ch.qos.logback.core.rolling.TimeBasedRollingPolicy">
			<FileNamePattern>${log.base}/hessian-client-digest_%d{yyyy-MM-dd}.%i.log</FileNamePattern>
			<timeBasedFileNamingAndTriggeringPolicy class="ch.qos.logback.core.rolling.SizeAndTimeBasedFNATP">
				<maxFileSize>${max.size}</maxFileSize>
			</timeBasedFileNamingAndTriggeringPolicy>
		</rollingPolicy>
		<encoder class="ch.qos.logback.classic.encoder.PatternLayoutEncoder">
			<pattern>%date [%thread] [%X{uid} - %X{url} - %X{imei} - %X{mobile} - %X{osType} - %X{key} - %X{ip}] - %msg%n</pattern>
		</encoder>
	</appender>
	<appender name ="ASYNC-HESSIAN-CLIENT-DIGEST-APPENDER" class= "ch.qos.logback.classic.AsyncAppender"> 
        <discardingThreshold>0</discardingThreshold> 
        <queueSize>1024</queueSize> 
        <appender-ref ref ="HESSIAN-CLIENT-DIGEST-APPENDER" /> 
    </appender>
	<appender name="HESSIAN-SERVICE-DIGEST-APPENDER" class="ch.qos.logback.core.rolling.RollingFileAppender">
		<File>${log.base}/hessian-service-digest.log</File>
		<rollingPolicy class="ch.qos.logback.core.rolling.TimeBasedRollingPolicy">
			<FileNamePattern>${log.base}/hessian-service-digest_%d{yyyy-MM-dd}.%i.log</FileNamePattern>
			<timeBasedFileNamingAndTriggeringPolicy class="ch.qos.logback.core.rolling.SizeAndTimeBasedFNATP">
				<maxFileSize>${max.size}</maxFileSize>
			</timeBasedFileNamingAndTriggeringPolicy>
		</rollingPolicy>
		<encoder class="ch.qos.logback.classic.encoder.PatternLayoutEncoder">
			<pattern>%date [%thread] [%X{uid} - %X{url} - %X{imei} - %X{mobile} - %X{osType} - %X{key} - %X{ip}] - %msg%n</pattern>
		</encoder>
	</appender>
	<appender name ="ASYNC-HESSIAN-SERVICE-DIGEST-APPENDER" class= "ch.qos.logback.classic.AsyncAppender"> 
        <discardingThreshold>0</discardingThreshold> 
        <queueSize>1024</queueSize> 
        <appender-ref ref ="HESSIAN-SERVICE-DIGEST-APPENDER" /> 
    </appender>
	
	<appender name="PAGE-DIGEST-APPENDER" class="ch.qos.logback.core.rolling.RollingFileAppender"> 
	    <File>${log.base}/page-digest.log</File> 
	    <rollingPolicy class="ch.qos.logback.core.rolling.TimeBasedRollingPolicy"> 
	        <FileNamePattern>${log.base}/page-digest_%d{yyyy-MM-dd}.%i.log</FileNamePattern> 
	            <timeBasedFileNamingAndTriggeringPolicy class="ch.qos.logback.core.rolling.SizeAndTimeBasedFNATP"> 
	                <maxFileSize>${max.size}</maxFileSize> 
	            </timeBasedFileNamingAndTriggeringPolicy> 
	    </rollingPolicy> 
	    <encoder> 
	        <pattern>%date [%thread] [%X{uid} - %X{url} - %X{imei} - %X{mobile} - %X{osType} - %X{key} - %X{ip}] - %msg%n</pattern> 
	    </encoder> 
	</appender> 
	<appender name ="ASYNC-PAGE-DIGEST-APPENDER" class= "ch.qos.logback.classic.AsyncAppender"> 
        <discardingThreshold>0</discardingThreshold> 
        <queueSize>1024</queueSize> 
        <appender-ref ref ="PAGE-DIGEST-APPENDER" /> 
    </appender>

	<logger name="HESSIAN-CLIENT-DIGEST" level="INFO" additivity="false">
		<appender-ref ref="ASYNC-HESSIAN-CLIENT-DIGEST-APPENDER" />
	</logger>
	<logger name="HESSIAN-SERVICE-DIGEST" level="INFO" additivity="false">
		<appender-ref ref="ASYNC-HESSIAN-SERVICE-DIGEST-APPENDER" />
	</logger>
	<logger name="PAGE-DIGEST" additivity="false"> 
	    <level value="INFO" /> 
	    <appender-ref ref="ASYNC-PAGE-DIGEST-APPENDER" /> 
	</logger>
	   <appender name="stdout" class="ch.qos.logback.core.ConsoleAppender">
		<layout class="ch.qos.logback.classic.PatternLayout">
			<pattern>%date%-5level %logger{80} - %msg%n</pattern>
		</layout>
	</appender> 
	<root level="INFO">
	<appender-ref ref="stdout" /> 
		<appender-ref ref="ASYNC-INFO-APPENDER" />
		<appender-ref ref="ASYNC-WARN-APPENDER" />
		<appender-ref ref="ERROR-APPENDER" />
	</root>
</included>