<?xml version="1.0" encoding="UTF-8"?>
<beans xmlns="http://www.springframework.org/schema/beans"
	xmlns:xsi="http://www.w3.org/2001/XMLSchema-instance"
	xsi:schemaLocation="http://www.springframework.org/schema/beans 
		 http://www.springframework.org/schema/beans/spring-beans-3.0.xsd">

	<!-- redis -->
    <bean id="wesession_redis" class="com.pingan.pafa.redis.RedisFactoryBean">
            <!-- 引用Redis配置 -->
            <property name="configureResource" value="${wesession.redis.config}"></property>
    </bean> 
   
    <bean id="wesessionConfig" class="com.pingan.pafa.stp.wesession.WeSessionConfig">
        <!-- 会话Key名 ,Cookie名-->
        <property name="sessionIdKeyName" value="${wesession.cookie.name}"></property>
        <!-- 超时时间，单位秒 -->
        <property name="cacheExpiresTime" value="${wesession.expiresTime}"></property>
        <!-- 是否使用cookie -->
        <property name="cookieEnable" value="true"></property>
        <!-- cookie是否使用 主域名-->
        <property name="cookieMainDomainEnable" value="true"></property>
    </bean>
   
    <bean id="wesession" class="com.pingan.pafa.stp.wesession.WesessionBean">
        <property name="redis" ref="wesession_redis"></property>
        <property name="configure" ref="wesessionConfig"></property>
    </bean>
   
    <bean id="wesso" class="com.pingan.pafa.stp.wesso.WeSSOBean">
        <property name="appName" value="${papp.name}"></property>
    </bean>
   
    <bean id="wesessionFilter" class="com.pingan.pafa.stp.wesession.filter.WeSessionWebFilter">
        <property name="wesession" ref="wesession"></property>
        <property name="wesso" ref="wesso"></property>
        <!-- Filt 所有请求 -->
        <property name="pattern" value="/**"></property>
    </bean>
   
    <!-- 安全控制Filter -->
    <bean id="authorize_filter" class="com.pingan.pafa.stp.wesession.filter.AuthorizeWebFilter">
        <!-- 安全控制URL列表,Ant风格 --> 
        <property name="patterns">
        	<list>
        		<value>/muser/**</value>
        	</list>
        </property>
        <property name="enabled" value="${wesession.auth.enable:true}"/>
        <property name="errorResponseCode" value="${wesession.auth.err.code}"></property>
        <property name="errorResponseMsg" value="${wesession.auth.err.msg}"></property>
    </bean>  
   
</beans>