<?xml version="1.0" encoding="utf-8" ?>
<beans xmlns="http://www.springframework.org/schema/beans"
	xmlns:xsi="http://www.w3.org/2001/XMLSchema-instance"
	xsi:schemaLocation="http://www.springframework.org/schema/beans 
		 http://www.springframework.org/schema/beans/spring-beans-3.0.xsd ">

   	<!-- 生产者 -->
	<bean id="sample-producer" class="com.pingan.pafa5.support.mq.rocketmq.RocketMQProducerBean" >
		<property name="producerName" value="${sar.name}" />
		<property name="defaultTopic" value="${sample_topic}" />
		<property name="configURL" value="${mq.producer.config}"/>
	</bean>
	
	<!-- 消费容器 -->
	<bean id="sample-consumer-container" class="com.pingan.pafa5.support.mq.rocketmq.RocketMQConsumeContainerBean" >
	  <!-- 消费者名 -->
      <property name="consumerName" value="${sar.name}" />
      <!-- 消费监听者 -->
      <property name="listener" ref="sampleMessageListener"/>
      <property name="configURL" value="${mq.consumer.config}"/>
      <!-- 订阅topic列表 -->
      <property name="subscription">
        <map>
           <entry key="${sample_topic}" value="*" />
        </map>
      </property>
      <!-- 消费容器并发线程数 -->
       <property name="consumeThreads" value="${consumer.thread.size}"></property>
   </bean>
   
</beans>