<?xml version="1.0" encoding="utf-8" ?>
<beans xmlns="http://www.springframework.org/schema/beans"
	xmlns:xsi="http://www.w3.org/2001/XMLSchema-instance"
	xsi:schemaLocation="http://www.springframework.org/schema/beans 
		 http://www.springframework.org/schema/beans/spring-beans-3.0.xsd ">

   <!-- 生产者 -->
	<bean id="sample-producer" class="com.pingan.pafa5.support.mq.kafka.KafkaProducerBean" >
		<!-- 生产者名 -->
		<property name="producerName" value="${sar.name}" />
		<!-- 默认topic -->
		<property name="defaultTopic" value="${sample_topic}" />
		<!-- 生产者配置 -->
		<property name="configURL" value="${mq.producer.config}"></property>
	</bean>
	
	<!-- 消费容器 -->
	<bean id="sample-consumer-container" class="com.pingan.pafa5.support.mq.kafka.KafkaConsumeContainerBean" >
	  <!-- 消费线程数 -->
      <property name="consumerName" value="${sar.name}" />
      <property name="listener" ref="sampleMessageListener"></property>
      <property name="configURL" value="${mq.consumer.config}"></property>
      <!-- 订阅的topic列表 -->
      <property name="subscription">
        <map>
           <entry key="${sample_topic}" value="*" />
        </map>
      </property>
      <!-- 消费者线程数 -->
      <property name="consumeThreads" value="${consumer.thread.size}"></property>
   </bean>
   
</beans>