<?xml version="1.0" encoding="UTF-8"?>
<beans xmlns="http://www.springframework.org/schema/beans"
	xmlns:xsi="http://www.w3.org/2001/XMLSchema-instance" xmlns:aop="http://www.springframework.org/schema/aop"
	xmlns:tx="http://www.springframework.org/schema/tx" xmlns:jdbc="http://www.springframework.org/schema/jdbc"
	xmlns:p="http://www.springframework.org/schema/p"
	xsi:schemaLocation="http://www.springframework.org/schema/beans http://www.springframework.org/schema/beans/spring-beans-3.0.xsd
	  http://www.springframework.org/schema/jdbc http://www.springframework.org/schema/jdbc/spring-jdbc-3.0.xsd
	  http://www.springframework.org/schema/aop http://www.springframework.org/schema/aop/spring-aop-3.0.xsd
      http://www.springframework.org/schema/tx http://www.springframework.org/schema/tx/spring-tx-3.0.xsd">
	
	<!-- Spring Mail -->
	<bean id="mailSender" class="org.springframework.mail.javamail.JavaMailSenderImpl">
		<property name="host" value="10.0.13.65"></property>
		<property name="javaMailProperties">
			<props>
				<prop key="mail.smtp.auth">true</prop>
				<prop key="mail.smtp.timeout">500</prop>
			</props>
		</property>
		<property name="username" value="${MAIL_USER_NAME}" />
		<property name="password" value="${MAIL_USER_PSW}" />
	</bean>
	<!-- SimpleMailMessage 模板 -->
	<bean id="simpleMailMessage" class="org.springframework.mail.SimpleMailMessage">
		<property name="from" value="${MAIL_USER_NAME}" />			
		<property name="subject" value="${MAIL_SUBJECT}" />	
		<property name="text" value="${MAIL_TEXT}" />		
	</bean>
	
	<!-- 定时任务客户端服务类注册. -->
	<bean id="taskInvokeService" class="com.sfpay.task.service.impl.TaskInvokeService"/>
		
	<!-- 定时任务上下文句柄 -->
	<bean  class="com.sfpay.task.util.SpringContextHolder"/>
	
</beans> 

