<?xml version="1.0" encoding="UTF-8"?>
<beans xmlns="http://www.springframework.org/schema/beans"
	xmlns:xsi="http://www.w3.org/2001/XMLSchema-instance" xmlns:aop="http://www.springframework.org/schema/aop"
	xmlns:tx="http://www.springframework.org/schema/tx" xmlns:jdbc="http://www.springframework.org/schema/jdbc"
	xmlns:p="http://www.springframework.org/schema/p"
	xsi:schemaLocation="http://www.springframework.org/schema/beans http://www.springframework.org/schema/beans/spring-beans-3.0.xsd
	  http://www.springframework.org/schema/jdbc http://www.springframework.org/schema/jdbc/spring-jdbc-3.0.xsd
	  http://www.springframework.org/schema/aop http://www.springframework.org/schema/aop/spring-aop-3.0.xsd
      http://www.springframework.org/schema/tx http://www.springframework.org/schema/tx/spring-tx-3.0.xsd">

	<bean id="mqConnectionFactory" class="org.apache.activemq.pool.PooledConnectionFactory">
		<property name="connectionFactory">
			<bean class="org.apache.activemq.ActiveMQConnectionFactory">
				<property name="brokerURL" value="${mq.brokerURL}" />
			</bean>
		</property>
	</bean>

	<!-- 工商银行交易对公指令发送者 -->
	<bean id="ICBCTransPublicSender" class="org.springframework.jms.core.JmsTemplate">
		<property name="connectionFactory" ref="mqConnectionFactory" />
		<property name="defaultDestination" ref="ICBCTransPublicQueue"/>
		<property name="sessionTransacted" value="true"/>
	</bean>
	<!-- 工商银行交易对私指令发送者 -->
	<bean id="ICBCTransPrivateSender" class="org.springframework.jms.core.JmsTemplate">
		<property name="connectionFactory" ref="mqConnectionFactory" />
		<property name="defaultDestination" ref="ICBCTransPrivateQueue"/>
		<property name="sessionTransacted" value="true"/>
	</bean>
	<!-- 工商银行交易代理指令发送者 -->
	<bean id="ICBCTransProxySender" class="org.springframework.jms.core.JmsTemplate">
		<property name="connectionFactory" ref="mqConnectionFactory" />
		<property name="defaultDestination" ref="ICBCTransProxyQueue"/>
		<property name="sessionTransacted" value="true"/>
	</bean>
	
	<!-- 工商银行交易查询对公指令发送者 -->
	<bean id="ICBCQueryPublicSender" class="org.springframework.jms.core.JmsTemplate">
		<property name="connectionFactory" ref="mqConnectionFactory" />
		<property name="defaultDestination" ref="ICBCQueryPublicQueue"/>
		<property name="sessionTransacted" value="true"/>
		<!-- deliveryMode, priority, timeToLive 的开关，要生效，必须配置为true，默认false--> 
		<property name="explicitQosEnabled" value="true" />
		<!-- 设置查询交易超时时间 -->
		<property name="timeToLive" value="${acq.query.timeout}"/>
	</bean>
	<!-- 工商银行交易查询对私指令发送者 -->
	<bean id="ICBCQueryPrivateSender" class="org.springframework.jms.core.JmsTemplate">
		<property name="connectionFactory" ref="mqConnectionFactory" />
		<property name="defaultDestination" ref="ICBCQueryPrivateQueue"/>
		<property name="sessionTransacted" value="true"/>
		<!-- deliveryMode, priority, timeToLive 的开关，要生效，必须配置为true，默认false--> 
		<property name="explicitQosEnabled" value="true" />
		<!-- 设置查询交易超时时间 -->
		<property name="timeToLive" value="${acq.query.timeout}"/>
	</bean>
	<!-- 工商银行交易查询代理指令发送者 -->
	<bean id="ICBCQueryProxySender" class="org.springframework.jms.core.JmsTemplate">
		<property name="connectionFactory" ref="mqConnectionFactory" />
		<property name="defaultDestination" ref="ICBCQueryProxyQueue"/>
		<property name="sessionTransacted" value="true"/>
		<!-- deliveryMode, priority, timeToLive 的开关，要生效，必须配置为true，默认false--> 
		<property name="explicitQosEnabled" value="true" />
		<!-- 设置查询交易超时时间 -->
		<property name="timeToLive" value="${acq.query.timeout}"/>
	</bean>
	
	<!-- 结算中心交易批量指令发送者 -->
	<bean id="SZFSTransBatchSender" class="org.springframework.jms.core.JmsTemplate">
		<property name="connectionFactory" ref="mqConnectionFactory" />
		<property name="defaultDestination" ref="SZFSTransBatchQueue"/>
		<property name="sessionTransacted" value="true"/>
	</bean>
	<!-- 结算中心交易单笔指令发送者 -->
	<bean id="SZFSTransSingleSender" class="org.springframework.jms.core.JmsTemplate">
		<property name="connectionFactory" ref="mqConnectionFactory" />
		<property name="defaultDestination" ref="SZFSTransSingleQueue"/>
		<property name="sessionTransacted" value="true"/>
	</bean>
	<!-- 结算中心交易查询批量指令发送者 -->
	<bean id="SZFSQueryBatchSender" class="org.springframework.jms.core.JmsTemplate">
		<property name="connectionFactory" ref="mqConnectionFactory" />
		<property name="defaultDestination" ref="SZFSQueryBatchQueue"/>
		<property name="sessionTransacted" value="true"/>
		<!-- deliveryMode, priority, timeToLive 的开关，要生效，必须配置为true，默认false--> 
		<property name="explicitQosEnabled" value="true" />
		<!-- 设置查询交易超时时间 -->
		<property name="timeToLive" value="${acq.query.timeout}"/>
	</bean>
	<!-- 结算中心交易查询单笔指令发送者 -->
	<bean id="SZFSQuerySingleSender" class="org.springframework.jms.core.JmsTemplate">
		<property name="connectionFactory" ref="mqConnectionFactory" />
		<property name="defaultDestination" ref="SZFSQuerySingleQueue"/>
		<property name="sessionTransacted" value="true"/>
		<!-- deliveryMode, priority, timeToLive 的开关，要生效，必须配置为true，默认false--> 
		<property name="explicitQosEnabled" value="true" />
		<!-- 设置查询交易超时时间 -->
		<property name="timeToLive" value="${acq.query.timeout}"/>
	</bean>
	
	<!-- 结算中心交易查询单笔指令发送者 -->
	<bean id="payoutResultSender" class="org.springframework.jms.core.JmsTemplate">
		<property name="connectionFactory" ref="mqConnectionFactory" />
		<property name="defaultDestination">
			<bean class="org.apache.activemq.command.ActiveMQQueue">
				<constructor-arg value="${ebank.gw.notice.queue}" />
			</bean>
		</property>
		<property name="sessionTransacted" value="true" />
	</bean>
	
	
	
	
	<!-- 工商银行交易对公指令对列 -->
	<bean id="ICBCTransPublicQueue" class="org.apache.activemq.command.ActiveMQQueue">
		<constructor-arg value="${acq.icbc.trans.public.queue}" />
	</bean>
	<!-- 工商银行交易对私指令对列 -->
	<bean id="ICBCTransPrivateQueue" class="org.apache.activemq.command.ActiveMQQueue">
		<constructor-arg value="${acq.icbc.trans.private.queue}" />
	</bean>
	<!-- 工商银行交易代理指令对列 -->
	<bean id="ICBCTransProxyQueue" class="org.apache.activemq.command.ActiveMQQueue">
		<constructor-arg value="${acq.icbc.trans.proxy.queue}" />
	</bean>
	<!-- 工商银行交易查询对公指令对列 -->
	<bean id="ICBCQueryPublicQueue" class="org.apache.activemq.command.ActiveMQQueue">
		<constructor-arg value="${acq.icbc.query.public.queue}" />
	</bean>
	<!-- 工商银行交易查询对私指令对列 -->
	<bean id="ICBCQueryPrivateQueue" class="org.apache.activemq.command.ActiveMQQueue">
		<constructor-arg value="${acq.icbc.query.private.queue}" />
	</bean>
	<!-- 工商银行交易查询代理指令对列 -->
	<bean id="ICBCQueryProxyQueue" class="org.apache.activemq.command.ActiveMQQueue">
		<constructor-arg value="${acq.icbc.query.proxy.queue}" />
	</bean>
	
	<!-- 结算中心交易批量指令对列 -->
	<bean id="SZFSTransBatchQueue" class="org.apache.activemq.command.ActiveMQQueue">
		<constructor-arg value="${acq.szfs.trans.batch.queue}" />
	</bean>
	<!-- 结算中心交易单笔指令对列 -->
	<bean id="SZFSTransSingleQueue" class="org.apache.activemq.command.ActiveMQQueue">
		<constructor-arg value="${acq.szfs.trans.single.queue}" />
	</bean>
	<!-- 结算中心交易查询批量指令对列 -->
	<bean id="SZFSQueryBatchQueue" class="org.apache.activemq.command.ActiveMQQueue">
		<constructor-arg value="${acq.szfs.query.batch.queue}" />
	</bean>
	<!-- 结算中心交易查询单笔指令对列 -->
	<bean id="SZFSQuerySingleQueue" class="org.apache.activemq.command.ActiveMQQueue">
		<constructor-arg value="${acq.szfs.query.single.queue}" />
	</bean>
	
	
	
</beans>