<?xml version="1.0" encoding="UTF-8"?>
<beans xmlns="http://www.springframework.org/schema/beans"
	xmlns:xsi="http://www.w3.org/2001/XMLSchema-instance" xmlns:aop="http://www.springframework.org/schema/aop"
	xmlns:tx="http://www.springframework.org/schema/tx" xmlns:jdbc="http://www.springframework.org/schema/jdbc"
	xmlns:p="http://www.springframework.org/schema/p"
	xsi:schemaLocation="http://www.springframework.org/schema/beans http://www.springframework.org/schema/beans/spring-beans-3.0.xsd
	  http://www.springframework.org/schema/jdbc http://www.springframework.org/schema/jdbc/spring-jdbc-3.0.xsd
	  http://www.springframework.org/schema/aop http://www.springframework.org/schema/aop/spring-aop-3.0.xsd
      http://www.springframework.org/schema/tx http://www.springframework.org/schema/tx/spring-tx-3.0.xsd">

	<!-- 招行交易对私指令发送者 -->
	<bean id="CMBAgentRequestSender" class="org.springframework.jms.core.JmsTemplate">
		<property name="connectionFactory" ref="mqConnectionFactory" />
		<property name="defaultDestination" ref="CMBAgentRequestQueue"/>
		<property name="sessionTransacted" value="true"/>
	</bean>
	
	<!-- 招行交易明细发送者 -->
	<bean id="CMBGetagentDetailSender" class="org.springframework.jms.core.JmsTemplate">
		<property name="connectionFactory" ref="mqConnectionFactory" />
		<property name="defaultDestination" ref="CMBGetagentDetailQueue"/>
		<property name="sessionTransacted" value="true"/>
	</bean>
	
	
	<bean id="CMBTransPublicSender" class="org.springframework.jms.core.JmsTemplate">
		<property name="connectionFactory" ref="mqConnectionFactory" />
		<property name="defaultDestination" ref="CMBTransPublicQueue"/>
		<property name="sessionTransacted" value="true"/>
	</bean>
	
	<!-- <bean id="CMBTransPrivateSender" class="org.springframework.jms.core.JmsTemplate">
		<property name="connectionFactory" ref="mqConnectionFactory" />
		<property name="defaultDestination" ref="CMBTransPrivateQueue"/>
		<property name="sessionTransacted" value="true"/>
	</bean> -->
	
	<bean id="CMBQueryPublicSender" class="org.springframework.jms.core.JmsTemplate">
		<property name="connectionFactory" ref="mqConnectionFactory" />
		<property name="defaultDestination" ref="CMBQueryPublicQueue"/>
		<property name="sessionTransacted" value="true"/>
		<!-- deliveryMode, priority, timeToLive 的开关，要生效，必须配置为true，默认false--> 
		<property name="explicitQosEnabled" value="true" />
		<!-- 设置查询交易超时时间 -->
		<property name="timeToLive" value="${acq.query.timeout}"/>
	</bean>
	
	<!-- <bean id="CMBQueryPrivateSender" class="org.springframework.jms.core.JmsTemplate">
		<property name="connectionFactory" ref="mqConnectionFactory" />
		<property name="defaultDestination" ref="CMBQueryPrivateQueue"/>
		<property name="sessionTransacted" value="true"/>
		deliveryMode, priority, timeToLive 的开关，要生效，必须配置为true，默认false 
		<property name="explicitQosEnabled" value="true" />
		设置查询交易超时时间
		<property name="timeToLive" value="${acq.query.timeout}"/>
	</bean> -->
	
	
	<!-- 招商交易对私指令对列 -->
	<bean id="CMBAgentRequestQueue" class="org.apache.activemq.command.ActiveMQQueue">
		<constructor-arg value="${acq.cmb.trans.private.batch.queue}" />
	</bean>
	
	<!-- 招行交易明细指令对列 -->
	<bean id="CMBGetagentDetailQueue" class="org.apache.activemq.command.ActiveMQQueue">
		<constructor-arg value="${acq.cmb.query.private.batch.queue}" />
	</bean>
	
	<bean id="CMBTransPublicQueue" class="org.apache.activemq.command.ActiveMQQueue">
		<constructor-arg value="${acq.cmb.trans.public.batch.queue}" />
	</bean>
	
	<!-- <bean id="CMBTransPrivateQueue" class="org.apache.activemq.command.ActiveMQQueue">
		<constructor-arg value="${acq.cmb.trans.private.queue}" />
	</bean> -->
	
	<bean id="CMBQueryPublicQueue" class="org.apache.activemq.command.ActiveMQQueue">
		<constructor-arg value="${acq.cmb.query.public.batch.queue}" />
	</bean>
	
	<!-- <bean id="CMBQueryPrivateQueue" class="org.apache.activemq.command.ActiveMQQueue">
		<constructor-arg value="${acq.cmb.query.private.queue}" />
	</bean> -->
	
</beans>