<?xml version="1.0" encoding="UTF-8"?>
<beans xmlns="http://www.springframework.org/schema/beans"
	xmlns:xsi="http://www.w3.org/2001/XMLSchema-instance" xmlns:aop="http://www.springframework.org/schema/aop"
	xmlns:tx="http://www.springframework.org/schema/tx" xmlns:jdbc="http://www.springframework.org/schema/jdbc"
	xmlns:p="http://www.springframework.org/schema/p"
	xsi:schemaLocation="http://www.springframework.org/schema/beans http://www.springframework.org/schema/beans/spring-beans-3.0.xsd
	  http://www.springframework.org/schema/jdbc http://www.springframework.org/schema/jdbc/spring-jdbc-3.0.xsd
	  http://www.springframework.org/schema/aop http://www.springframework.org/schema/aop/spring-aop-3.0.xsd
      http://www.springframework.org/schema/tx http://www.springframework.org/schema/tx/spring-tx-3.0.xsd">
	
	<bean id="hessianProxyFactoryBean" class="org.springframework.remoting.caucho.HessianProxyFactoryBean" abstract="true">
		<property name="overloadEnabled" value="true"/>
	</bean>
	 <!--调用HR账套信息查询 -->
    <bean name="orgAccountService" parent="hessianProxyFactoryBean">
       <property name="serviceUrl">
			<value>${oms_address}/orgAccountService</value>			
		</property>
       <property name="serviceInterface">
           <value>com.sfpay.organ.service.IOrgAccountService</value>
       </property>
    </bean>
	<!-- oms -->
	<bean name="configruationCenter" parent="hessianProxyFactoryBean">
       <property name="serviceUrl">
			<value>${oms_address}/configruationCenter</value>			
		</property>
       <property name="serviceInterface">
           <value>com.sfpay.pubcenter.service.IConfigruationCenter</value>
       </property>
    </bean>   
    <!-- 调用订单系统调账接口 -->
	<bean name="webRrechargeAdjustService" parent="hessianProxyFactoryBean">
       <property name="serviceUrl">
			<value>${order_address}/webRrechargeAdjustService</value>			
		</property>
       <property name="serviceInterface">
           <value>com.sfpay.product.service.IWebRrechargeAdjustService</value>
       </property>
    </bean>
    
     <!-- 调用订单系统调账接口 -->
	<bean name="webOutPayService" parent="hessianProxyFactoryBean">
       <property name="serviceUrl">
			<value>${order_address}/webOutPayService</value>			
		</property>
       <property name="serviceInterface">
           <value>com.sfpay.product.service.IWebOutPayService</value>
       </property>
    </bean>
    
     <!-- 调用COD接口 -->
    <bean name="payApplyInfoService" parent="hessianProxyFactoryBean">
       <property name="serviceUrl">
			<value>${cod_address}/payApplyInfoService</value>			
		</property>
       <property name="serviceInterface">
           <value>com.sfpay.cod.service.IPayApplyInfoService</value>
       </property>
    </bean>
    <!-- 调用PAS接口 -->
    <bean name="lendingService" parent="hessianProxyFactoryBean">
       <property name="serviceUrl">
			<value>${pas_address}/lendingService</value>			
		</property>
       <property name="serviceInterface">
           <value>com.sfpay.pas.service.ILendingService</value>
       </property>
    </bean>
    
    <bean name="szfsService" parent="hessianProxyFactoryBean">
       <property name="serviceUrl">
			<value>${szfs_b2e_address}/szfsService</value>			
		</property>
       <property name="serviceInterface">
           <value>com.sfpay.acquirer.gate.b2e.service.IBankService</value>
       </property>
    </bean>
    
    <!-- 调用GATYWAY接口 -->
	<bean name="settleService" parent="hessianProxyFactoryBean">
       <property name="serviceUrl">
			<value>${gateway_address}/settleService</value>			
		</property>
       <property name="serviceInterface">
           <value>com.sfpay.gateway.service.ISettleService</value>
       </property>
    </bean>
    
    <!-- 调用小订单申请付款接口 -->
	<bean name="bankPayService" parent="hessianProxyFactoryBean">
       <property name="serviceUrl">
			<value>${platform_order_address}/bankPayService</value>			
		</property>
       <property name="serviceInterface">
           <value>com.sfpay.coreplatform.order.service.IBankPayService</value>
       </property>
    </bean>
    
    <!-- 调用小订单查询接口 -->
	<bean name="orderQueryService" parent="hessianProxyFactoryBean">
       <property name="serviceUrl">
			<value>${platform_order_address}/orderQueryService</value>			
		</property>
       <property name="serviceInterface">
           <value>com.sfpay.coreplatform.order.service.IOrderQueryService</value>
       </property>
    </bean>
    
    <!-- 调用小订单更新接口 -->
	<bean name="orderUpdateService" parent="hessianProxyFactoryBean">
       <property name="serviceUrl">
			<value>${platform_order_address}/orderUpdateService</value>			
		</property>
       <property name="serviceInterface">
           <value>com.sfpay.coreplatform.order.service.IOrderUpdateService</value>
       </property>
    </bean>
    
</beans> 

