<?xml version="1.0" encoding="UTF-8"?>
<beans xmlns="http://www.springframework.org/schema/beans"
	xmlns:remote="http://www.sf-pay.com/schema/remote"
	xmlns:xsi="http://www.w3.org/2001/XMLSchema-instance" xmlns:aop="http://www.springframework.org/schema/aop"
	xmlns:context="http://www.springframework.org/schema/context" xmlns:p="http://www.springframework.org/schema/p"
	xmlns:dubbo="http://code.alibabatech.com/schema/dubbo"
	xsi:schemaLocation="http://www.springframework.org/schema/context http://www.springframework.org/schema/context/spring-context-3.0.xsd          
      http://www.springframework.org/schema/beans http://www.springframework.org/schema/beans/spring-beans-3.0.xsd 
      http://www.springframework.org/schema/aop http://www.springframework.org/schema/aop/spring-aop-3.0.xsd
      http://www.sf-pay.com/schema/remote http://www.sf-pay.com/schema/remote/framework2-remote.xsd
      http://code.alibabatech.com/schema/dubbo http://code.alibabatech.com/schema/dubbo/dubbo.xsd">

	<bean id="propertyConfigurer"
       class="com.sfpay.framework.config.properties.PropertyPlaceholderConfigurer">
       <property name="locations">
           <list>
              <value>classpath:${profile.properties}/*.properties</value>
           </list>
       </property>
    </bean>
    
	<import resource="classpath:beans/beans-resource.xml"/>
	<!-- hessian调用配置 -->
	<import resource="classpath:beans/hessian-client.xml"/>
	<!-- 任务调度 -->
	<import resource="classpath:beans/beans-quartz.xml"/>
	<!-- MQ -->
	<import resource="classpath:beans/beans-mq.xml"/>
	<!-- 招行mq -->
	<import resource="classpath:beans/beans-cmb-mq.xml"/>
	<!-- 自动扫描了所有的XxxxMapper.java,这样就不用一个一个手动配置Mpper的映射了,只要Mapper接口类和Mapper映射文件对应起来就可以了. -->
	<bean class="org.mybatis.spring.mapper.MapperScannerConfigurer">
		<property name="basePackage" value="com.sfpay.acquirer.dao" />
	</bean>

	<!-- 扫描指定package下所有带有如@controller,@services,@resource,并把所注释的注册为Spring Beans -->
	<context:component-scan base-package="com.sfpay.acquirer">
		<!-- 扫描所有自定义注解,执行解析并注册为Spring Beans.Ricky Fu -->
		<context:include-filter type="custom" expression="com.sfpay.acquirer.gate.BankMetaFilter" />
	</context:component-scan>
	
	<bean class="com.sfpay.module.schedule.client.service.util.SpringContextHolder" lazy-init="false" />
<!-- 扫描新高度任务客户端 -->
	<context:component-scan  base-package="com.sfpay.module.schedule.client.service"/>
	
	
	<!-- 配置系统应用名称 -->
	<dubbo:application name="acquirer" />
	<!-- 通过注册中心发现监控中心服务 -->
	<dubbo:monitor protocol="registry" />
	<!-- 配置注册中心地址 -->
	<dubbo:registry protocol="zookeeper" address="${ZOOKEEPER_ADDRESS}" />
	<!-- 配置服务发布方式（Dubbo 支持多种协议发布，Hessian只是其中的一种） -->
	<dubbo:protocol name="hessian" port="${APPLICATION_PORT}" server="servlet" contextpath="acquirer/dubbo" />
	<!-- 超时时间配置20s -->
	<dubbo:provider timeout="20000" />
	
	<!-- 发布hessian服务和引入其它服务 -->
	<remote:hessian app-name="acquirer">
    	<remote:service beans-package="com.sfpay.**.service" bean-name-prefix="/" frame-switch="dubbo">
			<remote:interceptors>
				<list>
				  <ref bean="hessianServiceLogInterceptor" />
				</list>
			</remote:interceptors>
		</remote:service>
		<!-- 客户端 -->
		<remote:reference>
			<remote:servers>
				<remote:server address="${platform_order_address}">
				  <remote:proxies><!--  done bad debit  -->
				  	<remote:proxy bean-name="compositePayService" interface-name="com.sfpay.coreplatform.order.service.ICompositePayService" />
				  </remote:proxies>	
				</remote:server>
				<remote:server address="${sypay_address}">
				  <remote:proxies><!-- freeze the payeeacctno  -->
				  	<remote:proxy bean-name="sypayAccountFreezeService" interface-name="com.sfpay.sypay.member.service.ISypayAccountFreezeService" />
				  </remote:proxies>	
				</remote:server>
				<remote:server address="${cmb_b2e_address}">
				  <remote:proxies>
				  	<remote:proxy bean-name="cmbService" interface-name="com.sfpay.acquirer.gate.b2e.service.IBankService" />
				  </remote:proxies>	
				</remote:server>
				<remote:server address="${icbc_b2e_address}">
				  <remote:proxies>
				  	<remote:proxy bean-name="bankService" interface-name="com.sfpay.acquirer.gate.b2e.service.IBankService" />
				  </remote:proxies>	
				</remote:server>
				<remote:server address="${ebank-gw}">
				  <remote:proxies>
				  	<remote:proxy bean-name="payoutSAO" interface-name="com.sfpay.ebank.gw.IPayoutSAO" />
				  </remote:proxies>	
				</remote:server>
			</remote:servers>
			<remote:interceptors>
				<list>
				  <bean class="com.sfpay.framework2.remote.caucho.client.HessianClientLogInterceptor" />
				</list>
			</remote:interceptors>
		</remote:reference>
    </remote:hessian>
    <bean id="hessianServiceLogInterceptor" class="com.sfpay.framework2.remote.caucho.server.HessianServiceLogInterceptor" />
	
</beans> 

