<?xml version="1.0" encoding="UTF-8" ?>
<!DOCTYPE generatorConfiguration PUBLIC "-//mybatis.org//DTD MyBatis Generator Configuration 1.0//EN"
        "http://mybatis.org/dtd/mybatis-generator-config_1_0.dtd" >
<generatorConfiguration>

    <context id="application-center-service" targetRuntime="MyBatis3"
             defaultModelType="flat">
        <property name="javaFileEncoding" value="UTF-8"/>

        <plugin type="com.dashuf.merlin.mybatis.generator.plugin.RenameFileNamePlugin">
            <property name="searchString" value="T_"/>
            <property name="replaceString" value=""/>
            <property name="prefix" value=""/>
            <property name="suffix" value="Mapper.xml"/>
        </plugin>

        <plugin type="com.dashuf.merlin.mybatis.generator.plugin.AddAnnotationsAndImportsPlugin">
            <property name="imports"
                      value="org.apache.ibatis.annotations.Mapper,java.util.List,org.apache.ibatis.annotations.Param"/>
            <property name="annotations" value="@Mapper"/>
        </plugin>

        <plugin type="com.dashuf.merlin.mybatis.generator.plugin.CountByModelSelectivePlugin"/>
        <plugin type="com.dashuf.merlin.mybatis.generator.plugin.DeleteByModelSelectivePlugin"/>
        <plugin type="com.dashuf.merlin.mybatis.generator.plugin.UpdateByModelSelectivePlugin"/>
        <plugin type="com.dashuf.merlin.mybatis.generator.plugin.DynamicModelSqlPlugin"/>
        <plugin type="com.dashuf.merlin.mybatis.generator.plugin.BaseColumnListWithPrefixPlugin"/>
        <plugin type="com.dashuf.merlin.mybatis.generator.plugin.SelectByModelSelectivePlugin"/>
        <plugin type="org.mybatis.generator.plugins.ToStringPlugin"/>
        <plugin type="com.dashuf.merlin.mybatis.generator.plugin.BatchInsertPlugin"/>
        <plugin type="com.dashuf.merlin.mybatis.generator.plugin.SelectOneByModelSelectivePlugin"/>
        <commentGenerator>
            <property name="suppressDate" value="true"/>
            <!-- 是否去除自动生成的注释 true：是 ： false:否 -->
            <property name="suppressAllComments" value="false"/>
            <property name="addRemarkComments" value="true"/>
        </commentGenerator>

        <!--数据库链接URL，用户名、密码 -->
        <jdbcConnection driverClass="com.mysql.jdbc.Driver"
                        connectionURL="jdbc:mysql://10.20.16.9:6100/dpbs?useUnicode=yes&amp;characterEncoding=UTF8&amp;useSSL=false"
                        userId="deployop" password="Kkccf#24kk">
        </jdbcConnection>
        <javaTypeResolver>
            <property name="forceBigDecimals" value="true"/>
        </javaTypeResolver>

        <!-- 生成模型的包名和位置 -->
        <javaModelGenerator targetPackage="com.dashuf.dpbs.model"
                            targetProject="src/main/java">
            <property name="enableSubPackages" value="true"/>
            <property name="trimStrings" value="true"/>
        </javaModelGenerator>
        <!-- 生成映射文件的包名和位置 -->
        <sqlMapGenerator targetPackage="mapper"
                         targetProject="src/main/resources">
            <property name="enableSubPackages" value="true"/>
        </sqlMapGenerator>
        <!-- 生成DAO的包名和位置 -->
        <javaClientGenerator type="XMLMAPPER"
                             targetPackage="com.dashuf.dpbs.mapper" targetProject="src/main/java">
            <property name="enableSubPackages" value="true"/>
        </javaClientGenerator>

	   <!-- 
        <table tableName="change_log" domainObjectName="ChangeLog"
               enableCountByExample="false" enableUpdateByExample="false"
               enableDeleteByExample="false" enableSelectByExample="false"
               selectByExampleQueryId="false">
            <property name="ignoreQualifiersAtRuntime" value="true"/>
            <generatedKey column="id" sqlStatement="MySql" identity="true"/>
        </table>
		
		<table tableName="client_info" domainObjectName="ClientInfo"
               enableCountByExample="false" enableUpdateByExample="false"
               enableDeleteByExample="false" enableSelectByExample="false"
               selectByExampleQueryId="false">
            <property name="ignoreQualifiersAtRuntime" value="true"/>
            <generatedKey column="id" sqlStatement="MySql" identity="true"/>
        </table>

        <table tableName="info_entry" domainObjectName="InfoEntry"
               enableCountByExample="false" enableUpdateByExample="false"
               enableDeleteByExample="false" enableSelectByExample="false"
               selectByExampleQueryId="false">
            <property name="ignoreQualifiersAtRuntime" value="true"/>
            <generatedKey column="id" sqlStatement="MySql" identity="true"/>
        </table>

        <table tableName="lawsuit_info" domainObjectName="LawsuitInfo"
               enableCountByExample="false" enableUpdateByExample="false"
               enableDeleteByExample="false" enableSelectByExample="false"
               selectByExampleQueryId="false">
            <property name="ignoreQualifiersAtRuntime" value="true"/>
            <generatedKey column="id" sqlStatement="MySql" identity="true"/>
        </table>
        
        <table tableName="page_redirect" domainObjectName="PageRedirect"
               enableCountByExample="false" enableUpdateByExample="false"
               enableDeleteByExample="false" enableSelectByExample="false"
               selectByExampleQueryId="false">
            <property name="ignoreQualifiersAtRuntime" value="true"/>
            <generatedKey column="id" sqlStatement="MySql" identity="true"/>
        </table>
        
        <table tableName="poster_info" domainObjectName="PosterInfo"
               enableCountByExample="false" enableUpdateByExample="false"
               enableDeleteByExample="false" enableSelectByExample="false"
               selectByExampleQueryId="false">
            <property name="ignoreQualifiersAtRuntime" value="true"/>
            <generatedKey column="id" sqlStatement="MySql" identity="true"/>
        </table>
        
        <table tableName="push_msg" domainObjectName="PushMsg"
               enableCountByExample="false" enableUpdateByExample="false"
               enableDeleteByExample="false" enableSelectByExample="false"
               selectByExampleQueryId="false">
            <property name="ignoreQualifiersAtRuntime" value="true"/>
            <generatedKey column="id" sqlStatement="MySql" identity="true"/>
        </table>
        
        <table tableName="push_msg_log" domainObjectName="PushMsgLog"
               enableCountByExample="false" enableUpdateByExample="false"
               enableDeleteByExample="false" enableSelectByExample="false"
               selectByExampleQueryId="false">
            <property name="ignoreQualifiersAtRuntime" value="true"/>
            <generatedKey column="id" sqlStatement="MySql" identity="true"/>
        </table>
        
        <table tableName="step_ref_log" domainObjectName="StepRefLog"
               enableCountByExample="false" enableUpdateByExample="false"
               enableDeleteByExample="false" enableSelectByExample="false"
               selectByExampleQueryId="false">
            <property name="ignoreQualifiersAtRuntime" value="true"/>
            <generatedKey column="id" sqlStatement="MySql" identity="true"/>
        </table>
        
        <table tableName="sys_area_info" domainObjectName="SysAreaInfo"
               enableCountByExample="false" enableUpdateByExample="false"
               enableDeleteByExample="false" enableSelectByExample="false"
               selectByExampleQueryId="false">
            <property name="ignoreQualifiersAtRuntime" value="true"/>
            <generatedKey column="id" sqlStatement="MySql" identity="true"/>
        </table>
        
        <table tableName="sys_conf" domainObjectName="SysConf"
               enableCountByExample="false" enableUpdateByExample="false"
               enableDeleteByExample="false" enableSelectByExample="false"
               selectByExampleQueryId="false">
            <property name="ignoreQualifiersAtRuntime" value="true"/>
            <generatedKey column="id" sqlStatement="MySql" identity="true"/>
        </table>
        
        <table tableName="sys_dict" domainObjectName="SysDict"
               enableCountByExample="false" enableUpdateByExample="false"
               enableDeleteByExample="false" enableSelectByExample="false"
               selectByExampleQueryId="false">
            <property name="ignoreQualifiersAtRuntime" value="true"/>
            <generatedKey column="id" sqlStatement="MySql" identity="true"/>
        </table>
        
        <table tableName="user_info" domainObjectName="UserInfo"
               enableCountByExample="false" enableUpdateByExample="false"
               enableDeleteByExample="false" enableSelectByExample="false"
               selectByExampleQueryId="false">
            <property name="ignoreQualifiersAtRuntime" value="true"/>
            <generatedKey column="id" sqlStatement="MySql" identity="true"/>
        </table>

        <table tableName="notice_info" domainObjectName="NoticeInfo"
               enableCountByExample="false" enableUpdateByExample="false"
               enableDeleteByExample="false" enableSelectByExample="false"
               selectByExampleQueryId="false">
            <property name="ignoreQualifiersAtRuntime" value="true"/>
            <generatedKey column="id" sqlStatement="MySql" identity="true"/>
        </table>
        
        <table tableName="credit_supply_info" domainObjectName="CreditSupplyInfo"
               enableCountByExample="false" enableUpdateByExample="false"
               enableDeleteByExample="false" enableSelectByExample="false"
               selectByExampleQueryId="false">
            <property name="ignoreQualifiersAtRuntime" value="true"/>
            <generatedKey column="id" sqlStatement="MySql" identity="true"/>
        </table>
        
        <table tableName="house_info" domainObjectName="HouseInfo"
               enableCountByExample="false" enableUpdateByExample="false"
               enableDeleteByExample="false" enableSelectByExample="false"
               selectByExampleQueryId="false">
            <property name="ignoreQualifiersAtRuntime" value="true"/>
            <generatedKey column="id" sqlStatement="MySql" identity="true"/>
        </table>
        
        <table tableName="insurance_info" domainObjectName="InsuranceInfo"
               enableCountByExample="false" enableUpdateByExample="false"
               enableDeleteByExample="false" enableSelectByExample="false"
               selectByExampleQueryId="false">
            <property name="ignoreQualifiersAtRuntime" value="true"/>
            <generatedKey column="id" sqlStatement="MySql" identity="true"/>
        </table>

        <table tableName="qr_code_info" domainObjectName="QrCodeInfo"
               enableCountByExample="false" enableUpdateByExample="false"
               enableDeleteByExample="false" enableSelectByExample="false"
               selectByExampleQueryId="false">
            <property name="ignoreQualifiersAtRuntime" value="true"/>
            <generatedKey column="id" sqlStatement="MySql" identity="true"/>
        </table>

        <table tableName="push_order_log" domainObjectName="PushOrderLog"
               enableCountByExample="false" enableUpdateByExample="false"
               enableDeleteByExample="false" enableSelectByExample="false"
               selectByExampleQueryId="false">
            <property name="ignoreQualifiersAtRuntime" value="true"/>
            <generatedKey column="id" sqlStatement="MySql" identity="true"/>
        </table>

        <table tableName="loan_status_map" domainObjectName="LoanStatusMap"
               enableCountByExample="false" enableUpdateByExample="false"
               enableDeleteByExample="false" enableSelectByExample="false"
               selectByExampleQueryId="false">
            <property name="ignoreQualifiersAtRuntime" value="true"/>
            <generatedKey column="id" sqlStatement="MySql" identity="true"/>
        </table>

        <table tableName="push_msg_log" domainObjectName="PushMsgLog"
               enableCountByExample="false" enableUpdateByExample="false"
               enableDeleteByExample="false" enableSelectByExample="false"
               selectByExampleQueryId="false">
            <property name="ignoreQualifiersAtRuntime" value="true"/>
            <generatedKey column="id" sqlStatement="MySql" identity="true"/>
        </table>

        <table tableName="push_msg_form" domainObjectName="PushMsgForm"
               enableCountByExample="false" enableUpdateByExample="false"
               enableDeleteByExample="false" enableSelectByExample="false"
               selectByExampleQueryId="false">
            <property name="ignoreQualifiersAtRuntime" value="true"/>
            <generatedKey column="id" sqlStatement="MySql" identity="true"/>
        </table>

        <table tableName="info_entry" domainObjectName="InfoEntry"
               enableCountByExample="false" enableUpdateByExample="false"
               enableDeleteByExample="false" enableSelectByExample="false"
               selectByExampleQueryId="false">
            <property name="ignoreQualifiersAtRuntime" value="true"/>
            <generatedKey column="id" sqlStatement="MySql" identity="true"/>
        </table>-->

        <table tableName="push_loan" domainObjectName="PushLoan"
               enableCountByExample="false" enableUpdateByExample="false"
               enableDeleteByExample="false" enableSelectByExample="false"
               selectByExampleQueryId="false">
            <property name="ignoreQualifiersAtRuntime" value="true"/>
            <generatedKey column="id" sqlStatement="MySql" identity="true"/>
        </table>
    </context>
</generatorConfiguration>