<?xml version="1.0" encoding="UTF-8"?>
<!DOCTYPE sqlMap PUBLIC "-//iBATIS.com//DTD SQL Map 2.0//EN"
        "http://www.ibatis.com/dtd/sql-map-2.dtd">
<sqlMap>
  

  <typeAlias alias="stuDTO" type="com.pingan.pafa5.tutorial.dtos.StuDTO"></typeAlias>
    
   
   <select id="stu.getById"  parameterClass="string" resultClass="stuDTO">
	    select  id,name from pafa5_sample_stu 
	    where id = #value#
   </select>
   
	<insert id="stu.add" parameterClass="map" >
	    insert into pafa5_sample_stu (id,name)
	    values (#id#, #name#)
	</insert>
	
	<insert id="stu.updateName" parameterClass="map" >
	    update pafa5_sample_stu set name=#name# where id=#id#
	</insert>
   
   <delete id="stu.delById" parameterClass="string">
		delete from pafa5_sample_stu where id = #id#
   </delete>
   
</sqlMap>
