<?xml version="1.0" encoding="UTF-8" ?>
<!DOCTYPE mapper PUBLIC "-//mybatis.org//DTD Mapper 3.0//EN" "http://mybatis.org/dtd/mybatis-3-mapper.dtd" >
<mapper namespace="com.sfpay.bill.dao.AlipayBillDetailDao" >

  <!-- 字段映射  -->
  <resultMap id="BaseResultMap" type="com.sfpay.bill.domain.AlipayBillDetail" >
  
   	<id column="ID" property="id" jdbcType="NUMERIC" /> 
    <result column="ALIPAY_TRADE_NO" property="alipayTradeNo" jdbcType="VARCHAR" />
    <result column="CHANNEL_MCH_ID" property="channelMchId" jdbcType="VARCHAR" />
    <result column="MCH_ORDER_NO" property="mchOrderNo" jdbcType="VARCHAR" />
    <result column="TRADE_TIME" property="tradeTime" jdbcType="VARCHAR" />
    <result column="BUSINESS_TYPE" property="businessType" jdbcType="VARCHAR" />
    <result column="GOODS_NAME" property="goodsName" jdbcType="VARCHAR" />
    <result column="TRADE_START_TIME" property="tradeStartTime" jdbcType="VARCHAR" />
    <result column="TRADE_END_TIME" property="tradeEndTime" jdbcType="VARCHAR" />
    <result column="STORE_NO" property="storeNo" jdbcType="VARCHAR" />
    <result column="STORE_NAME" property="storeName" jdbcType="VARCHAR" />
    <result column="OPERATOR" property="operator" jdbcType="VARCHAR" />
    <result column="TERMINAL" property="terminal" jdbcType="VARCHAR" />
    <result column="OPPOSITE_ACCOUNT" property="oppositeAccount" jdbcType="VARCHAR" />
    <result column="ORDER_AMT" property="orderAmt" jdbcType="NUMERIC" />
    <result column="ACTURAL_AMOUNT" property="acturalAmount" jdbcType="NUMERIC" />
    <result column="ALIPAY_REDPACK_AMOUNT" property="alipayRedpackAmount" jdbcType="NUMERIC" />
    <result column="PACK_CREDIT_AMOUNT" property="packCreditAmount" jdbcType="NUMERIC" />
    <result column="ALIPAY_DISCOUNT_AMOUNT" property="alipayDiscountAmount" jdbcType="NUMERIC" />
    <result column="MCH_DISCOUNT_AMOUNT" property="mchDiscountAmount" jdbcType="NUMERIC" />
    <result column="COUPON_AMOUNT" property="couponAmount" jdbcType="NUMERIC" />
    <result column="COUPON_NAME" property="couponName" jdbcType="VARCHAR" />
    <result column="MCH_REDPACK_USE_AMOUNT" property="mchRedpackUseAmount" jdbcType="NUMERIC" />
    <result column="CARD_AMOUNT" property="cardAmount" jdbcType="NUMERIC" />
    <result column="REFUND_NO" property="refundNo" jdbcType="VARCHAR" />
    <result column="SERVICE_FEE" property="serviceFee" jdbcType="NUMERIC" />
    <result column="SHARE_BENEFIT" property="shareBenefit" jdbcType="NUMERIC" />
    <result column="CREATE_DATE" property="createDate" jdbcType="TIMESTAMP" />
    <result column="UPDATE_DATE" property="updateDate" jdbcType="TIMESTAMP" />
    <result column="REMARK" property="remark" jdbcType="VARCHAR" />
  
  </resultMap>
  
  <!-- 共用sql -->
  <sql id="Base_Column_List" >
     ID,ALIPAY_TRADE_NO,CHANNEL_MCH_ID,MCH_ORDER_NO,TRADE_TIME,BUSINESS_TYPE,GOODS_NAME,TRADE_START_TIME,TRADE_END_TIME,STORE_NO,
     STORE_NAME,OPERATOR,TERMINAL,OPPOSITE_ACCOUNT,ORDER_AMT,ACTURAL_AMOUNT,ALIPAY_REDPACK_AMOUNT,PACK_CREDIT_AMOUNT,
     ALIPAY_DISCOUNT_AMOUNT,MCH_DISCOUNT_AMOUNT,COUPON_AMOUNT,COUPON_NAME,MCH_REDPACK_USE_AMOUNT,CARD_AMOUNT,REFUND_NO,
     SERVICE_FEE,SHARE_BENEFIT,CREATE_DATE,UPDATE_DATE,REMARK
  </sql>
  
  <!-- 根据支付宝商户号、账单日期、商户订单号查询记录 -->
  <select id="findByChannelMchIdAndMchOrderNo" resultMap="BaseResultMap">
  	SELECT <include refid="Base_Column_List" /> FROM UPC_ALIPAY_BILL_DETAIL
  	WHERE TRADE_TIME = #{tradeTime, jdbcType=VARCHAR} AND CHANNEL_MCH_ID = #{channelMchId, jdbcType=VARCHAR} 
  	AND BUSINESS_TYPE = #{tradeType, jdbcType=VARCHAR} 
  	<if test="tradeType == 'PAY'">
  		AND MCH_ORDER_NO = #{mchOrderNo, jdbcType=VARCHAR}
  	</if>
  	<if test="tradeType == 'REFUND'">
  		AND REFUND_NO = #{mchOrderNo, jdbcType=VARCHAR}
  	</if>
  </select>
  
  <!-- 插入操作 -->
  <insert id="saveAlipayBillDetail" parameterType="com.sfpay.bill.domain.AlipayBillDetail">
    INSERT INTO UPC_ALIPAY_BILL_DETAIL (ID,ALIPAY_TRADE_NO,CHANNEL_MCH_ID,MCH_ORDER_NO,TRADE_TIME,BUSINESS_TYPE,GOODS_NAME,TRADE_START_TIME,
    TRADE_END_TIME,STORE_NO,STORE_NAME,OPERATOR,TERMINAL,OPPOSITE_ACCOUNT,ORDER_AMT,ACTURAL_AMOUNT,ALIPAY_REDPACK_AMOUNT,PACK_CREDIT_AMOUNT,
    ALIPAY_DISCOUNT_AMOUNT,MCH_DISCOUNT_AMOUNT,COUPON_AMOUNT,COUPON_NAME,MCH_REDPACK_USE_AMOUNT,CARD_AMOUNT,REFUND_NO,
    SERVICE_FEE,SHARE_BENEFIT,CREATE_DATE,UPDATE_DATE,REMARK)
    VALUES (
			SEQ_UPC_ALIPAY_BILL_DETAIL.NEXTVAL,
	 		#{alipayTradeNo,jdbcType=VARCHAR},
	 		#{channelMchId,jdbcType=VARCHAR},
	 		#{mchOrderNo,jdbcType=VARCHAR},
	 		#{tradeTime,jdbcType=VARCHAR},
	 		#{businessType,jdbcType=VARCHAR},
	 		#{goodsName,jdbcType=VARCHAR},
	 		#{tradeStartTime,jdbcType=VARCHAR},
	 		#{tradeEndTime,jdbcType=VARCHAR},
	 		#{storeNo,jdbcType=VARCHAR},
	 		#{storeName,jdbcType=VARCHAR},
	 		#{operator,jdbcType=VARCHAR},
	 		#{terminal,jdbcType=VARCHAR},
	 		#{oppositeAccount,jdbcType=VARCHAR},
	 		#{orderAmt,jdbcType=NUMERIC},
	 		#{acturalAmount,jdbcType=NUMERIC},
	 		#{alipayRedpackAmount,jdbcType=NUMERIC},
	 		#{packCreditAmount,jdbcType=NUMERIC},
	 		#{alipayDiscountAmount,jdbcType=NUMERIC},
	 		#{mchDiscountAmount,jdbcType=NUMERIC},
	 		#{couponAmount,jdbcType=NUMERIC},
	 		#{couponName,jdbcType=VARCHAR},
	 		#{mchRedpackUseAmount,jdbcType=NUMERIC},
	 		#{cardAmount,jdbcType=NUMERIC},
	 		#{refundNo,jdbcType=VARCHAR},
	 		#{serviceFee,jdbcType=NUMERIC},
	 		#{shareBenefit,jdbcType=NUMERIC},
	 		SYSTIMESTAMP,
	 		null,
			#{remark,jdbcType=VARCHAR}
     )
  </insert>
 
</mapper>