<?xml version="1.0" encoding="UTF-8" ?>
<!DOCTYPE mapper PUBLIC "-//mybatis.org//DTD Mapper 3.0//EN" "http://mybatis.org/dtd/mybatis-3-mapper.dtd" >
<mapper namespace="com.sfpay.bill.dao.AllChannelBillSummaryDao" >

  <!-- 字段映射  -->
  <resultMap id="BaseResultMap" type="com.sfpay.bill.domain.AllChannelBillSummary" >
  
   	<id column="ID" property="id" jdbcType="NUMERIC" /> 
    <result column="TRADE_TIME" property="tradeTime" jdbcType="VARCHAR" />
    <result column="CHANNEL_CODE" property="channelCode" jdbcType="VARCHAR" />
    <result column="SFPAY_MCH_ID" property="sfpayMchId" jdbcType="VARCHAR" />
    <result column="CHANNEL_MCH_ID" property="channelMchId" jdbcType="VARCHAR" />
    <result column="TOTAL_COUNT" property="totalCount" jdbcType="NUMERIC" />
    <result column="TRADE_AMOUNT" property="tradeAmount" jdbcType="NUMERIC" />
    <result column="REFUND_AMOUNT" property="refundAmount" jdbcType="NUMERIC" />
    <result column="FEE_AMOUNT" property="feeAmount" jdbcType="NUMERIC" />
    <result column="DISCOUNT_AMOUNT" property="discountAmount" jdbcType="NUMERIC" />
    <result column="CREATE_DATE" property="createDate" jdbcType="TIMESTAMP" />
    <result column="UPDATE_DATE" property="updateDate" jdbcType="TIMESTAMP" />
  
  </resultMap>
  
  <!-- 共用sql -->
  <sql id="Base_Column_List" >
     ID,TRADE_TIME,CHANNEL_CODE,SFPAY_MCH_ID,TOTAL_COUNT,CHANNEL_MCH_ID,TRADE_AMOUNT,REFUND_AMOUNT,FEE_AMOUNT,DISCOUNT_AMOUNT,CREATE_DATE,UPDATE_DATE
  </sql>

  <!-- 查询 -->  
  <select id="findAllChannelBillSummaryById" resultMap="BaseResultMap" parameterType="long" >
   	select 
    <include refid="Base_Column_List" />
    from UPC_ALL_BILL_SUMMARY
    where ID=#{id}
  </select>
  
  <!-- 根据渠道商户号、账单日期查询查询记录 -->
  <select id="findSummaryByChaMchIdAndDate" resultMap="BaseResultMap" parameterType="long" >
   	SELECT 
    <include refid="Base_Column_List" />
    FROM UPC_ALL_BILL_SUMMARY
    WHERE CHANNEL_MCH_ID = #{channelMchId} AND TRADE_TIME = #{tradeTime} AND CHANNEL_CODE = #{channelCode}
  </select>
  
  
  <!-- 插入操作 -->
  <insert id="saveAllChannelBillSummary" parameterType="com.sfpay.bill.domain.AllChannelBillSummary">
  	<selectKey keyProperty="id" resultType="Long" order="BEFORE">
		select  SEQ_UPC_ALL_BILL_SUMMARY.NEXTVAL from dual
	</selectKey>
    insert into UPC_ALL_BILL_SUMMARY (ID,TRADE_TIME,CHANNEL_CODE,SFPAY_MCH_ID,CHANNEL_MCH_ID,TOTAL_COUNT,TRADE_AMOUNT,REFUND_AMOUNT,FEE_AMOUNT,DISCOUNT_AMOUNT,CREATE_DATE)
    values (
	 		#{id,jdbcType=NUMERIC},
	 		#{tradeTime,jdbcType=VARCHAR},
	 		#{channelCode,jdbcType=VARCHAR},
	 		#{sfpayMchId,jdbcType=VARCHAR},
	 		#{channelMchId,jdbcType=VARCHAR},
	 		#{totalCount,jdbcType=NUMERIC},
	 		#{tradeAmount,jdbcType=NUMERIC},
	 		#{refundAmount,jdbcType=NUMERIC},
	 		#{feeAmount,jdbcType=NUMERIC},
	 		#{discountAmount,jdbcType=NUMERIC},
	 		SYSTIMESTAMP
     )
  </insert>
  
 
  <!-- 更新 -->
  <update id="updateAllChannelBillSummaryById" parameterType="com.sfpay.bill.domain.AllChannelBillSummary" >
    update UPC_ALL_BILL_SUMMARY
    <set>
	     	 <if test="id != null and id !=''">
			     	 ID = #{id,jdbcType=NUMERIC},
		     </if>
	     	 <if test="tradeTime != null and tradeTime !=''">
			     	 TRADE_TIME = #{tradeTime,jdbcType=VARCHAR},
		     </if>
	     	 <if test="channelCode != null and channelCode !=''">
			     	 CHANNEL_CODE = #{channelCode,jdbcType=VARCHAR},
		     </if>
	     	 <if test="sfpayMchId != null and sfpayMchId !=''">
			     	 SFPAY_MCH_ID = #{sfpayMchId,jdbcType=VARCHAR},
		     </if>
	     	 <if test="channelMchId != null and channelMchId !=''">
			     	 CHANNEL_MCH_ID = #{channelMchId,jdbcType=VARCHAR},
		     </if>
	     	 <if test="tradeAmount != null and tradeAmount !=''">
			     	 TRADE_AMOUNT = #{tradeAmount,jdbcType=NUMERIC},
		     </if>
	     	 <if test="refundAmount != null and refundAmount !=''">
			     	 REFUND_AMOUNT = #{refundAmount,jdbcType=NUMERIC},
		     </if>
	     	 <if test="feeAmount != null and feeAmount !=''">
			     	 FEE_AMOUNT = #{feeAmount,jdbcType=NUMERIC},
		     </if>
	     	 <if test="discountAmount != null and discountAmount !=''">
			     	 DISCOUNT_AMOUNT = #{discountAmount,jdbcType=NUMERIC},
		     </if>
	     	 <if test="createDate != null and createDate !=''">
			     	 CREATE_DATE = #{createDate,jdbcType=TIMESTAMP},
		     </if>
	     	 <if test="updateDate != null and updateDate !=''">
			   		UPDATE_DATE = #{updateDate,jdbcType=TIMESTAMP}
		     </if>
	</set>
    where ID=#{id}
  </update>
  
</mapper>