<?xml version="1.0" encoding="UTF-8" ?>
<!DOCTYPE mapper PUBLIC "-//mybatis.org//DTD Mapper 3.0//EN" "http://mybatis.org/dtd/mybatis-3-mapper.dtd" >
<mapper namespace="com.sfpay.bill.dao.AllChannelBillDetailDao" >

  <!-- 字段映射  -->
  <resultMap id="BaseResultMap" type="com.sfpay.bill.domain.AllChannelBillDetail" >
  
   	<id column="ID" property="id" jdbcType="NUMERIC" /> 
    <result column="TRADE_TIME" property="tradeTime" jdbcType="VARCHAR" />
    <result column="CHANNEL_CODE" property="channelCode" jdbcType="VARCHAR" />
    <result column="SFPAY_MCH_ID" property="sfpayMchId" jdbcType="VARCHAR" />
    <result column="CHANNEL_MCH_ID" property="channelMchId" jdbcType="VARCHAR" />
    <result column="CHANNEL_ORDER_NO" property="channelOrderNo" jdbcType="VARCHAR" />
    <result column="MCH_ORDER_NO" property="mchOrderNo" jdbcType="VARCHAR" />
    <result column="TRADE_TYPE" property="tradeType" jdbcType="VARCHAR" />
    <result column="TRADE_STATE" property="tradeState" jdbcType="VARCHAR" />
    <result column="TRADE_AMOUNT" property="tradeAmount" jdbcType="NUMERIC" />
    <result column="CHANNEL_REFUND_NO" property="channelRefundNo" jdbcType="VARCHAR" />
    <result column="MCH_REFUND_NO" property="mchRefundNo" jdbcType="VARCHAR" />
    <result column="REFUND_AMOUNT" property="refundAmount" jdbcType="NUMERIC" />
    <result column="REFUND_STATUS" property="refundStatus" jdbcType="VARCHAR" />
    <result column="GOODS_NAME" property="goodsName" jdbcType="VARCHAR" />
    <result column="SERVICE_FEE" property="serviceFee" jdbcType="NUMERIC" />
    <result column="CREATE_DATE" property="createDate" jdbcType="TIMESTAMP" />
    <result column="UPDATE_DATE" property="updateDate" jdbcType="TIMESTAMP" />
  
  </resultMap>
  
  <!-- 共用sql -->
  <sql id="Base_Column_List" >
     ID,TRADE_TIME,CHANNEL_CODE,SFPAY_MCH_ID,CHANNEL_MCH_ID,CHANNEL_ORDER_NO,MCH_ORDER_NO,TRADE_TYPE,TRADE_STATE,TRADE_AMOUNT,CHANNEL_REFUND_NO,MCH_REFUND_NO,REFUND_AMOUNT,REFUND_STATUS,GOODS_NAME,SERVICE_FEE,CREATE_DATE,UPDATE_DATE
  </sql>

  <!-- 查询 -->  
  <select id="findAllChannelBillDetailById" resultMap="BaseResultMap" parameterType="long" >
   	select 
    <include refid="Base_Column_List" />
    from UPC_ALL_BILL_DETAIL
    where ID=#{id}
  </select>
  
  <select id="findAllChannelBillDetailByMchOrderNo" resultMap="BaseResultMap" parameterType="long" >
   	SELECT 
    <include refid="Base_Column_List" />
    FROM UPC_ALL_BILL_DETAIL
    WHERE CHANNEL_MCH_ID = #{channelMchId} 
    AND CHANNEL_CODE = #{channelCode} 
    AND TRADE_TIME = #{tradeTime}
    AND TRADE_TYPE = #{tradeType}
    <if test="tradeType == 'PAY'">
    	AND MCH_ORDER_NO=#{mchOrderNo} 
    </if>
    <if test="tradeType == 'REFUND'">
    	AND MCH_REFUND_NO = #{mchOrderNo} 
    </if>
  </select>
  
  
  <!-- 插入操作 -->
  <insert id="saveAllChannelBillDetail" parameterType="com.sfpay.bill.domain.AllChannelBillDetail">
  	<selectKey keyProperty="id" resultType="Long" order="BEFORE">
		select  SEQ_UPC_ALL_BILL_DETAIL.NEXTVAL from dual
	</selectKey>
    insert into UPC_ALL_BILL_DETAIL (ID,TRADE_TIME,CHANNEL_CODE,SFPAY_MCH_ID,CHANNEL_MCH_ID,CHANNEL_ORDER_NO,MCH_ORDER_NO,TRADE_TYPE,TRADE_STATE,
    TRADE_AMOUNT,CHANNEL_REFUND_NO,MCH_REFUND_NO,REFUND_AMOUNT,REFUND_STATUS,GOODS_NAME,SERVICE_FEE,CREATE_DATE)
    values (
    		#{id,jdbcType=NUMERIC},
	 		#{tradeTime,jdbcType=VARCHAR},
	 		#{channelCode,jdbcType=VARCHAR},
	 		#{sfpayMchId,jdbcType=VARCHAR},
	 		#{channelMchId,jdbcType=VARCHAR},
	 		#{channelOrderNo,jdbcType=VARCHAR},
	 		#{mchOrderNo,jdbcType=VARCHAR},
	 		#{tradeType,jdbcType=VARCHAR},
	 		#{tradeState,jdbcType=VARCHAR},
	 		#{tradeAmount,jdbcType=NUMERIC},
	 		#{channelRefundNo,jdbcType=VARCHAR},
	 		#{mchRefundNo,jdbcType=VARCHAR},
	 		#{refundAmount,jdbcType=NUMERIC},
	 		#{refundStatus,jdbcType=VARCHAR},
	 		#{goodsName,jdbcType=VARCHAR},
	 		#{serviceFee,jdbcType=NUMERIC},
	 		SYSTIMESTAMP
     )
  </insert>
  
 
  <!-- 更新 -->
  <update id="updateAllChannelBillDetailById" parameterType="com.sfpay.bill.domain.AllChannelBillDetail" >
    update UPC_ALL_BILL_DETAIL
    <set>
	     	 <if test="tradeTime != null and tradeTime !=''">
			     	 TRADE_TIME = #{tradeTime,jdbcType=VARCHAR},
		     </if>
	     	 <if test="channelCode != null and channelCode !=''">
			     	 CHANNEL_CODE = #{channelCode,jdbcType=VARCHAR},
		     </if>
	     	 <if test="sfpayMchId != null and sfpayMchId !=''">
			     	 SFPAY_MCH_ID = #{sfpayMchId,jdbcType=VARCHAR},
		     </if>
	     	 <if test="channelMchId != null and channelMchId !=''">
			     	 CHANNEL_MCH_ID = #{channelMchId,jdbcType=VARCHAR},
		     </if>
	     	 <if test="channelOrderNo != null and channelOrderNo !=''">
			     	 CHANNEL_ORDER_NO = #{channelOrderNo,jdbcType=VARCHAR},
		     </if>
	     	 <if test="mchOrderNo != null and mchOrderNo !=''">
			     	 MCH_ORDER_NO = #{mchOrderNo,jdbcType=VARCHAR},
		     </if>
	     	 <if test="tradeType != null and tradeType !=''">
			     	 TRADE_TYPE = #{tradeType,jdbcType=VARCHAR},
		     </if>
	     	 <if test="tradeState != null and tradeState !=''">
			     	 TRADE_STATE = #{tradeState,jdbcType=VARCHAR},
		     </if>
	     	 <if test="tradeAmount != null and tradeAmount !=''">
			     	 TRADE_AMOUNT = #{tradeAmount,jdbcType=NUMERIC},
		     </if>
	     	 <if test="channelRefundNo != null and channelRefundNo !=''">
			     	 CHANNEL_REFUND_NO = #{channelRefundNo,jdbcType=VARCHAR},
		     </if>
	     	 <if test="mchRefundNo != null and mchRefundNo !=''">
			     	 MCH_REFUND_NO = #{mchRefundNo,jdbcType=VARCHAR},
		     </if>
	     	 <if test="refundAmount != null and refundAmount !=''">
			     	 REFUND_AMOUNT = #{refundAmount,jdbcType=NUMERIC},
		     </if>
	     	 <if test="refundStatus != null and refundStatus !=''">
			     	 REFUND_STATUS = #{refundStatus,jdbcType=VARCHAR},
		     </if>
	     	 <if test="goodsName != null and goodsName !=''">
			     	 GOODS_NAME = #{goodsName,jdbcType=VARCHAR},
		     </if>
	     	 <if test="serviceFee != null and serviceFee !=''">
			     	 SERVICE_FEE = #{serviceFee,jdbcType=NUMERIC},
		     </if>
	     	 <if test="createDate != null and createDate !=''">
			     	 CREATE_DATE = #{createDate,jdbcType=TIMESTAMP},
		     </if>
	     	 <if test="updateDate != null and updateDate !=''">
			     	 UPDATE_DATE = #{updateDate,jdbcType=TIMESTAMP},
		     </if>
	     	 <if test="id != null and id !=''">
			   		ID = #{id,jdbcType=NUMERIC}
		     </if>
	</set>
    where ID=#{id}
  </update>

</mapper>