<?xml version="1.0" encoding="UTF-8" ?>
<!DOCTYPE mapper PUBLIC "-//mybatis.org//DTD Mapper 3.0//EN" "http://mybatis.org/dtd/mybatis-3-mapper.dtd" >
<mapper namespace="com.sfpay.bill.dao.ChannelArgDao">

	<!-- 字段映射 -->
	<resultMap id="BaseResultMap" type="com.sfpay.bill.domain.UpcChannelArg">

		<id column="ID" property="id" jdbcType="NUMERIC" />
		<result column="ARG_NAME" property="argName" jdbcType="VARCHAR" />
		<result column="ARG_KEY" property="argKey" jdbcType="VARCHAR" />
		<result column="ARG_VALUE" property="argValue" jdbcType="VARCHAR" />
		<result column="REMARK" property="remark" jdbcType="VARCHAR" />
		<result column="CREATE_DATE" property="createDate" jdbcType="TIMESTAMP" />
		<result column="CHANNEL_CODE" property="channelCode" jdbcType="VARCHAR" />
		<result column="MCH_NO" property="mchNo" jdbcType="VARCHAR" />
		<result column="CAHNNEL_MCH_PARAM_KEY" property="channelMchParamKey" jdbcType="VARCHAR" />

	</resultMap>

	<!-- 共用sql -->
	<sql id="Base_Column_List">
		ID,ARG_NAME,ARG_KEY,ARG_VALUE,REMARK,CREATE_DATE,CHANNEL_CODE,MCH_NO,CAHNNEL_MCH_PARAM_KEY
	</sql>

	<select id="queryArgsByChannelCodeAndMchNo" resultMap="BaseResultMap">
		select
		<include refid="Base_Column_List" />
		from UPC_CHANNEL_ARG p 
		where p.CAHNNEL_MCH_PARAM_KEY=#{channelMchParamKey, jdbcType=VARCHAR}  
	</select>


</mapper>