<?xml version="1.0" encoding="UTF-8" ?>
<!DOCTYPE mapper PUBLIC "-//mybatis.org//DTD Mapper 3.0//EN" "http://mybatis.org/dtd/mybatis-3-mapper.dtd" >
<mapper namespace="com.sfpay.bill.dao.ParseBillProcDao" >

  <!-- 字段映射  -->
  <resultMap id="BaseResultMap" type="com.sfpay.bill.domain.ParseBillProc" >
  
   	<id column="ID" property="id" jdbcType="NUMERIC" /> 
    <result column="PARSE_STAGE" property="parseStage" jdbcType="VARCHAR" />
    <result column="TRADE_TIME" property="tradeTime" jdbcType="VARCHAR" />
    <result column="CHANNEL_CODE" property="channelCode" jdbcType="VARCHAR" />
    <result column="SFPAY_MCH_ID" property="sfpayMchId" jdbcType="VARCHAR" />
    <result column="CHANNEL_MCH_ID" property="channelMchId" jdbcType="VARCHAR" />
    <result column="STATUS" property="status" jdbcType="VARCHAR" />
    <result column="REMARK" property="remark" jdbcType="VARCHAR" />
    <result column="BILL_FILE_PATH" property="billFilePath" jdbcType="VARCHAR" />
    <result column="CREATE_DATE" property="createDate" jdbcType="TIMESTAMP" />
    <result column="UPDATE_DATE" property="updateDate" jdbcType="TIMESTAMP" />
  
  </resultMap>
  
  <!-- 共用sql -->
  <sql id="Base_Column_List" >
     ID,PARSE_STAGE,TRADE_TIME,CHANNEL_CODE,SFPAY_MCH_ID,CHANNEL_MCH_ID,STATUS,REMARK,BILL_FILE_PATH,CREATE_DATE,UPDATE_DATE
  </sql>

  <!-- 查询 -->  
  <select id="findParseBillProcById" resultMap="BaseResultMap" parameterType="long" >
   	select 
    <include refid="Base_Column_List" />
    from UPC_PARSE_BILL_PROC
    where ID=#{id}
  </select>
  
  <!-- 根据解析类型、账单日期、渠道编码、渠道商户号查询解析记录 -->
  <select id="findProcByMchIdAndCode" resultMap="BaseResultMap">
	  	SELECT 
	  	<include refid="Base_Column_List" />
	  	FROM UPC_PARSE_BILL_PROC 
	  	WHERE 
	  	PARSE_STAGE = #{parseStage,jdbcType=VARCHAR} 
	  	AND TRADE_TIME = #{tradeTime,jdbcType=VARCHAR} 
	  	AND CHANNEL_CODE = #{channelCode,jdbcType=VARCHAR} 
	  	AND CHANNEL_MCH_ID = #{channelMchId,jdbcType=VARCHAR}
  </select>
  
  <!-- 根据指定的账单日期、渠道编码查询异常数据 -->
  <select id="findExcpByBillDateAndChannelCode" resultMap="BaseResultMap">
  	SELECT 
	  	<include refid="Base_Column_List" />
	  	FROM UPC_PARSE_BILL_PROC 
	  	WHERE 
	  	STATUS = 'FAIL'
	  	AND TRADE_TIME = #{tradeTime,jdbcType=VARCHAR} 
	  	AND CHANNEL_CODE = #{channelCode,jdbcType=VARCHAR}
	  	<if test="channelMchId != null and channelMchId != ''">
	  		AND CHANNEL_MCH_ID = #{channelMchId,jdbcType=VARCHAR}
	  	</if>
	  	<if test="parseStage != null and parseStage != ''">
	  		AND PARSE_STAGE = #{parseStage,jdbcType=VARCHAR} 
	  	</if>
  </select>
  
  <!-- 查询不在指定账单日期内的异常数据 -->
  <select id="findNotInDateExcpByDateAndCode" resultMap="BaseResultMap">
  	SELECT 
	  	<include refid="Base_Column_List" />
	  	FROM UPC_PARSE_BILL_PROC 
	  	WHERE 
	  	STATUS = 'FAIL'
	  	AND TRADE_TIME != #{tradeTime,jdbcType=VARCHAR} 
	  	AND CHANNEL_CODE = #{channelCode,jdbcType=VARCHAR}
	  	<if test="channelMchId != null and channelMchId != ''">
	  		AND CHANNEL_MCH_ID = #{channelMchId,jdbcType=VARCHAR}
	  	</if>
	  	<if test="parseStage != null and parseStage != ''">
	  		AND PARSE_STAGE = #{parseStage,jdbcType=VARCHAR} 
	  	</if>
  </select>

  <select id="findParseProblemItem" resultMap="BaseResultMap">
  		SELECT 
	  	<include refid="Base_Column_List" />
	  	FROM UPC_PARSE_BILL_PROC 
	  	WHERE 
	  		STATUS = #{status, jdbcType=VARCHAR}
	  	and ceil((sysdate - CREATE_DATE) * 24) >= #{defaultDelayTime,jdbcType=NUMERIC}
  </select>
  
  <!-- 插入操作 -->
  <insert id="saveParseBillProc" parameterType="com.sfpay.bill.domain.ParseBillProc">
  	<selectKey keyProperty="id" resultType="Long" order="BEFORE">
		select  SEQ_UPC_PARSE_BILL_PROC.NEXTVAL from dual
	</selectKey>
    insert into UPC_PARSE_BILL_PROC (ID,PARSE_STAGE,TRADE_TIME,CHANNEL_CODE,SFPAY_MCH_ID,CHANNEL_MCH_ID,STATUS,REMARK,BILL_FILE_PATH,CREATE_DATE)
    values (
	 		#{id,jdbcType=NUMERIC},
	 		#{parseStage,jdbcType=VARCHAR},
	 		#{tradeTime,jdbcType=VARCHAR},
	 		#{channelCode,jdbcType=VARCHAR},
	 		#{sfpayMchId,jdbcType=VARCHAR},
	 		#{channelMchId,jdbcType=VARCHAR},
	 		#{status,jdbcType=VARCHAR},
	 		substrb(#{remark,jdbcType=VARCHAR},1,500),
	 		#{billFilePath,jdbcType=VARCHAR},
	 		SYSTIMESTAMP
     )
  </insert>
  
  <!-- 保存解析错误信息 -->
  <update id="saveParseErrMsg">
  	update UPC_PARSE_BILL_PROC
    <set>
     	 REMARK = substrb(#{remark,jdbcType=VARCHAR},1,500),
     	 <if test="status != null and status != ''">
     	 	STATUS = #{status,jdbcType=VARCHAR},
     	 </if>
     	 UPDATE_DATE = SYSTIMESTAMP
	</set>
    where ID=#{id}
  </update>
 
  <!-- 根据状态进行更新 -->
  <update id="updateParseBillProcByStatus">
    update UPC_PARSE_BILL_PROC
    <set>
	     	 <if test="entity.parseStage != null and entity.parseStage !=''">
			     	 PARSE_STAGE = #{entity.parseStage,jdbcType=VARCHAR},
		     </if>
	     	 <if test="entity.tradeTime != null and entity.tradeTime !=''">
			     	 TRADE_TIME = #{entity.tradeTime,jdbcType=VARCHAR},
		     </if>
	     	 <if test="entity.channelCode != null and entity.channelCode !=''">
			     	 CHANNEL_CODE = #{entity.channelCode,jdbcType=VARCHAR},
		     </if>
	     	 <if test="entity.sfpayMchId != null and entity.sfpayMchId !=''">
			     	 SFPAY_MCH_ID = #{entity.sfpayMchId,jdbcType=VARCHAR},
		     </if>
	     	 <if test="entity.channelMchId != null and entity.channelMchId !=''">
			     	 CHANNEL_MCH_ID = #{entity.channelMchId,jdbcType=VARCHAR},
		     </if>
	     	 <if test="entity.status != null and entity.status !=''">
			     	 STATUS = #{entity.status,jdbcType=VARCHAR},
		     </if>
		     <if test="entity.billFilePath != null and entity.billFilePath !=''">
			     	 BILL_FILE_PATH = #{entity.billFilePath,jdbcType=VARCHAR},
		     </if>
	     	 UPDATE_DATE = SYSTIMESTAMP
	</set>
    where ID=#{entity.id} AND STATUS = #{oldStatus}
  </update>
  
</mapper>