<?xml version="1.0" encoding="UTF-8" ?>
<!DOCTYPE mapper PUBLIC "-//mybatis.org//DTD Mapper 3.0//EN" "http://mybatis.org/dtd/mybatis-3-mapper.dtd" >
<mapper namespace="com.sfpay.bill.dao.UpcMerchantMapDao">

	<!-- 字段映射 -->
	<resultMap id="BaseResultMap" type="com.sfpay.bill.domain.UpcMerchantMap">


		<id column="ID" property="id" jdbcType="NUMERIC" />
		<result column="MCH_NO" property="mchNo" jdbcType="VARCHAR" />
		<result column="CHANNEL_MCH_NO" property="channelMchNo"
			jdbcType="VARCHAR" />
		<result column="CHANNEL_CODE" property="channelCode" jdbcType="VARCHAR" />
		<result column="STATUS" property="status" jdbcType="VARCHAR" />
		<result column="CREATE_TIME" property="createTime" jdbcType="TIMESTAMP" />
		<result column="UPDATE_TIME" property="updateTime" jdbcType="TIMESTAMP" />
		<result column="CAHNNEL_MCH_PARAM_KEY" property="channelMchParamKey"
			jdbcType="VARCHAR" />
	</resultMap>
	<!-- 共用sql -->
	<sql id="Base_Column_List">
		 ID,MCH_NO,CHANNEL_MCH_NO,CHANNEL_CODE,STATUS,CREATE_TIME,UPDATE_TIME,CAHNNEL_MCH_PARAM_KEY
	</sql>

	<select id="queryChannelMchNo" resultMap="BaseResultMap">
		select
		<include refid="Base_Column_List" />
		from UPC_MERCHANT_MAP mm
		where mm.status='ENABLE' and
		mm.CHANNEL_CODE=#{channelCode} 
		<if test="channelMchNo != null and channelMchNo != ''">
			AND CHANNEL_MCH_NO = #{channelMchNo}
		</if>
	</select>


</mapper>