<?xml version="1.0" encoding="UTF-8" ?>
<!DOCTYPE mapper PUBLIC "-//mybatis.org//DTD Mapper 3.0//EN" "http://mybatis.org/dtd/mybatis-3-mapper.dtd" >
<mapper namespace="com.sfpay.bill.dao.WxBillDetailDao" >

  <!-- 字段映射  -->
  <resultMap id="BaseResultMap" type="com.sfpay.bill.domain.UpcWXBillDetail" >
  
   	<id column="ID" property="id" jdbcType="NUMERIC" /> 
    <result column="TRADE_TIME" property="tradeTime" jdbcType="VARCHAR" />
    <result column="APPID" property="appid" jdbcType="VARCHAR" />
    <result column="MCH_ID" property="mchId" jdbcType="VARCHAR" />
    <result column="SUB_MCH_ID" property="subMchId" jdbcType="VARCHAR" />
    <result column="DEVICE_CODE" property="deviceCode" jdbcType="VARCHAR" />
    <result column="WX_ORDER_NO" property="wxOrderNo" jdbcType="VARCHAR" />
    <result column="MCH_ORDER_NO" property="mchOrderNo" jdbcType="VARCHAR" />
    <result column="USER_INFO" property="userInfo" jdbcType="VARCHAR" />
    <result column="TRADE_TYPE" property="tradeType" jdbcType="VARCHAR" />
    <result column="TRADE_STATE" property="tradeState" jdbcType="VARCHAR" />
    <result column="PAY_BANK_CODE" property="payBankCode" jdbcType="VARCHAR" />
    <result column="CCY" property="ccy" jdbcType="VARCHAR" />
    <result column="TRADE_AMOUNT" property="tradeAmount" jdbcType="NUMERIC" />
    <result column="MCH_REDPACK_AMOUNT" property="mchRedpackAmount" jdbcType="NUMERIC" />
    <result column="MCH_REFUND_REDPACK_AMOUNT" property="mchRefundRedpackAmount" jdbcType="NUMERIC" />
    <result column="WX_REFUND_NO" property="wxRefundNo" jdbcType="VARCHAR" />
    <result column="MCH_REFUND_NO" property="mchRefundNo" jdbcType="VARCHAR" />
    <result column="REFUND_AMOUNT" property="refundAmount" jdbcType="NUMERIC" />
    <result column="REFUND_TYPE" property="refundType" jdbcType="VARCHAR" />
    <result column="REFUND_STATUS" property="refundStatus" jdbcType="VARCHAR" />
    <result column="GOODS_NAME" property="goodsName" jdbcType="VARCHAR" />
    <result column="REMARK" property="remark" jdbcType="VARCHAR" />
    <result column="SERVICE_FEE" property="serviceFee" jdbcType="NUMERIC" />
    <result column="FEE_RATE" property="feeRate" jdbcType="VARCHAR" />
    <result column="CREATE_DATE" property="createDate" jdbcType="TIMESTAMP" />
    <result column="UPDATE_DATE" property="updateDate" jdbcType="TIMESTAMP" />
  
  </resultMap>
  
 <!-- 共用sql -->
  <sql id="Base_Column_List" >
     ID,TRADE_TIME,APPID,MCH_ID,SUB_MCH_ID,DEVICE_CODE,WX_ORDER_NO,MCH_ORDER_NO,USER_INFO,TRADE_TYPE,TRADE_STATE,PAY_BANK_CODE,CCY,TRADE_AMOUNT,MCH_REDPACK_AMOUNT,MCH_REFUND_REDPACK_AMOUNT,WX_REFUND_NO,MCH_REFUND_NO,REFUND_AMOUNT,REFUND_TYPE,REFUND_STATUS,GOODS_NAME,REMARK,SERVICE_FEE,FEE_RATE,CREATE_DATE,UPDATE_DATE
  </sql>
  <!-- 查询 -->  
  <select id="getWxBillDetailNo" resultType="long" >
   	select SEQ_UPC_WX_BILL_DETAIL.Nextval from dual
  </select>
  
  
  <insert id="insertWXBillDetail" parameterType="com.sfpay.bill.domain.UpcWXBillDetail">
    insert into UPC_WX_BILL_DETAIL (ID,TRADE_TIME,APPID,MCH_ID,SUB_MCH_ID,DEVICE_CODE,WX_ORDER_NO,MCH_ORDER_NO,USER_INFO,TRADE_TYPE,TRADE_STATE,PAY_BANK_CODE,CCY,TRADE_AMOUNT,MCH_REDPACK_AMOUNT,MCH_REFUND_REDPACK_AMOUNT,WX_REFUND_NO,MCH_REFUND_NO,REFUND_AMOUNT,REFUND_TYPE,REFUND_STATUS,GOODS_NAME,REMARK,SERVICE_FEE,FEE_RATE,CREATE_DATE)
    	values(SEQ_UPC_WX_BILL_DETAIL.Nextval,
	 		#{tradeTime,jdbcType=VARCHAR},
	 		#{appid,jdbcType=VARCHAR},
	 		#{mchId,jdbcType=VARCHAR},
	 		#{subMchId,jdbcType=VARCHAR},
	 		#{deviceCode,jdbcType=VARCHAR},
	 		#{wxOrderNo,jdbcType=VARCHAR},
	 		#{mchOrderNo,jdbcType=VARCHAR},
	 		#{userInfo,jdbcType=VARCHAR},
	 		#{tradeType,jdbcType=VARCHAR},
	 		#{tradeState,jdbcType=VARCHAR},
	 		#{payBankCode,jdbcType=VARCHAR},
	 		#{ccy,jdbcType=VARCHAR},
	 		#{tradeAmount,jdbcType=NUMERIC},
	 		#{mchRedpackAmount,jdbcType=NUMERIC},
	 		#{mchRefundRedpackAmount,jdbcType=NUMERIC},
	 		#{wxRefundNo,jdbcType=VARCHAR},
	 		#{mchRefundNo,jdbcType=VARCHAR},
	 		#{refundAmount,jdbcType=NUMERIC},
	 		#{refundType,jdbcType=VARCHAR},
	 		#{refundStatus,jdbcType=VARCHAR},
	 		#{goodsName,jdbcType=VARCHAR},
	 		#{remark,jdbcType=VARCHAR},
	 		#{serviceFee,jdbcType=NUMERIC},
	 		#{feeRate,jdbcType=VARCHAR},
	 		sysdate
	 		)
  </insert>
</mapper>