<?xml version="1.0" encoding="GBK"?>
<CMBSDKPGK>
	<INFO> <!-- SingleNode -->
		<FUNNAM>DCPAYMNT</FUNNAM>
		<DATTYP>2</DATTYP>
		<LGNNAM>transPublic</LGNNAM>
	</INFO>
	<SDKPAYRQX> <!-- SingleNode -->
		<BUSCOD>N02031</BUSCOD>
		<BUSMOD>00001</BUSMOD>
	</SDKPAYRQX>
	<DCOPDPAYX>
		<YURREF>20150205100016078288</YURREF>
		<DBTACC>755914676510345</DBTACC>
		<DBTBBK>57</DBTBBK>
		<TRSAMT>0.12</TRSAMT>
		<CCYNBR>10</CCYNBR>
		<STLCHN>N</STLCHN>
		<NUSAGE>NUSAGE</NUSAGE>
		<BUSNAR>BUSNAR</BUSNAR>
		<CRTACC>6222024000799000134</CRTACC>
		<CRTNAM>CRTNAM</CRTNAM>
		<BNKFLG>N</BNKFLG>
		<CRTBNK>CRTBNK</CRTBNK>
		<CRTADR>CRTADR</CRTADR>
		<BRDNBR>102100099996</BRDNBR>
	</DCOPDPAYX>
	<DCOPDPAYX>
		<YURREF>20150205100016078369</YURREF>
		<DBTACC>755914676510345</DBTACC>
		<DBTBBK>57</DBTBBK>
		<TRSAMT>0.12</TRSAMT>
		<CCYNBR>10</CCYNBR>
		<STLCHN>N</STLCHN>
		<NUSAGE>NUSAGE</NUSAGE>
		<BUSNAR>BUSNAR</BUSNAR>
		<CRTACC>6222024000799000134</CRTACC>
		<CRTNAM>CRTNAM</CRTNAM>
		<BNKFLG>N</BNKFLG>
		<CRTBNK>CRTBNK</CRTBNK>
		<CRTADR>CRTADR</CRTADR>
		<BRDNBR>102100099996</BRDNBR>
	</DCOPDPAYX>
</CMBSDKPGK>