<?xml version="1.0" encoding="GBK"?>
<CMBSDKPGK>
	<INFO> <!-- SingleNode -->
		<FUNNAM>AgentRequest</FUNNAM>
		<DATTYP>2</DATTYP>
		<LGNNAM>transPrivate</LGNNAM>
	</INFO>
	<SDKATSRQX> <!-- SingleNode -->
		<BUSCOD>N03020</BUSCOD>
		<BUSMOD>00001</BUSMOD>
		<C_TRSTYP>C_TRSTYP</C_TRSTYP>
		<TRSTYP>BYBK</TRSTYP>
		<DBTACC>591902896910604</DBTACC>
		<BANKAREA>BANKAREA</BANKAREA>
		<SUM>0.01</SUM>
		<TOTAL>1</TOTAL>
		<CURRENCY>CURRENCY</CURRENCY>
		<YURREF>20151029100021010672</YURREF>
		<MEMO>MEMO</MEMO>
	</SDKATSRQX>
	<SDKATDRQX>
		<ACCNBR>6222024000799000134</ACCNBR>
		<CLTNAM>CLTNAM</CLTNAM>
		<TRSAMT>0.01</TRSAMT>
		<BNKFLG>Y</BNKFLG>
		<EACBNK>EACBN</EACBNK>
		<EACCTY>EACCTY</EACCTY>
		<TRSDSP>TRSDSP</TRSDSP>
	</SDKATDRQX>
	<SDKATDRQX>
		<ACCNBR>60225211823998002</ACCNBR>
		<CLTNAM>EACBN</CLTNAM>
		<TRSAMT>0.01</TRSAMT>
		<BNKFLG>Y</BNKFLG>
		<EACBNK>EACBNK</EACBNK>
		<EACCTY>EACCTY</EACCTY>
		<TRSDSP>EACCTY</TRSDSP>
	</SDKATDRQX>
</CMBSDKPGK>