<?xml version="1.0" encoding="utf-8" ?>
<beans xmlns="http://www.springframework.org/schema/beans"
	xmlns:xsi="http://www.w3.org/2001/XMLSchema-instance"
	xmlns:context="http://www.springframework.org/schema/context"
	xsi:schemaLocation="http://www.springframework.org/schema/beans 
		 http://www.springframework.org/schema/beans/spring-beans-3.0.xsd
		 http://www.springframework.org/schema/context   
     	http://www.springframework.org/schema/context/spring-context-3.0.xsd">
	
	<bean id="flingCommandHolder" class="com.pingan.pafa5.admin.commons.FlingCommandHolder">
		<property name="pizzaManagerHolder" ref="pizzaManagerHolder"/>
		<property name="commandReceiptor" ref="flingCommandReceipt"/>
	</bean>
	
	<bean id="flingMonitorListener" class="com.pingan.pafa.fling.monitor.listener.FlingMonitorListener">
		<property name="repository" ref="defMonitorMsgRepository"/>
		<property name="exportService" value="true"/>
	</bean>
	
	<bean id="druidStatMonitorListener" class="com.pingan.pafa5.admin.fling.listener.DruidStatMonitorListener" />
	
	<bean id="druidSqlMonitorListener" class="com.pingan.pafa5.admin.fling.listener.DruidSqlMonitorListener" />
</beans>