<?xml version="1.0" encoding="UTF-8"?>
<beans xmlns="http://www.springframework.org/schema/beans"
	xmlns:xsi="http://www.w3.org/2001/XMLSchema-instance" xmlns:aop="http://www.springframework.org/schema/aop"
	xmlns:context="http://www.springframework.org/schema/context" xmlns:p="http://www.springframework.org/schema/p"
	xsi:schemaLocation="http://www.springframework.org/schema/context http://www.springframework.org/schema/context/spring-context-3.0.xsd          
      http://www.springframework.org/schema/beans http://www.springframework.org/schema/beans/spring-beans-3.0.xsd 
      http://www.springframework.org/schema/aop http://www.springframework.org/schema/aop/spring-aop-3.0.xsd">
    
    <!-- sfhq272  把spring初始化的bean转成hessian的url -->
    <bean class="org.springframework.web.servlet.handler.BeanNameUrlHandlerMapping">
    	<property name="detectHandlersInAncestorContexts" value="true" />
    </bean>
    
	<bean name="HessianExporter" abstract="true" class="org.springframework.remoting.caucho.HessianServiceExporter" />
	
	<!--到账通知业务处理  -->
	<bean name="/accountChangeNotifyService" parent="HessianExporter">
	      <property name="service" ref="accountChangeNotifyService" />
		<property name="serviceInterface">
			<value>com.sfpay.acquirer.service.IAccountChangeNotifyService</value>
		</property>
	</bean>	
	
	<!-- 生产与订单对账文件 -->
	<bean name="/reconciliationService" parent="HessianExporter">
		<property name="service" ref="reconciliationService" />
		<property name="serviceInterface">
			<value>com.sfpay.acquirer.service.IReconciliationService</value>
		</property>
	</bean>
	
	<!-- 收单银行渠道、集团账户配置缓存服务 -->
	<bean name="/acquirerConfig" parent="HessianExporter">
		<property name="service" ref="acquirerConfig" />
		<property name="serviceInterface">
			<value>com.sfpay.acquirer.service.IAcquirerConfig</value>
		</property>
	</bean>

	<!-- 未知状态的收单信息服务 -->
	<bean name="/unkownCollectService" parent="HessianExporter">
		<property name="service" ref="unkownCollectService" />
		<property name="serviceInterface">
			<value>com.sfpay.acquirer.service.IUnkownCollectService</value>
		</property>
	</bean>	
	
	 <!-- 对账后针对丢单调单的处理 -->
	<bean name="/checkReconInfoService" parent="HessianExporter">
		<property name="service" ref="checkReconInfoService" />
		<property name="serviceInterface">
			<value>com.sfpay.acquirer.service.ICheckReconInfoService</value>
		</property>
	</bean>
	
	 <!-- 错误码查找查询类 -->
	<bean name="/rtnPayCodeService" parent="HessianExporter">
		<property name="service" ref="rtnPayCodeService" />
		<property name="serviceInterface">
			<value>com.sfpay.acquirer.service.IRtnPayCodeService</value>
		</property>
	</bean>
	
	<!-- 对账日志维护 -->
	<bean name="/reconLogService" parent="HessianExporter">
		<property name="service" ref="reconLogService" />
		<property name="serviceInterface">
			<value>com.sfpay.acquirer.service.IReconLogService</value>
		</property>
	</bean>
	
	<!-- 定时任务客户端服务 -->
	<bean name="/taskInvokeService" parent="HessianExporter">
		<property name="service" ref="taskInvokeService" />
		<property name="serviceInterface">
			<value>com.sfpay.task.service.ITaskInvokeService</value>
		</property>
	</bean>
	
	<bean name="/qpayBankInterfaceService" parent="HessianExporter">
		<property name="service" ref="qpayBankInterfaceService" />
		<property name="serviceInterface">
			<value>com.sfpay.acquirer.service.IQPayBankInterfaceService</value>
		</property>
	</bean>
	
	<!-- 对账检查-->
	<bean name="/reconCheckService" parent="HessianExporter">
		<property name="service" ref="reconCheckService" />
		<property name="serviceInterface">
			<value>com.sfpay.acquirer.service.IReconCheckService</value>
		</property>
	</bean>
	
	<!-- 顺银银行映射列表 -->
	<bean name="/sfPayBankService" parent="HessianExporter">
		<property name="service" ref="sfPayBankService" />
		<property name="serviceInterface">
			<value>com.sfpay.acquirer.service.ISFPayBankService</value>
		</property>
	</bean>
	<!-- 新调度任务 sfhq270 2014-12-10 -->
	<bean name="/taskNewInvokeService" class="org.springframework.remoting.caucho.HessianServiceExporter"> 
		<property name="service" ref="TaskNewInvokeService" /> <property name="serviceInterface"> 
		<value> com.sfpay.module.schedule.client.service.ITaskInvokeService </value> 
		</property> 
	</bean>
	
</beans> 

