﻿<?xml version="1.0" encoding="UTF-8"?>
<included>
	<property name="pro.name" value="${project.artifactId}" />
	<property name="log.base" value="logs/${pro.name}" />
	<property name="max.size" value="100MB" />
	<jmxConfigurator />

	<appender name="STDOUT" class="ch.qos.logback.core.ConsoleAppender">
		<layout class="ch.qos.logback.classic.PatternLayout">
			<pattern>%date [%thread] - %X{uid} -%X{url} %-5level %logger{80} -%msg%n</pattern>
		</layout>
	</appender>
	<appender name="file.debug"
		class="ch.qos.logback.core.rolling.RollingFileAppender">
		<!-- All Log Info -->
		<File>${log.base}/${pro.name}.log</File>
		<rollingPolicy class="ch.qos.logback.core.rolling.TimeBasedRollingPolicy">
			<FileNamePattern>${log.base}/${pro.name}_%d{yyyy-MM-dd}.%i.log
			</FileNamePattern>
			<timeBasedFileNamingAndTriggeringPolicy
				class="ch.qos.logback.core.rolling.SizeAndTimeBasedFNATP">
				<maxFileSize>${max.size}</maxFileSize>
			</timeBasedFileNamingAndTriggeringPolicy>
		</rollingPolicy>
		<layout class="ch.qos.logback.classic.PatternLayout">
			<pattern>%date [%thread] - %X{uid} -%X{url} %-5level %logger{80} - %msg%n</pattern>
		</layout>
	</appender>
	<appender name="file.info"
		class="ch.qos.logback.core.rolling.RollingFileAppender">
		<File>${log.base}/${pro.name}_info.log</File>
		<rollingPolicy class="ch.qos.logback.core.rolling.TimeBasedRollingPolicy">
			<FileNamePattern>${log.base}/${pro.name}_info_%d{yyyy-MM-dd}.%i.log
			</FileNamePattern>
			<timeBasedFileNamingAndTriggeringPolicy
				class="ch.qos.logback.core.rolling.SizeAndTimeBasedFNATP">
				<maxFileSize>${max.size}</maxFileSize>
			</timeBasedFileNamingAndTriggeringPolicy>
		</rollingPolicy>
		<layout class="ch.qos.logback.classic.PatternLayout">
			<pattern>%date [%thread] - %X{uid} -%X{url} %-5level %logger{80} - %msg%n</pattern>
		</layout>
		<filter class="ch.qos.logback.classic.filter.LevelFilter">
			<level>INFO</level>
			<onMatch>ACCEPT</onMatch>
			<onMismatch>DENY</onMismatch>
		</filter>
	</appender>
	<appender name="file.warn"
		class="ch.qos.logback.core.rolling.RollingFileAppender">
		<File>${log.base}/${pro.name}_warn.log</File>
		<rollingPolicy class="ch.qos.logback.core.rolling.TimeBasedRollingPolicy">
			<FileNamePattern>${log.base}/${pro.name}_warn_%d{yyyy-MM-dd}.%i.log
			</FileNamePattern>
			<timeBasedFileNamingAndTriggeringPolicy
				class="ch.qos.logback.core.rolling.SizeAndTimeBasedFNATP">
				<maxFileSize>${max.size}</maxFileSize>
			</timeBasedFileNamingAndTriggeringPolicy>
		</rollingPolicy>
		<layout class="ch.qos.logback.classic.PatternLayout">
			<pattern>%date [%thread] - %X{uid} -%X{url} %-5level %logger{80} - %msg%n</pattern>
		</layout>
		<filter class="ch.qos.logback.classic.filter.ThresholdFilter">
			<!-- 临界值过滤器,过滤掉低于指定临界值的日志 -->
			<level>WARN</level>
		</filter>
	</appender>
	<appender name="HESSIAN-CLIENT-DIGEST-APPENDER"
		class="ch.qos.logback.core.rolling.RollingFileAppender">
		<File>${log.base}/hessian-client-digest.log</File>
		<rollingPolicy class="ch.qos.logback.core.rolling.TimeBasedRollingPolicy">
			<FileNamePattern>${log.base}/hessian-client-digest_%d{yyyy-MM-dd}.%i.log
			</FileNamePattern>
			<timeBasedFileNamingAndTriggeringPolicy
				class="ch.qos.logback.core.rolling.SizeAndTimeBasedFNATP">
				<maxFileSize>${max.size}</maxFileSize>
			</timeBasedFileNamingAndTriggeringPolicy>
		</rollingPolicy>
		<encoder class="ch.qos.logback.classic.encoder.PatternLayoutEncoder">
			<pattern>%date [%thread] - %X{uid} -%X{url} - %msg%n</pattern>
		</encoder>
	</appender>
	<appender name="HESSIAN-SERVICE-DIGEST-APPENDER"
		class="ch.qos.logback.core.rolling.RollingFileAppender">
		<File>${log.base}/hessian-service-digest.log</File>
		<rollingPolicy class="ch.qos.logback.core.rolling.TimeBasedRollingPolicy">
			<FileNamePattern>${log.base}/hessian-service-digest_%d{yyyy-MM-dd}.%i.log
			</FileNamePattern>
			<timeBasedFileNamingAndTriggeringPolicy
				class="ch.qos.logback.core.rolling.SizeAndTimeBasedFNATP">
				<maxFileSize>${max.size}</maxFileSize>
			</timeBasedFileNamingAndTriggeringPolicy>
		</rollingPolicy>
		<encoder class="ch.qos.logback.classic.encoder.PatternLayoutEncoder">
			<pattern>%date [%thread] - %X{uid} -%X{url} - %msg%n</pattern>
		</encoder>
	</appender>

	<root level="INFO">
		<appender-ref ref="STDOUT" />
	</root>
	<root level="DEBUG">
		<appender-ref ref="file.debug" />
		<appender-ref ref="file.info" />
		<appender-ref ref="file.warn" />
	</root>
	
	<logger name="HESSIAN-CLIENT-DIGEST" level="INFO">
		<appender-ref ref="HESSIAN-CLIENT-DIGEST-APPENDER" />
	</logger>
	<logger name="HESSIAN-SERVICE-DIGEST" level="INFO">
		<appender-ref ref="HESSIAN-SERVICE-DIGEST-APPENDER" />
	</logger>

	<logger name="java.sql.ResultSet" level="INFO" />
	<logger name="org.apache.activemq" level="INFO" />
	<logger name="org.apache.commons.beanutils" level="INFO" />
	<logger name="org.apache.commons.httpclient" level="INFO" />
	<logger name="org.apache.curator" level="INFO" />
	<logger name="httpclient.wire" level="INFO" />
	<logger name="org.apache.http" level="INFO" />
	<logger name="org.apache.zookeeper" level="INFO" />
	<logger name="org.mybatis.spring" level="INFO" />
	<logger name="org.springframework.beans.factory" level="INFO" />
	<logger name="org.springframework.core.env.StandardEnvironment" level="INFO" />
	<logger name="org.springframework.jdbc.datasource" level="INFO" />
	<logger name="org.springframework.web.servlet" level="INFO" />

</included>  
