<?xml version="1.0" encoding="UTF-8"?>
<beans xmlns="http://www.springframework.org/schema/beans" xmlns:xsi="http://www.w3.org/2001/XMLSchema-instance" xmlns:remote="http://www.sf-pay.com/schema/remote"
	xmlns:p="http://www.springframework.org/schema/p" xmlns:context="http://www.springframework.org/schema/context"
	xsi:schemaLocation="http://www.springframework.org/schema/beans http://www.springframework.org/schema/beans/spring-beans-3.1.xsd
	http://www.springframework.org/schema/context http://www.springframework.org/schema/context/spring-context-3.1.xsd
	http://www.sf-pay.com/schema/remote http://www.sf-pay.com/schema/remote/framework2-remote.xsd">

	<remote:hessian app-name="sys-upc-bill">
		<remote:service beans-package="com.sfpay.*.service,com.sfpay.module.schedule.client.service" bean-name-prefix="/">
			<remote:interceptors>
				<list>
					<bean class="com.sfpay.framework2.remote.caucho.server.HessianServiceLogInterceptor">
						<property name="unlogExceptions">
							<list>
								<value>com.sfpay.framework.base.exception.ServiceException</value>
							</list>
						</property>
					</bean>
				</list>
			</remote:interceptors>
		</remote:service>
		
		<remote:reference read-timeout="${READ_TIMEOUT}" max-conn-total="${MAX_CONN_TOTAL}" max-conn-per-route="${MAX_CONN_PER_ROUTE}">
			<remote:interceptors>
				<list>
					<bean class="com.sfpay.framework2.remote.caucho.client.HessianClientLogInterceptor">
						<property name="unlogExceptions">
							<list>
								<value>com.sfpay.framework.base.exception.ServiceException</value>
							</list>
						</property>
					</bean>
				</list>
			</remote:interceptors>
		</remote:reference>
	</remote:hessian>

</beans>