<?xml version="1.0" encoding="UTF-8"?>
<beans xmlns="http://www.springframework.org/schema/beans"
	xmlns:xsi="http://www.w3.org/2001/XMLSchema-instance" xmlns:aop="http://www.springframework.org/schema/aop"
	xmlns:tx="http://www.springframework.org/schema/tx" xmlns:jdbc="http://www.springframework.org/schema/jdbc"
	xmlns:p="http://www.springframework.org/schema/p"
	xsi:schemaLocation="http://www.springframework.org/schema/beans http://www.springframework.org/schema/beans/spring-beans-3.0.xsd
	  http://www.springframework.org/schema/jdbc http://www.springframework.org/schema/jdbc/spring-jdbc-3.0.xsd
	  http://www.springframework.org/schema/aop http://www.springframework.org/schema/aop/spring-aop-3.0.xsd
      http://www.springframework.org/schema/tx http://www.springframework.org/schema/tx/spring-tx-3.0.xsd">

	<!-- weblogic JNDI -->
	
	<!-- tomcat JNDI -->
	<bean id="dataSource" class="org.springframework.jndi.JndiObjectFactoryBean">
		<property name="jndiName">
			<value>java:comp/env/jdbc/upc_ds</value>
		</property>
	</bean>

	<!-- 数据库连接池 -->
		
		<!-- <bean id="dataSource" class="org.apache.commons.dbcp.BasicDataSource"
			destroy-method="close" p:driverClassName="${jdbc.driver}" p:url="${jdbc.url}"
			p:username="${jdbc.username}" p:password="${jdbc.password}"
			p:initialSize="${dataSource.initialSize}" p:minIdle="${dataSource.minIdle}"
			p:maxIdle="${dataSource.maxIdle}" p:maxWait="${dataSource.maxWait}"
			p:maxActive="${dataSource.maxActive}" p:logAbandoned="${dataSource.logAbandoned}"
			p:removeAbandoned="${dataSource.removeAbandoned}"
			p:removeAbandonedTimeout="${dataSource.removeAbandonedTimeout}" /> -->
			
	<!-- Mybatis's sqlSessionFactory config -->

	<bean id="sqlSessionFactory" class="org.mybatis.spring.SqlSessionFactoryBean"
		p:dataSource-ref="dataSource" p:configLocation="classpath:config/mybatis-config.xml"
		p:mapperLocations="classpath:mapper/*.xml" />

	<bean name="transactionManager"
		class="org.springframework.jdbc.datasource.DataSourceTransactionManager">
		<property name="dataSource" ref="dataSource"></property>
	</bean>

	<!-- 启用事务 -->
	<tx:annotation-driven transaction-manager="transactionManager" />

</beans> 

