<?xml version="1.0" encoding="UTF-8"?>
<Transaction>
	<Transaction_Header>
		<SYS_TX_VRSN><![CDATA[01]]></SYS_TX_VRSN>
		<SYS_MSG_LEN><![CDATA[]]></SYS_MSG_LEN>
		<SYS_RECV_TIME><![CDATA[20161231101658630]]></SYS_RECV_TIME>
		<SYS_RESP_TIME><![CDATA[20161231101658786]]></SYS_RESP_TIME>
		<SYS_PKG_STS_TYPE><![CDATA[01]]></SYS_PKG_STS_TYPE>
		<SYS_TX_STATUS><![CDATA[00]]></SYS_TX_STATUS>
		<SYS_RESP_CODE><![CDATA[000000000000]]></SYS_RESP_CODE>
		<SYS_RESP_DESC_LEN><![CDATA[]]></SYS_RESP_DESC_LEN>
		<SYS_RESP_DESC><![CDATA[]]></SYS_RESP_DESC>
		<SYS_EVT_TRACE_ID><![CDATA[1010010011483150618894290]]></SYS_EVT_TRACE_ID>
		<SYS_SND_SERIAL_NO><![CDATA[0000000000]]></SYS_SND_SERIAL_NO>
		<IttParty_Jrnl_No><![CDATA[20161216101527422287]]></IttParty_Jrnl_No>
		<SYS_TX_CODE><![CDATA[P1CMSTP20]]></SYS_TX_CODE>
		<CHNL_CUST_NO><![CDATA[SZ44030110533173002]]></CHNL_CUST_NO>
		<tran_response>
			<status><![CDATA[COMPLETE]]></status>
		</tran_response>
	</Transaction_Header>
	<Transaction_Body>
		<response>
			<Btch_ID><![CDATA[PSVC20161216000000002]]></Btch_ID>
			<Rsp_ID><![CDATA[1]]></Rsp_ID>
			<RDsc><![CDATA[]]></RDsc>
		</response>
	</Transaction_Body>
</Transaction>
