<?xml version="1.0" encoding="UTF-8"?>
<Transaction>
         <Transaction_Header>
                   <SYS_TX_VRSN><![CDATA[01]]></SYS_TX_VRSN>
                   <SYS_MSG_LEN><![CDATA[]]></SYS_MSG_LEN>
                   <SYS_RECV_TIME><![CDATA[20161121022238951]]></SYS_RECV_TIME>
                   <SYS_RESP_TIME><![CDATA[20161121022239141]]></SYS_RESP_TIME>
                   <SYS_PKG_STS_TYPE><![CDATA[01]]></SYS_PKG_STS_TYPE>
                   <SYS_TX_STATUS><![CDATA[00]]></SYS_TX_STATUS>
                   <SYS_RESP_CODE><![CDATA[000000000000]]></SYS_RESP_CODE>
                   <SYS_RESP_DESC_LEN><![CDATA[]]></SYS_RESP_DESC_LEN>
                   <SYS_RESP_DESC><![CDATA[成功]]></SYS_RESP_DESC>
                   <SYS_EVT_TRACE_ID><![CDATA[1010010011479709359124150]]></SYS_EVT_TRACE_ID>
                   <SYS_SND_SERIAL_NO><![CDATA[0000000000]]></SYS_SND_SERIAL_NO>
                   <TOTAL_PAGE>1</TOTAL_PAGE>
                   <TOTAL_REC>1</TOTAL_REC>
                   <CURR_TOTAL_PAGE>1</CURR_TOTAL_PAGE>
                   <CURR_TOTAL_REC><![CDATA[1]]></CURR_TOTAL_REC>
                   <STS_TRACE_ID><![CDATA[]]></STS_TRACE_ID>
                   <IttParty_Jrnl_No><![CDATA[20161121100039497421]]></IttParty_Jrnl_No>
                   <SYS_TX_CODE><![CDATA[P1CMSET36]]></SYS_TX_CODE>
                   <CHNL_CUST_NO><![CDATA[SZ44030110533173002]]></CHNL_CUST_NO>
                   <tran_response>
                            <status><![CDATA[COMPLETE]]></status>
                   </tran_response>
         </Transaction_Header>
         <Transaction_Body>
                   <response>
                            <SvPt_Bsn_Dt><![CDATA[]]></SvPt_Bsn_Dt>
                            <Ret_File_Nm><![CDATA[]]></Ret_File_Nm>
                            <ASPD_ECD><![CDATA[]]></ASPD_ECD>
                            <WF_FCN_ID><![CDATA[]]></WF_FCN_ID>
                            <Rvl_Rcrd_Num><![CDATA[1]]></Rvl_Rcrd_Num>
                            <LIST1 p_type="G">
                                     <Txn_Dt><![CDATA[20161121]]></Txn_Dt>
                                     <Txn_Tm><![CDATA[141103]]></Txn_Tm>
                                     <Csz_Txn_ID><![CDATA[]]></Csz_Txn_ID>
                                     <Csz_Txn_Nm><![CDATA[]]></Csz_Txn_Nm>
                                     <CshMgt_TxnSrlNo><![CDATA[CN000s61201611211411036040084515]]></CshMgt_TxnSrlNo>
                                     <WF_BIZ_ID><![CDATA[]]></WF_BIZ_ID>
                                     <Cmpt_Rltv_Jrnl_No><![CDATA[]]></Cmpt_Rltv_Jrnl_No>
                                     <CstPty_TxnSrlNo><![CDATA[20161121100039497576]]></CstPty_TxnSrlNo>
                                     <Pyr_CCstTr_ID><![CDATA[CMN0002513822]]></Pyr_CCstTr_ID>
                                     <Pyr_CCstTrNdID><![CDATA[ND48089000000053258200010]]></Pyr_CCstTrNdID>
                                     <Pyr_DpBkNm><![CDATA[中国建设银行股份有限公司深圳华侨城支行]]></Pyr_DpBkNm>
                                     <Pyr_DepBnk_No><![CDATA[442000007]]></Pyr_DepBnk_No>
                                     <Pyr_BnkCD><![CDATA[]]></Pyr_BnkCD>
                                     <Pyr_BkCgyCd><![CDATA[01]]></Pyr_BkCgyCd>
                                     <Pyr_Cst_AccNo><![CDATA[44201518300052516139]]></Pyr_Cst_AccNo>
                                     <Pyr_AccNm><![CDATA[公司七二]]></Pyr_AccNm>
                                     <Pyr_Acc_CgyCd><![CDATA[02]]></Pyr_Acc_CgyCd>
                                     <Pyr_Adr><![CDATA[]]></Pyr_Adr>
                                     <RcvPrt_CCstTr_ID><![CDATA[]]></RcvPrt_CCstTr_ID>
                                     <RcvPrt_CCstTrNdID><![CDATA[]]></RcvPrt_CCstTrNdID>
                                     <RcvPrt_DpBkNm><![CDATA[中国建设银行股份有限公司深圳华侨城支行]]></RcvPrt_DpBkNm>
                                     <RcvPrt_DepBnk_No><![CDATA[442000007]]></RcvPrt_DepBnk_No>
                                     <RcvPrt_BnkCD><![CDATA[]]></RcvPrt_BnkCD>
                                     <RcvPrt_BkCgyCd><![CDATA[01]]></RcvPrt_BkCgyCd>
                                     <RcvPrt_Cst_AccNo><![CDATA[44201518300052530489]]></RcvPrt_Cst_AccNo>
                                     <RcvPtAc_Nm><![CDATA[公司七二]]></RcvPtAc_Nm>
                                     <RcvPtAc_CgyCd><![CDATA[02]]></RcvPtAc_CgyCd>
                                     <RcvPrt_Adr><![CDATA[]]></RcvPrt_Adr>
                                     <Rqs_Amt>1.00</Rqs_Amt>
                                     <HpnAm>1.00</HpnAm>
                                     <Urgnt_TpCd><![CDATA[01]]></Urgnt_TpCd>
                                     <Use_Nm><![CDATA[REIMBURSE]]></Use_Nm>
                                     <CshMgt_Use_ID><![CDATA[]]></CshMgt_Use_ID>
                                     <Rmrk><![CDATA[REIMBURSE]]></Rmrk>
                                     <RvPy_Bdgt_Use_ID><![CDATA[]]></RvPy_Bdgt_Use_ID>
                                     <RvPy_Bdgt_Use_Nm><![CDATA[]]></RvPy_Bdgt_Use_Nm>
                                     <Trgr_Amt>0.00</Trgr_Amt>
                                     <Py_Cnd_TpCd><![CDATA[00]]></Py_Cnd_TpCd>
                                     <STBal_Val>0.00</STBal_Val>
                                     <Scl_Fctr>0.00000</Scl_Fctr>
                                     <Roud_NbrOfBit><![CDATA[]]></Roud_NbrOfBit>
                                     <RvPy_ExMd_Cd><![CDATA[0]]></RvPy_ExMd_Cd>
                                     <Rsrvtn_Exec_Dt><![CDATA[]]></Rsrvtn_Exec_Dt>
                                     <Rsrvtn_Exec_Tm><![CDATA[]]></Rsrvtn_Exec_Tm>
                                     <Frq_MtdCd><![CDATA[]]></Frq_MtdCd>
                                     <FxFrq_Exec_Dt_Dsc><![CDATA[]]></FxFrq_Exec_Dt_Dsc>
                                     <Prsz_Inf_1><![CDATA[]]></Prsz_Inf_1>
                                     <Prsz_Inf_2><![CDATA[]]></Prsz_Inf_2>
                                     <Prsz_Inf_3><![CDATA[]]></Prsz_Inf_3>
                                     <Prsz_Inf_4><![CDATA[]]></Prsz_Inf_4>
                                     <Prsz_Inf_5><![CDATA[]]></Prsz_Inf_5>
                                     <Prsz_Inf_6><![CDATA[]]></Prsz_Inf_6>
                                     <Prsz_Inf_7><![CDATA[]]></Prsz_Inf_7>
                                     <Prsz_Inf_8><![CDATA[]]></Prsz_Inf_8>
                                     <Prsz_Inf_9><![CDATA[]]></Prsz_Inf_9>
                                     <Prsz_Inf_10><![CDATA[]]></Prsz_Inf_10>
                                     <Prsz_Inf_Nm_1><![CDATA[]]></Prsz_Inf_Nm_1>
                                     <Prsz_Inf_Nm_2><![CDATA[]]></Prsz_Inf_Nm_2>
                                     <Prsz_Inf_Nm_3><![CDATA[]]></Prsz_Inf_Nm_3>
                                     <Prsz_Inf_Nm_4><![CDATA[]]></Prsz_Inf_Nm_4>
                                     <Prsz_Inf_Nm_5><![CDATA[]]></Prsz_Inf_Nm_5>
                                     <Prsz_Inf_Nm_6><![CDATA[]]></Prsz_Inf_Nm_6>
                                     <Prsz_Inf_Nm_7><![CDATA[]]></Prsz_Inf_Nm_7>
                                     <Prsz_Inf_Nm_8><![CDATA[]]></Prsz_Inf_Nm_8>
                                     <Prsz_Inf_Nm_9><![CDATA[]]></Prsz_Inf_Nm_9>
                                     <Prsz_Inf_Nm_10><![CDATA[]]></Prsz_Inf_Nm_10>
                                     <Doc_Inf><![CDATA[]]></Doc_Inf>
                                     <CshMgt_Txn_Rslt_Cd><![CDATA[1]]></CshMgt_Txn_Rslt_Cd>
                                     <CCBS_Jrnl_No><![CDATA[4420000070NCPT08C8C]]></CCBS_Jrnl_No>
                                     <Hst_Txn_Dt><![CDATA[20161121]]></Hst_Txn_Dt>
                                     <Cst_Inpt_Dt><![CDATA[]]></Cst_Inpt_Dt>
                                     <Cst_Inpt_Tm><![CDATA[]]></Cst_Inpt_Tm>
                                     <Cst_Dlv_Dt><![CDATA[20161121]]></Cst_Dlv_Dt>
                                     <Cst_Dlv_Tm><![CDATA[141039000]]></Cst_Dlv_Tm>
                                     <Cst_Csz_Dt><![CDATA[]]></Cst_Csz_Dt>
                                     <Cst_Csz_Tm><![CDATA[]]></Cst_Csz_Tm>
                                     <Tfr_MtdCd><![CDATA[5]]></Tfr_MtdCd>
                                     <Rsrv_Fld_1><![CDATA[]]></Rsrv_Fld_1>
                                     <Rsrv_Fld_2><![CDATA[]]></Rsrv_Fld_2>
                                     <Rsrv_Fld_3><![CDATA[]]></Rsrv_Fld_3>
                                     <Rsrv_Fld_4><![CDATA[]]></Rsrv_Fld_4>
                                     <Rsrv_Fld_5><![CDATA[]]></Rsrv_Fld_5>
                                     <Rsrv_Fld_6><![CDATA[]]></Rsrv_Fld_6>
                                     <Rsrv_Fld_7><![CDATA[]]></Rsrv_Fld_7>
                                     <Rsrv_Fld_8><![CDATA[]]></Rsrv_Fld_8>
                                     <Rsrv_Fld_9><![CDATA[]]></Rsrv_Fld_9>
                                     <Rsrv_Fld_10><![CDATA[]]></Rsrv_Fld_10>
                                     <Err_Inf><![CDATA[]]></Err_Inf>
                                     <CshMgt_Err_Cd><![CDATA[]]></CshMgt_Err_Cd>
                                     <CstPty_Py_Jrnl_No><![CDATA[20161121100039497576]]></CstPty_Py_Jrnl_No>
                                     <Cptl_Frz_TpCd><![CDATA[]]></Cptl_Frz_TpCd>
                            </LIST1>
                            <TOTAL_PAGE>1</TOTAL_PAGE>
                            <TOTAL_REC>1</TOTAL_REC>
                            <CURR_TOTAL_PAGE>1</CURR_TOTAL_PAGE>
                            <CURR_TOTAL_REC><![CDATA[1]]></CURR_TOTAL_REC>
                            <STS_TRACE_ID><![CDATA[]]></STS_TRACE_ID>
                   </response>
         </Transaction_Body>
</Transaction>
