<?xml version="1.0" encoding="UTF-8"?>
<Transaction>
	<Transaction_Header>
		<SYS_TX_VRSN><![CDATA[01]]></SYS_TX_VRSN>
		<SYS_MSG_LEN><![CDATA[]]></SYS_MSG_LEN>
		<SYS_RECV_TIME><![CDATA[20161231013806104]]></SYS_RECV_TIME>
		<SYS_RESP_TIME><![CDATA[20161231013806162]]></SYS_RESP_TIME>
		<SYS_PKG_STS_TYPE><![CDATA[01]]></SYS_PKG_STS_TYPE>
		<SYS_TX_STATUS><![CDATA[00]]></SYS_TX_STATUS>
		<SYS_RESP_CODE><![CDATA[000000000000]]></SYS_RESP_CODE>
		<SYS_RESP_DESC_LEN><![CDATA[]]></SYS_RESP_DESC_LEN>
		<SYS_RESP_DESC><![CDATA[]]></SYS_RESP_DESC>
		<SYS_EVT_TRACE_ID><![CDATA[1010010011483162686297490]]></SYS_EVT_TRACE_ID>
		<SYS_SND_SERIAL_NO><![CDATA[0000000000]]></SYS_SND_SERIAL_NO>
		<TOTAL_PAGE>1</TOTAL_PAGE>
		<TOTAL_REC>3</TOTAL_REC>
		<CURR_TOTAL_PAGE>1</CURR_TOTAL_PAGE>
		<CURR_TOTAL_REC><![CDATA[200]]></CURR_TOTAL_REC>
		<STS_TRACE_ID><![CDATA[]]></STS_TRACE_ID>
		<IttParty_Jrnl_No><![CDATA[20161216101527422287]]></IttParty_Jrnl_No>
		<SYS_TX_CODE><![CDATA[P1CMSTP22]]></SYS_TX_CODE>
		<CHNL_CUST_NO><![CDATA[SZ44030110533173002]]></CHNL_CUST_NO>
		<tran_response>
			<status><![CDATA[COMPLETE]]></status>
		</tran_response>
	</Transaction_Header>
	<Transaction_Body>
		<response>
			<INST_GRP p_type="G">
				<TrdPCt_ID_Fst_ID><![CDATA[20161216101527422290]]></TrdPCt_ID_Fst_ID>
				<TrdPCt_AccNo><![CDATA[44201518300052529665]]></TrdPCt_AccNo>
				<Acc_AccNm><![CDATA[公司七二]]></Acc_AccNm>
				<TrdPCt_Nm><![CDATA[]]></TrdPCt_Nm>
				<TrdPCt_Crdt_TpCd><![CDATA[1010]]></TrdPCt_Crdt_TpCd>
				<TrdPCt_Crdt_No><![CDATA[]]></TrdPCt_Crdt_No>
				<Srp_Txnamt><![CDATA[3.33]]></Srp_Txnamt>
				<SRP_Act_TxnAmt><![CDATA[3.33]]></SRP_Act_TxnAmt>
				<SCSP_Txn_StCd><![CDATA[03]]></SCSP_Txn_StCd>
				<MltltAgrm_No><![CDATA[]]></MltltAgrm_No>
				<IntrBnk_IndCd><![CDATA[0]]></IntrBnk_IndCd>
				<IwBk_BrNo><![CDATA[]]></IwBk_BrNo>
				<IwBk_BkNm><![CDATA[建行深圳市华侨城支行]]></IwBk_BkNm>
				<Medm_TpCd><![CDATA[02]]></Medm_TpCd>
				<Err_Cd><![CDATA[00000]]></Err_Cd>
				<Err_Rsn><![CDATA[交易成功]]></Err_Rsn>
			</INST_GRP>
		</response>
	</Transaction_Body>
</Transaction>
