<?xml version="1.0" encoding="UTF-8"?>
<Transaction>
	<Transaction_Header>
		<SYS_TX_VRSN><![CDATA[01]]></SYS_TX_VRSN>
		<SYS_MSG_LEN><![CDATA[0000000747]]></SYS_MSG_LEN>
		<SYS_RECV_TIME><![CDATA[20161121091659706]]></SYS_RECV_TIME>
		<SYS_RESP_TIME><![CDATA[20161121091701317]]></SYS_RESP_TIME>
		<SYS_PKG_STS_TYPE><![CDATA[01]]></SYS_PKG_STS_TYPE>
		<SYS_TX_STATUS><![CDATA[00]]></SYS_TX_STATUS>
		<SYS_EVT_TRACE_ID><![CDATA[1010010011479691019668380]]></SYS_EVT_TRACE_ID>
		<IttParty_Jrnl_No><![CDATA[20161121490432991278]]></IttParty_Jrnl_No>
		<SYS_TX_CODE><![CDATA[P1OPME001]]></SYS_TX_CODE>
		<CHNL_CUST_NO><![CDATA[SZ44030110533173002]]></CHNL_CUST_NO>
		<tran_response>
			<status><![CDATA[COMPLETE]]></status>
		</tran_response>
	</Transaction_Header>
	<Transaction_Body>
		<response/>
	</Transaction_Body>
</Transaction>
