<?xml version="1.0" encoding="UTF-8"?>
<Transaction>
	<Transaction_Header>
		<SYS_TX_VRSN><![CDATA[01]]></SYS_TX_VRSN>
		<SYS_MSG_LEN><![CDATA[]]></SYS_MSG_LEN>
		<SYS_RECV_TIME><![CDATA[20161101031133984]]></SYS_RECV_TIME>
		<SYS_RESP_TIME><![CDATA[20161101031136510]]></SYS_RESP_TIME>
		<SYS_PKG_STS_TYPE><![CDATA[01]]></SYS_PKG_STS_TYPE>
		<SYS_TX_STATUS><![CDATA[00]]></SYS_TX_STATUS>
		<SYS_RESP_CODE><![CDATA[000000000000]]></SYS_RESP_CODE>
		<SYS_RESP_DESC_LEN><![CDATA[]]></SYS_RESP_DESC_LEN>
		<SYS_RESP_DESC><![CDATA[成功]]></SYS_RESP_DESC>
		<SYS_EVT_TRACE_ID><![CDATA[1010010011477984294944930]]></SYS_EVT_TRACE_ID>
		<SYS_SND_SERIAL_NO><![CDATA[0000000000]]></SYS_SND_SERIAL_NO>
		<TOTAL_PAGE>0</TOTAL_PAGE>
		<TOTAL_REC>0</TOTAL_REC>
		<CURR_TOTAL_PAGE>0</CURR_TOTAL_PAGE>
		<CURR_TOTAL_REC><![CDATA[0]]></CURR_TOTAL_REC>
		<STS_TRACE_ID><![CDATA[]]></STS_TRACE_ID>
		<IttParty_Jrnl_No><![CDATA[20161101115572337593]]></IttParty_Jrnl_No>
		<SYS_TX_CODE><![CDATA[P1CMSET35]]></SYS_TX_CODE>
		<CHNL_CUST_NO><![CDATA[SZ44030110533173001]]></CHNL_CUST_NO>
		<tran_response>
			<status><![CDATA[COMPLETE]]></status>
		</tran_response>
	</Transaction_Header>
	<Transaction_Body>
		<response>
			<SvPt_Bsn_Dt><![CDATA[]]></SvPt_Bsn_Dt>
			<Ret_File_Nm><![CDATA[]]></Ret_File_Nm>
			<ASPD_ECD><![CDATA[]]></ASPD_ECD>
			<WF_FCN_ID><![CDATA[]]></WF_FCN_ID>
			<CshMgt_TxnSrlNo><![CDATA[CN000s61201611011513238300080118]]></CshMgt_TxnSrlNo>
			<Csz_Txn_ID><![CDATA[]]></Csz_Txn_ID>
			<CCBS_Jrnl_No><![CDATA[4420000070MZPZNINGA]]></CCBS_Jrnl_No>
			<Hst_Txn_Dt><![CDATA[20161101]]></Hst_Txn_Dt>
			<CshMgt_Txn_Rslt_Cd><![CDATA[1]]></CshMgt_Txn_Rslt_Cd>
			<Err_Inf><![CDATA[]]></Err_Inf>
			<CshMgt_Err_Cd><![CDATA[]]></CshMgt_Err_Cd>
			<TOTAL_PAGE>0</TOTAL_PAGE>
			<TOTAL_REC>0</TOTAL_REC>
			<CURR_TOTAL_PAGE>0</CURR_TOTAL_PAGE>
			<CURR_TOTAL_REC><![CDATA[0]]></CURR_TOTAL_REC>
			<STS_TRACE_ID><![CDATA[]]></STS_TRACE_ID>
		</response>
	</Transaction_Body>
</Transaction>
