<?xml version="1.0" encoding="UTF-8" ?>
<!DOCTYPE mapper PUBLIC "-//mybatis.org//DTD Mapper 3.0//EN" "http://mybatis.org/dtd/mybatis-3-mapper.dtd">
<mapper namespace="fileMetaMapper">
    <resultMap id="fileMap" type="com.pingan.pafa.stp.wefiles.nas.dto.FileMetaDTO"/>

	<!-- 查询单条记录 -->
    <select id="select" parameterType="java.lang.String" resultMap="fileMap">
		SELECT CONTENT_TYPE,FILE_NAME,FILE_ID,EXPIRED_DATE,EXPIRED_TIME,FILE_SIZE,STATUS,CHARSET,REAL_NAS_PATH,NAMESPACE,ALIAS_NAME,ALIAS_ID,CREATED_DATE
		FROM T_FILE_META 
		WHERE FILE_ID = #{fileId} ;
	</select>

    <select id="selectByAlias" parameterType="java.lang.String" resultMap="fileMap">
		SELECT CONTENT_TYPE,FILE_NAME,FILE_ID,EXPIRED_DATE,EXPIRED_TIME,FILE_SIZE,STATUS,CHARSET,REAL_NAS_PATH,NAMESPACE,ALIAS_NAME,ALIAS_ID,CREATED_DATE 
		FROM T_FILE_META 
		WHERE ALIAS_ID = #{aliasId} ;
	</select>

    <!-- 新增记录 -->
    <insert id="insert" parameterType="com.pingan.pafa.stp.wefiles.nas.dto.FileMetaDTO">
		INSERT INTO T_FILE_META(CONTENT_TYPE,FILE_NAME,FILE_ID,EXPIRED_DATE,EXPIRED_TIME,FILE_SIZE,STATUS,CHARSET,REAL_NAS_PATH,NAMESPACE,ALIAS_NAME,ALIAS_ID,CREATED_DATE)
		VALUES(#{contentType},#{fileName},#{fileId},#{expiredDate},#{expiredTime},#{fileSize},#{status},#{charset},#{realNasPath},#{namespace},#{aliasName},#{aliasId},now()) ;
	</insert>
	
    <!-- 修改记录 -->
    <update id="updateStatus" parameterType="com.pingan.pafa.stp.wefiles.nas.dto.FileMetaDTO">
		UPDATE T_FILE_META 
		SET STATUS = #{status} 
		WHERE FILE_ID = #{fileId} ;
	</update>
	
</mapper> 