<?xml version="1.0" encoding="UTF-8" ?>
<!DOCTYPE mapper PUBLIC "-//mybatis.org//DTD Mapper 3.0//EN" "http://mybatis.org/dtd/mybatis-3-mapper.dtd" >
<mapper namespace="com.sfpay.acquirer.dao.IAccountInfoDao">
	<resultMap id="AccountInfo" type="com.sfpay.acquirer.domain.AccountInfo">
	    <result column="ID" property="id" jdbcType="NUMERIC"/>
		<result column="BANK_CODE" property="bankCode"/>
		<result column="BANK_NAME" property="bankName"/>
		<result column="ACCOUNT_NO" property="accountNo"/>
		<result column="ACCOUNT_NAME" property="accountName"/>
		<result column="SUB_BANK_NO" property="subBankNo"/>
		<result column="SUB_BANK_NAME" property="subBankName"/>
		<result column="OB_NO" property="openingBankNo"/>
		<result column="OB_NAME" property="openingBankName"/>
		<result column="OB_PROVINCE" property="province"/>
		<result column="OB_PROVINCE_N" property="provinceName"/>
		<result column="OB_CITY" property="city"/>
		<result column="OB_CITY_N" property="cityName"/>
		<result column="STORE_CODE" property="storeCode"/>
		<result column="STORE_NAME_CN" property="storeNameCN"/>
		<result column="STORE_NAME_EN" property="storeNameEN"/>
		<result column="STATUS" property="status"/>
		<result column="REMARK" property="remark"/>
		<result column="ACCT_TYPE" property="acctType"/>
		<result column="CCY" property="ccy"/>
		<result column="ACCT_USE_DESC" property="acctUseDesc"/>
		<result column="CHANNEL_CODE_GROUP" property="channelCodeGroup"/>
	</resultMap>
	
	<sql id="sqlQueryAccountInfoPage">
		FROM dm_ebank.ACCOUNT_INFO t, dm_acq.BANK_INFO b WHERE t.BANK_CODE=b.BANK_CODE
		<if test="param.bankCode != null and param.bankCode != ''"> AND t.BANK_CODE = #{param.bankCode} </if>
		<if test="param.accountNo != null and param.accountNo != ''"> AND t.ACCOUNT_NO = #{param.accountNo} </if>
	</sql>
	<select id="queryAccountInfoPageCount" resultType="java.lang.Long">
		SELECT COUNT(1) <include refid="sqlQueryAccountInfoPage"/>
	</select>
	<select id="queryAccountInfoPageList" resultMap="AccountInfo">
		select * from (
			SELECT ROWNUM pos, t.id,t.BANK_CODE,t.ACCOUNT_NO,t.ACCOUNT_NAME,t.OB_NO as SUB_BANK_NO,t.OB_NAME as SUB_BANK_NAME,
				t.OB_NO,t.OB_NAME,t.OB_PROVINCE,t.OB_PROVINCE_N,t.OB_CITY,t.OB_CITY_N,
				'' as STORE_CODE,'' as STORE_NAME_CN,'' as STORE_NAME_EN,
				decode(t.STATUS,'Y','ENABLED','DISABLED') as STATUS,t.REMARK,b.BANK_NAME, 
				decode(t.ACCT_TYPE,'C','COMPANY','PERSON') as ACCT_TYPE,t.CCY,'' as ACCT_USE_DESC,'B2E' as CHANNEL_CODE_GROUP
			<include refid="sqlQueryAccountInfoPage"/>
			<![CDATA[ AND rownum <= #{end} ]]>
		) t where <![CDATA[ t.pos > #{start} ]]> order by t.BANK_CODE
	</select>
	
	<select id="queryAccountInfo" parameterType="java.lang.Long" resultMap="AccountInfo">
		SELECT
			t.ID, t.BANK_CODE,t.ACCOUNT_NO,t.ACCOUNT_NAME,t.OB_NO as SUB_BANK_NO,t.OB_NAME as SUB_BANK_NAME,
			t.OB_NO,t.OB_NAME,t.OB_PROVINCE,t.OB_PROVINCE_N,t.OB_CITY,t.OB_CITY_N,
			'' as STORE_CODE,'' as STORE_NAME_CN,'' as STORE_NAME_EN,decode(t.STATUS,'Y','ENABLED','DISABLED') as STATUS,t.REMARK,b.BANK_NAME,
			decode(t.ACCT_TYPE,'C','COMPANY','PERSON') as ACCT_TYPE,t.CCY,'' AS ACCT_USE_DESC,'B2E' AS CHANNEL_CODE_GROUP
		FROM dm_ebank.ACCOUNT_INFO t, dm_acq.BANK_INFO b WHERE t.BANK_CODE=b.BANK_CODE AND t.ID=#{id, jdbcType=NUMERIC}
	</select>
	
	<select id="queryAccountInfoByAccountNo"  resultMap="AccountInfo">
		SELECT
			t.ID, t.BANK_CODE,t.ACCOUNT_NO,t.ACCOUNT_NAME,t.OB_NO as SUB_BANK_NO,t.OB_NAME as SUB_BANK_NAME,
			t.OB_NO,t.OB_NAME,t.OB_PROVINCE,t.OB_PROVINCE_N,t.OB_CITY,t.OB_CITY_N,
			'' as STORE_CODE,'' as STORE_NAME_CN,'' as STORE_NAME_EN,decode(t.STATUS,'Y','ENABLED','DISABLED') as STATUS,t.REMARK,b.BANK_NAME,decode(t.ACCT_TYPE,'C','COMPANY','PERSON') as ACCT_TYPE
		FROM dm_ebank.ACCOUNT_INFO t, dm_acq.BANK_INFO b WHERE t.BANK_CODE=b.BANK_CODE AND t.ACCOUNT_NO=#{accountNo, jdbcType=VARCHAR}
	</select>
	
	<select id="findAccount" resultType="com.sfpay.acquirer.domain.Account">
		select t.bank_code bankCode, t.bank_name bankName, c.channel_code channelCode, r.order_type orderType,
		       r.fund_way fundWay, t.account_no accountNo, t.account_name accountName, t.ob_no openingBankNo,
		       t.ob_name openingBankName, t.ob_province province, t.ob_city city, t.store_code storeCode,
		       t.store_name_cn storeNameCN, t.store_name_en storeNameEN,t.ACCT_TYPE,t.CCY,t.ACCT_USE_DESC,t.CHANNEL_CODE_GROUP
		from dm_acq.acct_biz_detail_rel r, dm_acq.channel c, (
			select bi.bank_code, bi.bank_name, ai.id, ai.account_no, ai.account_name, ai.ob_no, ai.ob_name,
				   ai.ob_province, ai.ob_city, '' as store_code, '' as store_name_cn, '' as store_name_en,
				   decode(ai.ACCT_TYPE,'C','COMPANY','PERSON') as ACCT_TYPE,ai.CCY, '' as ACCT_USE_DESC,'B2E' as CHANNEL_CODE_GROUP
			from dm_acq.bank_info bi, dm_ebank.ACCOUNT_INFO ai
			where bi.bank_code = ai.bank_code and ai.status = 'ENABLED' and ai.bank_code=#{bank, jdbcType=VARCHAR}
		) t where r.account_no = t.account_no and r.channel_code = c.channel_code 
		and c.channel_code=#{channel, jdbcType=VARCHAR} and r.fund_way=#{fundWay, jdbcType=VARCHAR} and r.order_type=#{type, jdbcType=VARCHAR}
 	</select>
	
	<update id="updateStatus">
		update dm_ebank.ACCOUNT_INFO
		<set>
			STATUS=#{status},
			<if test="remark != null">REMARK=#{remark},</if>
			UPDATE_DATE=systimestamp
		</set>		
		where ACCOUNT_NO=#{accountNo, jdbcType=VARCHAR}
	</update>
	
	<update id="updateAccountInfo">
		update dm_ebank.ACCOUNT_INFO
		<set>
			<if test="param.bankCode != null and param.bankCode != ''">BANK_CODE=#{param.bankCode},</if>
			<if test="param.accountName != null and param.accountName != ''">ACCOUNT_NAME=#{param.accountName},</if>
			<if test="param.openingBankNo != null and param.openingBankNo != ''">OB_NO=#{param.openingBankNo},</if>
			<if test="param.openingBankName != null and param.openingBankName != ''">OB_NAME=#{param.openingBankName},</if>
			<if test="param.province != null and param.province != ''">OB_PROVINCE=#{param.province},</if>
			<if test="param.provinceName != null and param.provinceName != ''">OB_PROVINCE_N=#{param.provinceName},</if>
			<if test="param.city != null and param.city != ''">OB_CITY=#{param.city},</if>
			<if test="param.cityName != null and param.cityName != ''">OB_CITY_N=#{param.cityName},</if>
			<if test="param.ccy != null ">CCY=#{param.ccy},</if>
			UPDATE_DATE=systimestamp
		</set>		
		where ACCOUNT_NO=#{param.accountNo, jdbcType=VARCHAR}
	</update>
	
	
	<update id="updateAccountInfoById">
		update dm_ebank.ACCOUNT_INFO
		<set>
			<if test="param.bankCode != null">BANK_CODE=#{param.bankCode},</if>
			<if test="param.accountNo != null">ACCOUNT_NO=#{param.accountNo},</if>
			<if test="param.accountName != null">ACCOUNT_NAME=#{param.accountName},</if>
			<if test="param.openingBankNo != null ">OB_NO=#{param.openingBankNo},</if>
			<if test="param.openingBankName != null">OB_NAME=#{param.openingBankName},</if>
			<if test="param.province != null ">OB_PROVINCE=#{param.province},</if>
			<if test="param.provinceName != null ">OB_PROVINCE_N=#{param.provinceName},</if>
			<if test="param.city != null ">OB_CITY=#{param.city},</if>
			<if test="param.cityName != null">OB_CITY_N=#{param.cityName},</if>
			<if test="param.ccy != null ">CCY=#{param.ccy},</if>
			UPDATE_DATE=systimestamp
		</set>		
		where ID=#{param.id}
	</update>
	
	<insert id="addAccountInfo">
		INSERT INTO dm_ebank.ACCOUNT_INFO(
			ID, BANK_CODE, ACCOUNT_NO, ACCOUNT_NAME,   OB_NO, OB_NAME, OB_PROVINCE, OB_PROVINCE_N,
			OB_CITY, OB_CITY_N,REMARK,CCY	) VALUES (
			dm_acq.SEQ_ACCOUNT_INFO.NEXTVAL, #{param.bankCode, jdbcType=VARCHAR}, #{param.accountNo, jdbcType=VARCHAR}, #{param.accountName, jdbcType=VARCHAR},
			#{param.openingBankNo, jdbcType=VARCHAR}, #{param.openingBankName, jdbcType=VARCHAR},
			#{param.province, jdbcType=VARCHAR}, #{param.provinceName, jdbcType=VARCHAR}, #{param.city, jdbcType=VARCHAR}, #{param.cityName, jdbcType=VARCHAR},
			#{param.remark, jdbcType=VARCHAR}, #{param.ccy, jdbcType=VARCHAR}
		)
	</insert>
	
	<select id="queryAccountInfoList" resultMap="AccountInfo">		
		SELECT
			t.id,t.BANK_CODE,t.ACCOUNT_NO,t.ACCOUNT_NAME,t.OB_NO AS SUB_BANK_NO,t.OB_NAME AS SUB_BANK_NAME,
			t.OB_NO,t.OB_NAME,t.OB_PROVINCE,t.OB_PROVINCE_N,t.OB_CITY,t.OB_CITY_N,
			'' AS STORE_CODE,'' AS STORE_NAME_CN,'' AS STORE_NAME_EN,decode(t.STATUS,'Y','ENABLED','DISABLED') as STATUS,t.REMARK,b.BANK_NAME,
			decode(t.ACCT_TYPE,'C','COMPANY','PERSON') as ACCT_TYPE,t.CCY,'' AS ACCT_USE_DESC,'B2E' AS CHANNEL_CODE_GROUP
		FROM dm_ebank.ACCOUNT_INFO t, dm_acq.BANK_INFO b 
		WHERE t.BANK_CODE=b.BANK_CODE 				  
		and t.BANK_CODE=#{bankCode, jdbcType=VARCHAR}
	</select>
	
	<select id="queryBankPayoutReconAccountInfoList" resultMap="AccountInfo">
	  select distinct ab.affiliate_no   as bank_code,
                ab.affiliate_name as bank_name
      from dm_ebank.ACCOUNT_INFO ai
      left join dm_acq.affiliate_bank ab
      on ai.bank_code = ab.affiliate_no 
     where ab.parent_id is null 
       and ab.grade = 1
	</select>
</mapper>