<?xml version="1.0" encoding="UTF-8" ?>
<!DOCTYPE mapper PUBLIC "-//mybatis.org//DTD Mapper 3.0//EN" "http://mybatis.org/dtd/mybatis-3-mapper.dtd" >
<mapper namespace="com.sfpay.acquirer.dao.IAcctBizDao">
	<resultMap id="acctBizDetail" type="com.sfpay.acquirer.domain.AcctBizDetail">
		<result column="CHANNEL_CODE" property="channelCode"/>
		<result column="CHANNEL_NAME" property="channelName"/>
		<result column="BANK_CODE" property="bankCode"/>
		<result column="BANK_NAME" property="bankName"/>
		<result column="account_no" property="accountNo" jdbcType="NUMERIC"/>
		<result column="account_name" property="accountName"/>		
		<result column="order_type" property="orderType"/>	
		<result column="fund_way" property="fundWay"/>		
	</resultMap>
	
	<!-- 分页查询银行账户业务详情 -->
	<sql id="sqlQueryAcctBizPage">
		from dm_acq.acct_biz_detail_rel r, dm_acq.channel c, dm_ebank.account_info a, dm_acq.bank_info b
		where r.channel_code=c.channel_code
		and r.account_no=a.account_no
		and a.bank_code=b.bank_code
		and a.status='Y'
		<if test="channelCode != null and channelCode != ''"> and r.channel_code = #{channelCode}</if>
  		<if test="bankCode != null and bankCode != ''"> and a.bank_code = #{bankCode}</if>
  		<if test="accountNo != null and accountNo != ''"> and r.account_no = #{accountNo}</if>
  		<if test="orderType != null and orderType != ''"> and r.order_type = #{orderType}</if>
  		<if test="fundWay != null and fundWay != ''"> and r.fund_way = #{fundWay}</if>
	</sql>
	<select id="queryAcctBizPageCount" parameterType="map" resultType="java.lang.Long">
		select count(1) <include refid="sqlQueryAcctBizPage"/>
	</select>
	<select id="queryAcctBizPageList"  resultMap="acctBizDetail">
		select * from (
			select rownum position, r.id, r.channel_code, c.channel_name, b.bank_code, b.bank_name,
				r.account_no, a.account_name, r.order_type, r.fund_way
			<include refid="sqlQueryAcctBizPage"/>
			<![CDATA[ and rownum <= #{end} ]]>
		) t where <![CDATA[ t.position > #{start}]]>
		order by t.channel_code, t.bank_code, t.fund_way, t.order_type
	</select><!-- 分页查询银行账户业务详情 End -->
	
	<!-- 查询银行渠道订单类型资金方向记录数  -->
	<select id="queryBankChannelCount" resultType="java.lang.Long">
		select count(1) from dm_acq.acct_biz_detail_rel abdr, dm_ebank.account_info ai
		where abdr.account_no = ai.account_no
		and ai.bank_code = #{param.bankCode, jdbcType=VARCHAR}
		and abdr.channel_code = #{param.channelCode, jdbcType=VARCHAR}
		and abdr.order_type = #{param.orderType, jdbcType=VARCHAR}
		and abdr.fund_way = #{param.fundWay, jdbcType=VARCHAR}
	</select>
	
	<!-- 添加 -->
	<insert id="addAcctBiz" parameterType="com.sfpay.acquirer.domain.AcctBizDetail">
		<selectKey keyProperty="id" resultType="long" order="BEFORE">  
            select dm_acq.SEQ_ACCT_BIZ_DETAIL_REL.Nextval from dual 
   		</selectKey>
		insert into  dm_acq.ACCT_BIZ_DETAIL_REL (
			id,CHANNEL_CODE,ACCOUNT_NO,ORDER_TYPE,FUND_WAY
		) values (
			#{id},#{channelCode,jdbcType=VARCHAR},#{accountNo,jdbcType=VARCHAR},#{orderType,jdbcType=VARCHAR},
			#{fundWay,jdbcType=VARCHAR}
		)
	</insert>
	
	<!-- 删除  -->
	<delete id="deleteAcctBiz" parameterType="java.lang.Long">
		delete from dm_acq.ACCT_BIZ_DETAIL_REL where id=#{id, jdbcType=NUMERIC}
	</delete>	
</mapper>