<?xml version="1.0" encoding="UTF-8" ?>
<!DOCTYPE mapper PUBLIC "-//mybatis.org//DTD Mapper 3.0//EN" "http://mybatis.org/dtd/mybatis-3-mapper.dtd" >
<mapper namespace="com.sfpay.acquirer.dao.IAcctNotifyInfoDao">
	<resultMap id="NotifySubInfo" type="com.sfpay.acquirer.gate.b2e.domain.AccountNotifySubInfo">
	    <result column="ID" property="id" jdbcType="NUMERIC"/>
		<result column="ACCOUNT_NO" property="accNo"/>
		<result column="ACCOUNT_NAME" property="accName"/>
		<result column="CD_SIGN" property="cdSign"/>
		<result column="TRANS_TIME" property="transTime"/>
		<result column="AMT" property="amt"/>
		<result column="PAYER_ACCOUNT_NO" property="recipAccNo"/>
		<result column="PAYER_ACCOUNT_NAME" property="recipAccName"/>
		<result column="USE_DESC" property="useCn"/>	
		<result column="SWIFT_BANK" property="swifBank"/>
		<result column="DETAIL_NO" property="detailNo"/>
		<result column="REV_TRANF" property="revTranf"/>
		<result column="UPD_TRANF" property="updtranf"/>
		<result column="VOUH_TYPE" property="vouhType"/>
		<result column="VOUH_NO" property="vouhNo"/>
		<result column="C_VOUH_TYPE" property="cVouhType"/>
		<result column="C_VOUH_NO" property="cVouhNo"/>
		<result column="PAYER_BANK_NO" property="recipBkNo"/>
		<result column="PAYER_BANK_NAME" property="recipBkName"/>
		<result column="OREG_ACC_NO" property="oregAccNo"/>
		<result column="OREG_ACC_NAME" property="oregAccName"/>
		<result column="OREG_BANK_NO" property="oregBkNo"/>
		<result column="STAT_CODE" property="statCode"/>
		<result column="SETTLE_MODE" property="settleMode"/>
		<result column="SUMMARY" property="summary"/>
		<result column="POSTSCRIPT" property="postScript"/>
		<result column="REF_NO" property="ref"/>
		<result column="OREF" property="oref"/>
		<result column="BUS_CODE" property="busCode"/>
		<result column="EN_SUMMARY" property="enSummary"/>
		<result column="ADD_INFO" property="addinfo"/>
		<result column="ERP_CHK_NO" property="erpChkNo"/>
		<result column="ERP_EFT_REF" property="erpEftRef"/>
		
		
	</resultMap>
	<insert id="addNotifyInfos" parameterType="java.util.List">
		insert all
		<foreach collection="list" item="NotifySubInfo">
		into dm_acq.acct_notify_info(
			ID,  ACCOUNT_NO,CD_SIGN, TRANS_TIME, AMT, PAYER_ACCOUNT_NO
			,PAYER_ACCOUNT_NAME,USE_DESC,SEND_FLAG,SEND_CNT,CREATE_DATE,SWIFT_BANK,DETAIL_NO,REV_TRANF,UPD_TRANF,VOUH_TYPE,VOUH_NO
			,C_VOUH_TYPE,C_VOUH_NO,PAYER_BANK_NO,PAYER_BANK_NAME,OREG_ACC_NO,OREG_ACC_NAME,OREG_BANK_NO,STAT_CODE,SETTLE_MODE,SUMMARY
			,POSTSCRIPT,REF_NO,OREF,BUS_CODE,EN_SUMMARY,ADD_INFO,ERP_CHK_NO,ERP_EFT_REF
		) values (
			dm_acq.SEQ_ACCT_NOTIFY_INFO.NEXTVAL,#{NotifySubInfo.accNo,jdbcType=VARCHAR},
			#{NotifySubInfo.cdSign,jdbcType=CHAR},TO_DATE(#{NotifySubInfo.transTime,jdbcType=VARCHAR},'yyyyMMdd hh24miSS'), 
			#{NotifySubInfo.amt,jdbcType=NUMERIC},#{NotifySubInfo.recipAccNo,jdbcType=VARCHAR},#{NotifySubInfo.recipAccName,jdbcType=VARCHAR},#{NotifySubInfo.useCn,jdbcType=VARCHAR},
			'1','1',SYSDATE,#{NotifySubInfo.swifBank,jdbcType=VARCHAR},#{NotifySubInfo.detailNo,jdbcType=VARCHAR},#{NotifySubInfo.revTranf,jdbcType=VARCHAR},#{NotifySubInfo.updtranf,jdbcType=VARCHAR},
			#{NotifySubInfo.vouhType,jdbcType=VARCHAR},#{NotifySubInfo.vouhNo,jdbcType=VARCHAR},#{NotifySubInfo.cVouhType,jdbcType=VARCHAR},#{NotifySubInfo.cVouhNo,jdbcType=VARCHAR},
			#{NotifySubInfo.recipBkNo,jdbcType=VARCHAR},#{NotifySubInfo.recipBkName,jdbcType=VARCHAR},#{NotifySubInfo.oregAccNo,jdbcType=VARCHAR},#{NotifySubInfo.oregAccName,jdbcType=VARCHAR},
			#{NotifySubInfo.oregBkNo,jdbcType=VARCHAR},#{NotifySubInfo.statCode,jdbcType=VARCHAR},#{NotifySubInfo.settleMode,jdbcType=VARCHAR},#{NotifySubInfo.summary,jdbcType=VARCHAR},
			#{NotifySubInfo.postScript,jdbcType=VARCHAR},#{NotifySubInfo.ref,jdbcType=VARCHAR},#{NotifySubInfo.oref,jdbcType=VARCHAR},#{NotifySubInfo.busCode,jdbcType=VARCHAR},
			#{NotifySubInfo.enSummary,jdbcType=VARCHAR},#{NotifySubInfo.addinfo,jdbcType=VARCHAR},#{NotifySubInfo.erpChkNo,jdbcType=VARCHAR},#{NotifySubInfo.erpEftRef,jdbcType=VARCHAR}			
			
		)
		</foreach>
		select 1 from dual
	</insert>	
</mapper>