<?xml version="1.0" encoding="UTF-8" ?>
<!DOCTYPE mapper PUBLIC "-//mybatis.org//DTD Mapper 3.0//EN" "http://mybatis.org/dtd/mybatis-3-mapper.dtd" >
<mapper namespace="com.sfpay.acquirer.dao.IAffiliateBankDao">
	<resultMap id="affiliateBankMap" type="com.sfpay.acquirer.domain.AffiliateBank">
		<id column="ID" property="id" jdbcType="NUMERIC" />
		<result column="PARENT_ID" property="parentId" jdbcType="NUMERIC" />
		<result column="AFFILIATE_NO" property="affiliateNo" />	
		<result column="AFFILIATE_NAME" property="affiliateName" />	
		<result column="GRADE" property="grade" jdbcType="NUMERIC" />	
		<result column="SHOW_INDEX" property="showIndex" jdbcType="NUMERIC" />	
		<result column="REMARK" property="remark" />	
		<result column="COUNTRY_CODE" property="countryCode" />
		<result column="PROVINCE_CODE" property="provinceCode" />
	</resultMap>
	
	<sql id="affiliateField">
		t.id, t.parent_id, t.affiliate_no, t.affiliate_name, t.province_code, t.country_code, t.grade,
		t.show_index, t.remark
	</sql>
	
	<!-- 查询银行 -->
	<select id="queryBank" resultMap="affiliateBankMap">
		select <include refid="affiliateField" /> from dm_acq.AFFILIATE_BANK t
		where t.parent_id is null and t.grade=1
	</select>
	
	<!-- 按条件查询 -->
	<select id="queryAffiliate" resultMap="affiliateBankMap">
		select <include refid="affiliateField" /> from dm_acq.AFFILIATE_BANK t
		<where>
			<if test="affiliateNo != null and affiliateNo != ''"> and t.parent_id=(
				select t1.id from dm_acq.AFFILIATE_BANK t1 where t1.affiliate_no=#{affiliateNo, jdbcType=VARCHAR}
			)</if>
			<if test="countryCode != null and countryCode !=''"> and t.country_code=#{countryCode, jdbcType=VARCHAR}</if>
			<if test="provinceCode != null and provinceCode !=''"> and t.province_code=#{provinceCode, jdbcType=VARCHAR}</if>
			<if test="affiliateName != null and affiliateName != ''"> and instr(t.affiliate_name, #{affiliateName, jdbcType=VARCHAR}) > 0</if>
		</where>
		order by t.affiliate_no
	</select>
	
	<!-- 分页查询 -->
	<sql id="sqlQueryPage">
		from dm_acq.AFFILIATE_BANK t where 1=1
		<if test="affiliateNo != null and affiliateNo != ''"> and t1.parent_id=(
			select t2.id from AFFILIATE_BANK t2 where t2.affiliate_no=#{affiliateNo, jdbcType=VARCHAR}
		)</if>
		<if test="countryCode != null and countryCode !=''"> and t1.country_code=#{countryCode, jdbcType=VARCHAR}</if>
		<if test="provinceCode != null and provinceCode !=''"> and t1.province_code=#{provinceCode, jdbcType=VARCHAR}</if>
		<if test="affiliateName != null and affiliateName != ''"> and instr(t1.affiliate_name, #{affiliateName, jdbcType=VARCHAR}) > 0</if>
	</sql>
	<select id="queryPageCount" parameterType="map" resultType="java.lang.Long">
		select count(1) <include refid="sqlQueryPage"/>
	</select>
	<select id="queryPage" resultMap="affiliateBankMap">
		select * from (
			select rownum rn, <include refid="affiliateField" /> <include refid="sqlQueryPage"/>
			<![CDATA[ and rownum <= #{end}]]>
		) b where <![CDATA[ b.rn > #{start}]]>
		order by b.ID
	</select>
	
	<!-- 按父银行 -->
	<select id="queryBankByAffiliateNo" resultMap="affiliateBankMap">
		select <include refid="affiliateField" /> from dm_acq.AFFILIATE_BANK t where t.id=(
			select t1.parent_id from dm_acq.AFFILIATE_BANK t1 where t1.affiliate_no=#{affiliateNo, jdbcType=VARCHAR}
		)
	</select>
	
	<!-- 按父银行 -->
	<select id="queryByAffiliateNo" resultMap="affiliateBankMap">
		select <include refid="affiliateField" /> from dm_acq.AFFILIATE_BANK t
		where t.affiliate_no=#{affiliateNo, jdbcType=VARCHAR}
	</select>
	
	<!-- 根据付款渠道查询收款银行 sfhq270 2014-11-24 start -->
	<select id="queryPayBankByPayChannelNo" resultMap="affiliateBankMap">
	SELECT <include refid="affiliateField" />
  		FROM DM_ACQ.AFFILIATE_CHANNEL_REF a
  		INNER JOIN DM_ACQ.AFFILIATE_BANK t
  		ON a.BANK_CODE = t.AFFILIATE_NO
        AND a.PAY_CHANNEL_CODE =#{payChannelNo, jdbcType=VARCHAR}
        AND a.status='ENABLED'
	</select>
	<!-- 根据付款渠道查询收款银行 sfhq270 2014-11-24 end -->
</mapper>