<?xml version="1.0" encoding="UTF-8" ?>
<!DOCTYPE mapper PUBLIC "-//mybatis.org//DTD Mapper 3.0//EN" "http://mybatis.org/dtd/mybatis-3-mapper.dtd" >
<mapper namespace="com.sfpay.acquirer.dao.IApproveListDao">
	<resultMap id="ApproveListInfo" type="com.sfpay.acquirer.domain.paycenter.ApproveListInfo">
	    <result column="ID" property="id" jdbcType="NUMERIC"/>
		<result column="USER_ID" property="username"/>
		<result column="USER_NAME" property="realName"/>
		<result column="ACCT_SET_FLAG" property="acctSetFlag"/>
		<result column="ACCT_SET_NO" property="acctSetNo"/>
		<result column="MAX_OPER" property="maxOper"/>
		<result column="MAX_VALUE" property="maxValue" jdbcType="NUMERIC"/>
		<result column="MIN_OPER" property="minOper" />
		<result column="MIN_VALUE" property="minValue" jdbcType="NUMERIC"/>
		<result column="REMARK" property="remark"/>
		<result column="ENABLE" property="enable"/>
	</resultMap>
	
	<sql id="sqlQueryApproveListPage">
		FROM dm_acq.PAYOUT_APPROVELIST t WHERE 1 = 1 AND t.DELETE_FLAG = '0'
		<if test="param.username != null and param.username != ''"> AND t.USER_ID = #{param.username} </if>
		<if test="param.realName != null and param.realName != ''"> AND instr(t.USER_NAME, #{param.realName}) > 0</if>
		<if test="param.acctSetNo != null and param.acctSetNo != ''"> AND t.ACCT_SET_NO = upper(#{param.acctSetNo}) </if>
		
	</sql>
	<select id="queryApproveListPageCount" resultType="java.lang.Long">
		SELECT COUNT(1) <include refid="sqlQueryApproveListPage"/>
	</select>
	
	
	
	<select id="queryApproveListByPage" resultMap="ApproveListInfo">
		select tt.* from (
			select rownum rn, t2.* from (
				select t.*
				<include refid="sqlQueryApproveListPage"/>
				order by t.CREATE_TIME desc, t.UPDATE_TIME desc
			) t2 where <![CDATA[ rownum <= #{end} ]]>
		) tt where <![CDATA[ tt.rn > #{start} ]]>
	</select>
	
	<select id="queryApproveListById" parameterType="java.lang.Long" resultMap="ApproveListInfo">
		SELECT
			t.id,t.USER_ID,t.USER_NAME,t.ACCT_SET_FLAG,t.ACCT_SET_NO,t.MAX_OPER,t.MAX_VALUE,
			t.MIN_OPER,t.MIN_VALUE,t.REMARK,t.ENABLE
		FROM dm_acq.PAYOUT_APPROVELIST t WHERE 1=1 AND t.ID=#{id, jdbcType=NUMERIC}
	</select>
	
	<insert id="addApproveList">
		INSERT INTO dm_acq.PAYOUT_APPROVELIST(
			ID, 
			USER_ID, 
			USER_NAME, 
			ACCT_SET_FLAG, 
			ACCT_SET_NO, 
			MAX_VALUE, 
			MIN_VALUE,
			REMARK, 
			DELETE_FLAG, 
			CREATE_ID, 
			CREATE_TIME
		) VALUES (
			dm_acq.SEQ_PAYOUT_APPROVLIST.NEXTVAL, 
			#{param.username, jdbcType=VARCHAR},
			#{param.realName, jdbcType=VARCHAR}, 
			#{param.acctSetFlag, jdbcType=VARCHAR},
			upper(#{param.acctSetNo, jdbcType=VARCHAR}), 
			#{param.maxValue, jdbcType=NUMERIC},
			#{param.minValue, jdbcType=NUMERIC},
			#{param.remark, jdbcType=VARCHAR}, 
			'0', 
			#{param.createOper, jdbcType=VARCHAR}, 
			systimestamp
		)
	</insert>
	
	<update id="updateApproveListById">
		update dm_acq.PAYOUT_APPROVELIST
		<set>
			<if test="param.acctSetFlag != null">ACCT_SET_FLAG=#{param.acctSetFlag},</if>
			<if test="param.acctSetNo != null">ACCT_SET_NO=upper(#{param.acctSetNo}),</if>
			<if test="param.realName != null and param.realName !=''">USER_NAME=#{param.realName},</if>
			<if test="param.realName == null or param.realName ==''">USER_NAME=null,</if>
			<if test="param.maxValue != null">MAX_VALUE=#{param.maxValue, jdbcType=NUMERIC},</if>
			<if test="param.maxValue == null">MAX_VALUE=null,</if>
			<if test="param.minValue != null">MIN_VALUE=#{param.minValue, jdbcType=NUMERIC},</if>
			<if test="param.minValue == null">MIN_VALUE=null,</if>
			<if test="param.remark != null and param.remark !=''">REMARK=#{param.remark, jdbcType=VARCHAR},</if>
			<if test="param.remark == null or param.remark ==''">REMARK=null,</if>
			UPDATE_TIME=systimestamp,
			DELETE_FLAG = '0',
			UPDATE_ID=#{param.updateOper, jdbcType=VARCHAR}
		</set>		
		where USER_ID=#{param.username,jdbcType=NUMERIC} AND ACCT_SET_NO=#{param.acctSetNo,jdbcType=VARCHAR}
	</update>
	
	<delete id="delApproveList">
	    delete from dm_acq.PAYOUT_APPROVELIST t where t.id=#{id,jdbcType=NUMERIC}
	</delete>	 
	
	<update id="updateApproveListDelete">
		update dm_acq.PAYOUT_APPROVELIST t
		<set>
			t.DELETE_FLAG = '1',
			t.UPDATE_TIME = systimestamp,
			t.UPDATE_ID = #{param.updateOper, jdbcType=VARCHAR}
		</set>		
		where t.USER_ID = #{param.username} 
		<if test="param.acctSetFlag != null and param.acctSetFlag == 1"> 
			AND t.ACCT_SET_NO = 'ALL'  
		</if>
		<if test="param.acctSetFlag != null and param.acctSetFlag == 0"> 
			AND t.ACCT_SET_FLAG == '1'
		</if>
	</update>	
	
	<update id="updateApproveListDeleteById">
		update dm_acq.PAYOUT_APPROVELIST t
		<set>
			t.DELETE_FLAG = '1',
			t.UPDATE_TIME = systimestamp,
			t.UPDATE_ID = #{param.updateOper, jdbcType=VARCHAR}
		</set>		
		where t.id=#{id,jdbcType=NUMERIC}
	</update>	
	
	<select id="queryApproveListByAcctSetNo" resultMap="ApproveListInfo">
		SELECT
			t.*
		FROM dm_acq.PAYOUT_APPROVELIST t 
		WHERE t.USER_ID = #{param.username} 
		 <if test="param.modifyFlag != null and param.modifyFlag == 0">
			AND t.DELETE_FLAG='0'
		</if> 
		<if test="param.acctSetFlag != null and param.acctSetFlag == 1"> 
			AND t.ACCT_SET_NO = #{param.acctSetNo}
		</if>
		<if test="param.acctSetFlag != null and param.acctSetFlag == 0"> 
			AND t.ACCT_SET_NO = 'ALL'
		</if>
	</select>
	
	<select id="queryApproveListByAcctSetNoAgain" resultMap="ApproveListInfo">
		SELECT
			t.*
		FROM dm_acq.PAYOUT_APPROVELIST t 
		WHERE t.USER_ID = #{param.username} 
		<if test="param.modifyFlag == 0">
			AND t.DELETE_FLAG='1'
		</if> 
		<if test="param.acctSetFlag == 1"> 
			AND t.ACCT_SET_NO = #{param.acctSetNo}
		</if>
		<if test="param.acctSetFlag == 0"> 
			AND t.ACCT_SET_NO = 'ALL'
		</if>
	</select>
	
	<update id="updateApproveListDeleteByUsername">
		update dm_acq.PAYOUT_APPROVELIST t
		<set>
			t.DELETE_FLAG = '1',
			t.UPDATE_TIME = systimestamp,
			t.UPDATE_ID = #{param.updateOper, jdbcType=VARCHAR}
		</set>		
		where t.USER_ID = #{param.username} AND t.DELETE_FLAG = '0'
	</update>
	
	<update id="updateApproveListDeleteByUsernameAll">
		update dm_acq.PAYOUT_APPROVELIST t
		<set>
			t.DELETE_FLAG = '1',
			t.UPDATE_TIME = systimestamp,
			t.UPDATE_ID = #{param.updateOper, jdbcType=VARCHAR}
		</set>		
		where t.USER_ID = #{param.username} AND t.DELETE_FLAG = '0' AND t.ACCT_SET_NO = 'ALL'
	</update>
	
	<select id="queryApproveListByAcctSetNoThird" resultMap="ApproveListInfo">
		SELECT
			t.*
		FROM dm_acq.PAYOUT_APPROVELIST t 
		WHERE t.USER_ID = #{param.username} 
		<if test="param.acctSetFlag != null and param.acctSetFlag == 1"> 
			AND t.ACCT_SET_NO = #{param.acctSetNo}
		</if>
		<if test="param.acctSetFlag != null and param.acctSetFlag == 0"> 
			AND t.ACCT_SET_NO = 'ALL'
		</if>
	</select>
	
	<select id="checkAcctSetNo" resultType="java.lang.Long">
		SELECT
			COUNT(1)
		FROM dm_acq.PAYOUT_APPROVELIST t 
		WHERE t.DELETE_FLAG = '0' AND t.USER_ID = #{param.username} 
				AND t.ACCT_SET_NO = 'ALL'
	</select>
	
	<select id="queryApproveListInfoByAll" resultType="java.lang.Long">
		SELECT
			COUNT(1)
		FROM dm_acq.PAYOUT_APPROVELIST t 
		WHERE t.DELETE_FLAG = '0' AND t.USER_ID = #{param.username}
			<if test="param.acctSetFlag != null">AND t.ACCT_SET_FLAG=#{param.acctSetFlag}</if>
			<if test="param.acctSetNo != null">AND t.ACCT_SET_NO=upper(#{param.acctSetNo})</if>
			<if test="param.maxValue != null">AND t.MAX_VALUE=#{param.maxValue, jdbcType=NUMERIC}</if>
			<if test="param.maxValue == null">AND t.MAX_VALUE is null</if>
			<if test="param.minValue != null">AND t.MIN_VALUE=#{param.minValue, jdbcType=NUMERIC}</if>
			<if test="param.minValue == null">AND t.MIN_VALUE is null</if>
			<if test="param.remark != null and param.remark != ''">AND t.REMARK=#{param.remark, jdbcType=VARCHAR}</if>
			<if test="param.remark == null or param.remark ==''">AND t.REMARK is null</if>
	</select>
	
	
	
	
</mapper>