<?xml version="1.0" encoding="UTF-8" ?>
<!DOCTYPE mapper PUBLIC "-//mybatis.org//DTD Mapper 3.0//EN" "http://mybatis.org/dtd/mybatis-3-mapper.dtd" >
<mapper namespace="com.sfpay.acquirer.dao.rb.IBankReconFileDao">

	<!-- 对账记录实体 -->
	<resultMap id="BankReconFileRlt" type="com.sfpay.acquirer.domain.rb.BankReconFileRlt">
		<result column="id" property="id" jdbcType="NUMERIC" />
		<result column="trade_end_date" property="tradeEndDate"
			jdbcType="TIMESTAMP" />
		<result column="payout_no" property="payoutNo" />
		<result column="bank_trade_date" property="bankTradeTime"
			jdbcType="TIMESTAMP" />
		<result column="payer_bank" property="payerBank" />
		<result column="payer_account_no" property="payerAccountNo" />
		<result column="payer_acct_name" property="payerAcctName" />
		<result column="req_bank_sn" property="reqBankSn" />
		<result column="pay_channel_code" property="payChannelCode" />
		<result column="msg_type" property="msgType" />
		<result column="use_desc" property="useDesc" />
		<result column="ccy" property="ccy" />
		<result column="amt" property="amt" jdbcType="NUMERIC" />
		<result column="trade_status" property="tradeStatus" />
		<result column="bank_amt" property="bankAmt" jdbcType="NUMERIC" />
		<result column="bank_trade_status" property="bankTradeStatus" />
		<result column="bank_ccy" property="bankCcy" />
		<result column="recon_result" property="reconResult" />
		<result column="recon_status" property="reconStatus" />
		<result column="change_recon_flag" property="changeReconFlag" />
		<result column="system_source" property="systemSource" />
		<result column="create_id" property="createId" />
		<result column="update_id" property="updateId" />
		<result column="create_date" property="createDate" jdbcType="TIMESTAMP" />
		<result column="update_date" property="updateDate" jdbcType="TIMESTAMP" />

		<result column="check_box_flag" property="checkBoxFlag" />
		
		<result column="sum_bank_amt" property="sumBankAmt" />
		<result column="sum_bank_count" property="sumBankCount"/>
		<result column="sum_amt" property="sumAmt" />
		<result column="sum_count" property="sumCount"/>
		
		<result column="trade_date" property="tradeDate" />
		<result column="trade_time" property="tradeTime" />
		<result column="recon_status_flag" property="reconStatusFlag" />
		
		<result column="cmd_text" property="cmdText"/>

	</resultMap>

	<!-- 对账: 批量插入外部记录对账临时表 -->
	<insert id="addSZFSReconList" parameterType="java.util.List">
		insert all
		<foreach collection="list" item="szfsRecon">
			into
			dm_acq.RECON_PAYOUT_BANK_OUTER_TEMP(
			id,
			req_bank_sn,
			rcv_date,
			check_date,
			msg_type,
			lst_no,
			trans_type,
			trans_no,
			trans_code,
			fee_item,
			ccy,
			amt,
			act_amt,
			status,
			ret_code,
			return_flag,
			reverse_flag,
			clear_date,
			clear_no,
			payer_bank_no,
			payer_acct_no,
			payer_acct_name,
			payee_bank_no,
			payee_acct_no,
			payee_acct_name,
			pay_channel_code,
			create_date,
			remark,
			change_recon_flag,
			update_date,
			lst_outid,
			outid
			)values (
			dm_acq.get_id_by_seqname('SEQ_RECON_PAYOUT_BANK_OUTER'),
			#{szfsRecon.reqBankSn,jdbcType=VARCHAR},
			#{szfsRecon.rcvDate,jdbcType=TIMESTAMP},
			#{szfsRecon.checkDate,jdbcType=TIMESTAMP},
			#{szfsRecon.msgType,jdbcType=VARCHAR},
			#{szfsRecon.lstNo,jdbcType=VARCHAR},
			#{szfsRecon.transType,jdbcType=VARCHAR},
			#{szfsRecon.transNo,jdbcType=VARCHAR},
			#{szfsRecon.transCode,jdbcType=VARCHAR},
			#{szfsRecon.feeItem,jdbcType=VARCHAR},
			#{szfsRecon.ccy,jdbcType=VARCHAR},
			#{szfsRecon.amt,jdbcType=NUMERIC},
			#{szfsRecon.actAmt,jdbcType=NUMERIC},
			#{szfsRecon.status,jdbcType=VARCHAR},
			#{szfsRecon.retcode,jdbcType=VARCHAR},
			#{szfsRecon.returnFlag,jdbcType=VARCHAR},
			#{szfsRecon.reverseFlag,jdbcType=VARCHAR},
			#{szfsRecon.clearDate,jdbcType=TIMESTAMP},
			#{szfsRecon.clearNo,jdbcType=VARCHAR},
			#{szfsRecon.payerBankNo,jdbcType=VARCHAR},
			#{szfsRecon.payerAcctNo,jdbcType=VARCHAR},
			#{szfsRecon.payerAcctName,jdbcType=VARCHAR},
			#{szfsRecon.payeeBankNo,jdbcType=VARCHAR},
			#{szfsRecon.payeeAcctNo,jdbcType=VARCHAR},
			#{szfsRecon.payeeAcctName,jdbcType=VARCHAR},
			#{szfsRecon.payChannelCode,jdbcType=VARCHAR},
			systimestamp,
			#{szfsRecon.remark,jdbcType=VARCHAR},
			#{szfsRecon.changeReconFlag,jdbcType=VARCHAR},
			'',
			#{szfsRecon.lstOutid,jdbcType=VARCHAR},
			#{szfsRecon.outid,jdbcType=VARCHAR}
			)
		</foreach>
		select 1 from dual
	</insert>

	<select id="importSZFSReconFile" statementType="CALLABLE">
		<![CDATA[{call dm_acq.PKG_BANK_PAYOUT_RECON.pro_szfs_payout_recon(#{tradeTime,mode=IN,jdbcType=TIMESTAMP}, #{curTime,mode=IN,jdbcType=TIMESTAMP})}]]>
	</select>

	<select id="countBankRecon" resultType="java.lang.Long">
		select count(1)
		<include refid="bankReconFileSql" />
	</select>



	<sql id="bankReconFileSql">
		from dm_acq.RECON_PAYOUT_BANK_RLT t where 1=1

		<if
			test="param.exchangeStartDate != null and param.exchangeEndDate != null">
			and <![CDATA[ (trunc(t.trade_end_date) >= trunc(#{param.exchangeStartDate,jdbcType=DATE})]]>
    	 	 <![CDATA[ and trunc(t.trade_end_date) < trunc(#{param.exchangeEndDate,jdbcType=DATE}+1) ]]>
			or (<![CDATA[ trunc(t.bank_trade_date) >= trunc(#{param.exchangeStartDate,jdbcType=DATE})]]>
			 <![CDATA[ and trunc(t.bank_trade_date) < trunc(#{param.exchangeEndDate,jdbcType=DATE}+1) ]]>))
		</if>

		<if test="param.payerBank != null and param.payerBank != '' "> and t.payer_bank = #{param.payerBank} </if>
		<if test="param.payerAccountNo != null and param.payerAccountNo != '' ">and instr(t.payer_account_no, #{param.payerAccountNo}) > 0
		</if>
		<if test="param.systemSource != null and param.systemSource != ''">and t.system_source = #{param.systemSource}</if>
		<if
			test="param.reconResult != null and param.reconResult != '' and param.reconResult == 1 ">
			and t.recon_status = 'SUCCESS'
		</if>
		<if
			test="param.reconResult != null and param.reconResult != '' and param.reconResult == 0 ">
			and t.recon_status in ('FAILURE','LOSE','LACK','TIMEEXP')
		</if>
		<if test="param.reconStatus != null and param.reconStatus != ''">
			and t.recon_status = #{param.reconStatus}
		</if>
		<if test="param.changeReconFlag != null and param.changeReconFlag != '' ">
			and t.change_recon_flag = #{param.changeReconFlag}
		</if>
		<if test="param.whichPage == 1 ">  
		<!-- 如果是资金差错处理页面,只查询'FAILURE','LOSE','LACK'这三种
		('LOSE','LACK'这两种必需是一天后的才能处理)  -->
			and (t.recon_status = 'FAILURE' 
			or(t.recon_status in ('LOSE','LACK') and (trunc(sysdate)-trunc(t.create_date)>=1)))
		</if>
	</sql>


	<select id="findBankReconList" resultMap="BankReconFileRlt">
		select id,
		case
		when tt.change_recon_flag in ('1') then '0'
		when tt.recon_status in ('LACK', 'LOSE') then
		decode(trunc(sysdate)-trunc(tt.create_date),'0','0','1')
		when tt.recon_status in ('SUCCESS', 'TIMEEXP') then '0'
		else '1'
		end as check_box_flag,
		case
		when tt.change_recon_flag='1' then '0'
		when tt.recon_status='LOSE' then '1'
		when tt.recon_status='LACK' then '2'
		when tt.recon_status='FAILURE' then 
			case 
				when  <![CDATA[ tt.bank_amt < tt.amt then '3' ]]>
				when tt.bank_amt > tt.amt then '4'
			end
		end as cmd_text,
		to_char(tt.trade_end_date,'yyyy-MM-dd HH24:mi:ss')
		trade_date,
		to_char(tt.bank_trade_date,'yyyy-MM-dd HH24:mi:ss')
		trade_time,
		tt.payer_bank,
		tt.payer_account_no,
		tt.payer_acct_name,
		tt.req_bank_sn,
		tt.payout_no,
		tt.system_source,
		tt.use_desc,
		tt.bank_amt,
		case
		when tt.bank_trade_status in ('00','35','33') then '交易成功'
		else ''
		end as bank_trade_status,
		tt.amt,
		tt.trade_status,
		case
		when
		tt.recon_status in ('SUCCESS') then '对账正常'
		else '对账异常'
		end as
		recon_result,
		case
		when
		tt.recon_status in ('SUCCESS') then ''
		else tt.recon_status
		end as recon_status,
		tt.change_recon_flag
		recon_status_flag,
		tt.change_recon_flag from (
		select rownum rn, t2.*
		from (
		SELECT t.id,
		t.trade_end_date,
		t.bank_trade_date,
		t.payer_bank,
		t.payer_account_no,
		t.payer_acct_name,
		t.req_bank_sn,
		t.payout_no,
		t.system_source,
		t.use_desc,
		t.bank_amt,
		t.bank_trade_status,
		t.amt,
		t.trade_status,
		t.recon_status,
		t.change_recon_flag,
		t.create_date
		<include refid="bankReconFileSql" />
		order by t.trade_end_date desc, t.bank_trade_date desc
		)t2 where <![CDATA[ rownum <= #{end} ]]>
		) tt where <![CDATA[ tt.rn > #{start} ]]>

	</select>

	<select id="exportBankReconList" resultMap="BankReconFileRlt">
		select
		to_char(tt.trade_end_date,'yyyy-MM-dd HH24:mi:ss') trade_date,
		to_char(tt.bank_trade_date,'yyyy-MM-dd HH24:mi:ss') trade_time,
		tt.payer_bank,
		tt.payer_account_no,
		tt.payer_acct_name,
		tt.req_bank_sn,
		tt.payout_no,
		tt.system_source,
		tt.use_desc,
		tt.bank_amt,
		case
		when
		tt.bank_trade_status in ('00','35','33') then '交易成功'
		else ''
		end as
		bank_trade_status,
		tt.amt,
		tt.trade_status,
		case
		when tt.recon_status in
		('SUCCESS') then '对账正常'
		else '对账异常'
		end as recon_result,
		case
		when
		tt.recon_status in ('SUCCESS') then ''
		else tt.recon_status
		end as recon_status,
		tt.change_recon_flag from (
		SELECT t.trade_end_date,
		t.bank_trade_date,
		t.payer_bank,
		t.payer_account_no,
		t.payer_acct_name,
		t.req_bank_sn,
		t.payout_no,
		t.system_source,
		t.use_desc,
		t.bank_amt,
		t.bank_trade_status,
		t.amt,
		t.recon_status,
		t.trade_status,
		t.change_recon_flag
		<include refid="bankReconFileSql" />
		order by t.trade_end_date, t.bank_trade_date desc
		) tt
	</select>

	<select id="countAmt" resultMap="BankReconFileRlt">
		select
		sum(nvl(bank_amt,0)) sum_bank_amt,
		sum(nvl(amt,0)) sum_amt,
		sum(decode(trade_end_date,null,0,1)) sum_count, 
		sum(decode(bank_trade_date,null,0,1)) sum_bank_count from (
		SELECT t.trade_end_date,
		t.bank_trade_date,
		t.payer_bank,
		t.payer_account_no,
		t.payer_acct_name,
		t.req_bank_sn,
		t.payout_no,
		t.system_source,
		t.use_desc,
		t.bank_amt,
		t.bank_trade_status,
		t.amt,
		t.trade_status,
		t.recon_status,
		t.change_recon_flag
		<include refid="bankReconFileSql" />
		order by t.trade_end_date, t.bank_trade_date desc
		) tt
	</select>

	<update id="exceptionCmd">
		update dm_acq.RECON_PAYOUT_BANK_RLT t
		<set>
			t.CHANGE_RECON_FLAG = '1',
			t.REMARK = #{param.remark,jdbcType=VARCHAR}, 
			t.UPDATE_DATE = systimestamp
		</set>
		WHERE t.req_bank_sn = #{param.reqBankSn,jdbcType=VARCHAR} 
	</update>
	
	<!-- 坏账金额统计 -->
	<select id="queryBadDebitAmout" resultType="java.lang.Long">
		select t.bank_amt - t.amt
		from dm_acq.RECON_PAYOUT_BANK_RLT t
		where t.req_bank_sn = #{param.reqBankSn,jdbcType=VARCHAR} 
	</select>
	
	<!-- 删除  -->
	<delete id="deleteBankReconFileCurday">
		delete from dm_acq.RECON_PAYOUT_BANK_RLT rlt where trunc(rlt.create_date)=trunc(sysdate)
	</delete>
	<delete id="deleteBankOuterFileCurday">
		delete from dm_acq.RECON_PAYOUT_BANK_OUTER_TEMP outer_temp where trunc(outer_temp.create_date)=trunc(sysdate)
	</delete>
	<delete id="deleteBankInnerFileCurday">
		delete from dm_acq.RECON_PAYOUT_BANK_INNER_TEMP inner_temp where trunc(inner_temp.create_date)=trunc(sysdate)
	</delete>
</mapper>
