<?xml version="1.0" encoding="UTF-8" ?>
<!DOCTYPE mapper PUBLIC "-//mybatis.org//DTD Mapper 3.0//EN" "http://mybatis.org/dtd/mybatis-3-mapper.dtd" >
<mapper namespace="com.sfpay.acquirer.dao.IBankChannelArgDao">
	<resultMap id="bankChannelArg" type="com.sfpay.acquirer.domain.BankChannelArg">
		<result column="ID" property="id" jdbcType="NUMERIC"/>
		<result column="CHANNEL_CODE" property="channelCode"/>
		<result column="CHANNEL_NAME" property="channelName"/>
		<result column="BANK_CODE" property="bankCode"/>
		<result column="BANK_NAME" property="bankName"/>
		<result column="ARG_NAME" property="argName"/>
		<result column="ARG_KEY" property="argKey"/>	
		<result column="ARG_VALUE" property="argValue"/>	
	</resultMap>
	
	<!-- 根据id号修改银行渠道参数配置 -->
	<update id="updateBankChannelArgById">
		update dm_ebank.CHANNEL_ARG
		<set>
			<if test="param.argName != null">ARG_NAME=#{param.argName, jdbcType=VARCHAR},</if>			
			<if test="param.argValue != null">ARG_VALUE=#{param.argValue, jdbcType=VARCHAR},</if>
			<if test="param.remark != null">REMARK=#{param.remark, jdbcType=VARCHAR},</if>
		</set>
		where ID=#{param.id, jdbcType=VARCHAR}
	</update>
	
	<!-- 分页查询银行渠道参数配置 -->
	<sql id="sqlQueryBankChannelArgPage">
		from dm_acq.BANK_INFO b, dm_ebank.CHANNEL_ARG a
     	where b.bank_code=a.bank_code    
  		<if test="bankCode != null and bankCode != ''"> and a.bank_code = #{bankCode, jdbcType=VARCHAR}</if>
  		<if test="argKey != null and argKey != ''"> and a.arg_key = #{argKey, jdbcType=VARCHAR}</if>
	</sql>
	<select id="queryBankChannelArgPageCount" resultType="java.lang.Long">
		select count(1) <include refid="sqlQueryBankChannelArgPage"/>
	</select>
	<select id="queryBankChannelArgPageList" resultMap="bankChannelArg">
		select * from (
			select rownum pos, 'B2E' AS channel_code, '银企直联' AS channel_name, b.bank_code, b.bank_name, a.id, a.arg_name, a.arg_key, a.arg_value, a.remark
			<include refid="sqlQueryBankChannelArgPage"/>
			<![CDATA[ and rownum <= #{end}]]>
		) t where <![CDATA[ t.pos > #{start}]]>
		order by t.channel_code,t.bank_code,t.arg_key
	</select>
	
 	<select id="findBankChannelArgs" resultType="com.sfpay.acquirer.domain.BankChannelArg">
		select a.arg_key argKey, a.arg_value argValue from dm_ebank.channel_arg a where a.bank_code=#{bank, jdbcType=VARCHAR} 
 	</select>
 	
 	<select id="findAllArgs" resultType="com.sfpay.acquirer.domain.BankChannelArg">
		select 'B2E' as channelCode, a.bank_code bankCode, a.arg_key argKey, a.arg_value argValue
		from dm_ebank.channel_arg a
 	</select>
	
	<!-- 根据id号查询银行渠道参数配置 -->
	<select id="queryBankChannelArgById" resultType="java.lang.Long"  resultMap="bankChannelArg">
		select 'B2E' AS channel_code,'银企直联' AS channel_name,b.bank_code,b.bank_name,a.id,a.arg_name,a.arg_key,a.arg_value,'ENABLED' as status,a.remark
      	from dm_acq.BANK_INFO b,dm_ebank.CHANNEL_ARG a
     	where  b.bank_code=a.bank_code    
        and a.id=#{id, jdbcType=VARCHAR}		
	</select>
</mapper>