<?xml version="1.0" encoding="UTF-8" ?>
<!DOCTYPE mapper PUBLIC "-//mybatis.org//DTD Mapper 3.0//EN" "http://mybatis.org/dtd/mybatis-3-mapper.dtd" >
<mapper namespace="com.sfpay.acquirer.dao.IBankChannelDao">
	<resultMap id="bankChannel" type="com.sfpay.acquirer.domain.BankChannel">
		<result column="ID" property="id" jdbcType="NUMERIC"/>
		<result column="CHANNEL_CODE" property="channelCode"/>
		<result column="CHANNEL_NAME" property="channelName"/>
		<result column="BANK_CODE" property="bankCode"/>
		<result column="BANK_NAME" property="bankName"/>
		<result column="SHOW_INDEX" property="showIndex" jdbcType="NUMERIC"/>
		<result column="STATUS" property="status"/>	
		<result column="SHOW_INDEX" property="showIndex" jdbcType="NUMERIC"/>	
		<result column="TEST_IP" property="testIp"/>	
	</resultMap>
	
	<!-- 分页查询银行渠道设置 -->
	<sql id="sqlQueryBankChannelPage">
		from dm_acq.CHANNEL c,dm_acq.BANK_INFO b,dm_acq.BANK_CHANNEL_REL r
		where c.channel_code=r.channel_code
		and b.bank_code=r.bank_code
		<if test="param.channelCode != null"> and r.channel_code = #{param.channelCode, jdbcType=VARCHAR}</if>
  		<if test="param.status != null"> and r.status = #{param.status, jdbcType=VARCHAR}</if>
	</sql>
	<select id="queryBankChannelPageCount" resultType="java.lang.Long">
		select count(1) <include refid="sqlQueryBankChannelPage"/>
	</select>
	<select id="queryBankChannelPageList" resultMap="bankChannel">
		select * from (
			select rownum pos, a.* from (
				select r.id, c.channel_code, c.channel_name, b.bank_code, b.bank_name, r.show_index, r.status
				<include refid="sqlQueryBankChannelPage"/>
				order by c.channel_code, r.show_index
			) a where <![CDATA[ rownum <= #{end}]]>
		) t where <![CDATA[ t.pos > #{start}]]>
	</select>
	
	<update id="updateBankChannelStatus">
		update dm_acq.BANK_CHANNEL_REL t set t.status=#{status} where t.BANK_CODE=#{bank} and t.CHANNEL_CODE=#{channel}
	</update>
	
	<update id="updateChannel">
		update dm_acq.CHANNEL t set t.CHANNEL_NAME=#{channelName} where t.CHANNEL_CODE=#{channel}
	</update>
	
	<update id="updateBankInfo">
		update dm_acq.BANK_INFO t set t.BANK_NAME=#{bankName} where t.BANK_CODE=#{bank}
	</update>
	
	<update id="updateBankChannelRel">
		update dm_acq.BANK_CHANNEL_REL t set t.SHOW_INDEX=#{showIndex} where t.BANK_CODE=#{bank} and t.CHANNEL_CODE=#{channel}
	</update>
	
	<!-- 查询渠道所有的银行列表,若isFilter==true则过滤掉第三方银行.(状态为可用的)-->
	<select id="queryBankChannelList"  resultMap="bankChannel">
		select c.channel_code,c.channel_name,b.bank_code,b.bank_name,r.show_index
		from dm_acq.CHANNEL c,dm_acq.BANK_INFO b,dm_acq.BANK_CHANNEL_REL r
		where c.channel_code=r.channel_code
		and b.bank_code=r.bank_code
		<if test="isFilter == true">
		and r.bank_code not in (select t.bank_code from dm_acq.THIRD_COVER_BANK t)	
		</if>
		and r.channel_code=#{channelCode}	
		and (r.status='ENABLED' or (r.status='DISABLED' and r.test_ip is not null) )
		order by r.show_index
	</select>

	<!-- 查询渠道所有的银行列表(包含第三方,状态为可用的,或状态不可用但存在对应的测试邦定Ip的)-->
	<select id="queryAllBankList" resultMap="bankChannel">
		select channel_code,channel_name,bank_code,bank_name,show_index from (
	    	select c.channel_code,c.channel_name,b.bank_code,b.bank_name,r.show_index
	    	from dm_acq.channel c,dm_acq.bank_info b,dm_acq.bank_channel_rel r
	    	where c.channel_code=r.channel_code
	    	and b.bank_code=r.bank_code
	    	and r.bank_code not in (select t.bank_code from third_cover_bank t)
	    	and r.channel_code=#{channelCode}
	    	and (r.status = 'ENABLED'
			<if test="testIp != null and testIp != ''"> or (r.status='DISABLED' and instr(r.test_ip, ','||#{testIp, jdbcType=VARCHAR}||',') > 0)</if>	
			)
	    	union all
	    	select t.channel_code, cl.channel_name ,t.bank_code||'_'||t.cover_bank_code,t.cover_bank_name,t.show_index
			from dm_acq.third_cover_bank t inner join dm_acq.channel cl on cl.channel_code=t.channel_code
		 	where t.channel_code = #{channelCode} 
			and t.status = 'ENABLED'			
		) a
		order by a.show_index
   		<if test="orderAsc == false "> DESC </if>
	</select>
	
	<!-- 根据渠道、银行编码查询银行渠道信息 -->
	<select id="queryBankChannel" resultMap="bankChannel">
		select c.channel_code,c.channel_name,b.bank_code,b.bank_name,r.status,r.show_index,r.test_ip
		from dm_acq.CHANNEL c,dm_acq.BANK_INFO b,dm_acq.BANK_CHANNEL_REL r
		where c.channel_code=r.channel_code
		and b.bank_code=r.bank_code			
		and r.channel_code=#{channelCode}	
		and r.BANK_CODE=#{bankCode}
		order by r.show_index
	</select>
	
</mapper>




