<?xml version="1.0" encoding="UTF-8" ?>
<!DOCTYPE mapper PUBLIC "-//mybatis.org//DTD Mapper 3.0//EN" "http://mybatis.org/dtd/mybatis-3-mapper.dtd" >
<mapper namespace="com.sfpay.acquirer.dao.rb.IBankBounceFileDao">
	<!-- 退票实体 -->
	<resultMap id="BankBounceFileRlt"
		type="com.sfpay.acquirer.domain.rb.BankBounceFileRlt">
		<result column="id" property="id" jdbcType="NUMERIC" />
		<result column="CHECK_DATE" property="bounceDate" jdbcType="DATE" />
		<result column="REQ_BANK_SN" property="reqBankSn" />
		<result column="PAYOUT_NO" property="payoutNo" />
		<result column="MSG_TYPE" property="msgType" />
		<result column="LST_NO" property="lstNo" />
		<result column="CCY" property="ccy" />
		<result column="RETURN_MONEY" property="bounceAmt" jdbcType="NUMERIC" />
		<result column="TRADE_AMT" property="tradeAmt" jdbcType="NUMERIC" />
		<result column="PAY_CHANNEL_CODE" property="payChannelCode" />
		<result column="HANDLE_FLAG" property="hanleStauts" />
		<result column="PAYER_ORG_CODE" property="payerOrgCode" />
		<result column="PAYER_ACCT_NO" property="payerAcctNo" />
		<result column="PAYER_ACCT_NAME" property="payerAcctName" />
		<result column="PAYEE_ORG_CODE" property="payeeOrgCode" />
		<result column="PAYEE_ACCT_NO" property="payeeAcctNo" />
		<result column="PAYEE_ACCT_NAME" property="payeeAcctName" />
		<result column="SYSTEM_SOURCE" property="systemSource" />
		<result column="USE_DESC" property="useDesc" />
		<result column="END_TIME" property="tradeEndDate" jdbcType="TIMESTAMP" />
	</resultMap>


	<insert id="addSZFSBounceList" parameterType="java.util.List">
		insert all
		<foreach collection="list" item="szfsBounce">
			into dm_acq.BOUNCE_PAYOUT_BANK_RLT(
			id,
			req_bank_sn,
			rcv_date,
			trans_type,
			lst_no,
			ccy,
			return_money,
			status,
			retcode,
			check_date,
			clear_date,
			clear_no,
			pay_channel_code,
			handle_flag,
			create_date,
			update_id,
			update_date,
			remark,
			msg_type,
			lst_outid,
			pay_money,
			return_flag,
			reverse_flag,
			outid
			)values (
			dm_acq.get_id_by_seqname('SEQ_BOUNCE_PAYOUT_BANK_RLT'),
			#{szfsBounce.reqBankSn,jdbcType=VARCHAR},
			#{szfsBounce.rcvDate,jdbcType=TIMESTAMP},
			#{szfsBounce.transType,jdbcType=VARCHAR},
			#{szfsBounce.lstNo,jdbcType=VARCHAR},
			#{szfsBounce.ccy,jdbcType=VARCHAR},
			#{szfsBounce.returnMoney,jdbcType=NUMERIC},
			#{szfsBounce.status,jdbcType=VARCHAR},
			#{szfsBounce.retcode,jdbcType=VARCHAR},
			#{szfsBounce.checkDate,jdbcType=TIMESTAMP},
			#{szfsBounce.clearDate,jdbcType=TIMESTAMP},
			#{szfsBounce.clearNo,jdbcType=VARCHAR},
			#{szfsBounce.payChannelCode,jdbcType=VARCHAR},
			#{szfsBounce.handleFlag,jdbcType=VARCHAR},
			systimestamp,
			#{szfsBounce.updateId,jdbcType=VARCHAR},
			'',
			#{szfsBounce.remark,jdbcType=VARCHAR},
			#{szfsBounce.msgType,jdbcType=VARCHAR},
			#{szfsBounce.lstOutid,jdbcType=VARCHAR},
			#{szfsBounce.payMoney,jdbcType=NUMERIC},
			#{szfsBounce.returnFlag,jdbcType=VARCHAR},
			#{szfsBounce.reverseFlag,jdbcType=VARCHAR},
			#{szfsBounce.outid,jdbcType=VARCHAR}
			)
		</foreach>
		select 1 from dual
	</insert>

	<select id="countBankBounce" resultType="java.lang.Long">
		select count(1)
		<include refid="bankBounceFileSql" />
	</select>


	<sql id="bankBounceFileSql">
		from dm_acq.BOUNCE_PAYOUT_BANK_RLT bpbr
		left join dm_acq.PAYOUT_INFO pi
		on
		bpbr.req_bank_sn = pi.req_bank_sn
		where 1=1
		<if test="param.bounceBeginDate != null "><![CDATA[ and trunc(bpbr.CHECK_DATE) >= trunc(#{param.bounceBeginDate,jdbcType=DATE})]]></if>
		<if test="param.bounceEndDate != null "><![CDATA[ and trunc(bpbr.CHECK_DATE) < trunc(#{param.bounceEndDate,jdbcType=DATE}) +1]]>
		</if>
		<if test="param.payerOrgCode!=null"> and pi.payer_org_code=#{param.payerOrgCode}</if>
		<if test="param.payerAcctNo!=null and param.payerAcctNo!=''"> and pi.payer_acct_no=#{param.payerAcctNo}</if>
		<if test="param.systemSource!=null and param.systemSource!=''"> and pi.system_source=#{param.systemSource}</if>
		<if test="param.minBounceAmt!=null "><![CDATA[ and bpbr.return_money>=#{param.minBounceAmt,jdbcType=NUMERIC}]]></if>
		<if test="param.maxBounceAmt!=null"><![CDATA[ and bpbr.return_money<=#{param.maxBounceAmt,jdbcType=NUMERIC}]]></if>
		<if test="param.payeeAcctNo!=null and param.payeeAcctNo!=''"> and instr(pi.payee_acct_no, #{param.payeeAcctNo}) > 0
		</if>
		<if test="param.payeeAcctName!=null and param.payeeAcctName!=''"> and instr(pi.payee_acct_name, #{param.payeeAcctName}) > 0
		</if>
		<if test="param.hanleStauts!=null and param.hanleStauts!=''"> and bpbr.handle_flag=#{param.hanleStauts}</if>
		and bpbr.status in ('00','35','33','32')
	</sql>


	<select id="findBankBounceList" resultMap="BankBounceFileRlt">
		select tt.* from (
		select rownum rn, t.* from (
		select bpbr.id,
		to_char(bpbr.check_date,'yyyy-mm-dd') as check_date,
		bpbr.req_bank_sn,
		bpbr.msg_type,
		bpbr.lst_no,
		bpbr.ccy,
		bpbr.return_money,
		bpbr.pay_channel_code,
		bpbr.handle_flag,
		pi.system_source,
		pi.amt as
		trade_amt,
		pi.use_desc,
		pi.payer_org_code,
		pi.payer_acct_no,
		pi.payer_acct_name,
		pi.payee_org_code,
		pi.payee_acct_no,
		pi.payee_acct_name,
		pi.payout_no,
		to_char(pi.end_time,'yyyy-mm-dd
		HH24:mi:ss') as end_time
		<include refid="bankBounceFileSql" />
		order by bpbr.CHECK_DATE desc
		)t where <![CDATA[ rownum <= #{end} ]]>
		) tt where <![CDATA[ tt.rn > #{start} ]]>
	</select>

	<select id="exportBankBounceList" resultMap="BankBounceFileRlt">
		select bpbr.id,
		to_char(bpbr.check_date,'yyyy-mm-dd ') as check_date,
		bpbr.req_bank_sn,
		bpbr.msg_type,
		bpbr.lst_no,
		bpbr.ccy,
		bpbr.return_money,
		bpbr.pay_channel_code,
		bpbr.handle_flag,
		pi.system_source,
		pi.amt as
		trade_amt,
		pi.use_desc,
		pi.payer_org_code,
		pi.payer_acct_no,
		pi.payer_acct_name,
		pi.payee_org_code,
		pi.payee_acct_no,
		pi.payee_acct_name,
		pi.payout_no,
		to_char(pi.end_time,'yyyy-mm-dd
		HH24:mi:ss') as end_time
		<include refid="bankBounceFileSql" />
		order by bpbr.CHECK_DATE desc
	</select>

	
	<update id="updatePayoutInfoForBounce" parameterType="java.util.List">
		update dm_acq.payout_info pi
       set (pi.rtn_bank_msg, pi.rtn_bank_code) =
           (select bpbr.remark, bpbr.retcode
              from dm_acq.BOUNCE_PAYOUT_BANK_RLT bpbr
             where bpbr.req_bank_sn = pi.req_bank_sn 
             and
	            <foreach collection="param" item="paramDTO" index="index" separator="or" open="(" close=")">
			     	 bpbr.req_bank_sn = #{paramDTO.reqBankSn,jdbcType=VARCHAR}
			     </foreach>
            )
          ,
           pi.end_time = sysdate
     where exists (select 1
              from dm_acq.BOUNCE_PAYOUT_BANK_RLT bpbr
             where bpbr.req_bank_sn = pi.req_bank_sn 
             and 
             <foreach collection="param" item="paramDTO" index="index" separator="or" open="(" close=")">
		     	 bpbr.req_bank_sn = #{paramDTO.reqBankSn,jdbcType=VARCHAR}
		     </foreach>
             
            )
	</update>


	<update id="exceptionCmd">
		update dm_acq.BOUNCE_PAYOUT_BANK_RLT t
		<set>
			t.HANDLE_FLAG=#{param.handleFlag,jdbcType=VARCHAR},
			t.UPDATE_DATE=systimestamp,
			t.UPDATE_ID=#{param.updateId,jdbcType=VARCHAR}
		</set>
		where t.REQ_BANK_SN=#{param.reqBankSn,jdbcType=VARCHAR}
	</update>

	<!-- 删除  -->
	<delete id="deleteBankBounceFileCurday">
		delete from dm_acq.BOUNCE_PAYOUT_BANK_RLT rlt where trunc(rlt.create_date)=trunc(sysdate)
	</delete>
</mapper>
