<?xml version="1.0" encoding="UTF-8" ?>
<!DOCTYPE mapper PUBLIC "-//mybatis.org//DTD Mapper 3.0//EN" "http://mybatis.org/dtd/mybatis-3-mapper.dtd" >
<mapper namespace="com.sfpay.acquirer.dao.IBatchRuleInfoDao">
	<resultMap id="BatchRuleInfo" type="com.sfpay.acquirer.domain.BatchRuleInfo">
	    <result column="ID" property="id" jdbcType="NUMERIC" />
	    <result column="RULE_CODE" property="ruleCode" />
	    <result column="RULE_NAME" property="ruleName" />
	    <result column="BANK_CODE" property="bankCode" />
	     <result column="ACCOUNT_NO" property="accountNo" />
	    <result column="CHANNEL_CODE" property="channelCode" />
	    <result column="BANK_GROUP" property="bankGroup" />
	   	<result column="OPP_ACCT_TYPE" property="oppAcctType" />
	   	<result column="BATCH_MAX_SIZE" property="batchMaxSize" />
	    <result column="STATUS" property="status" />
	    <result column="REMARK" property="remark" />
		<result column="CREATE_DATE" property="createDate" jdbcType="TIMESTAMP" />
		<result column="UPDATE_DATE" property="updateDate" jdbcType="TIMESTAMP" />
		<result column="MIN_AMT" property="minAmt" />
	    <result column="MAX_AMT" property="maxAmt" />
	    <result column="SUPERINTER_FLAG" property="superInterFlag" />
	</resultMap>
	
	<sql id="sqlQueryBatchRuleInfoPage">
		FROM dm_acq.BATCH_RULE t WHERE 1=1
		<if test="param.ruleName != null and param.ruleName != ''"> AND t.RULE_NAME = #{param.ruleName} </if>
		<if test="param.ruleCode != null and param.ruleCode != ''"> AND t.RULE_CODE = #{param.ruleCode} </if>
		<if test="param.bankCode != null"> AND t.BANK_CODE = #{param.bankCode} </if>
		<if test="param.channelCode != null"> AND t.CHANNEL_CODE = #{param.channelCode} </if>
		<if test="param.oppAcctType != null and param.oppAcctType != ''"> AND t.OPP_ACCT_TYPE = #{param.oppAcctType} </if>
		<if test="param.accountNo != null and param.accountNo != ''"> AND t.ACCOUNT_NO = #{param.accountNo} </if>
		<if test="param.status != null"> AND t.STATUS = #{param.status} </if>
	</sql>
	
	<sql id="sqlQueryBatchRuleInfoColcumns">
		to_char(t.ID) id, t.RULE_CODE,  t.RULE_NAME,  t.BANK_CODE, t.CHANNEL_CODE, t.BANK_GROUP, t.ACCOUNT_NO,t.OPP_ACCT_TYPE,        
		t.BATCH_MAX_SIZE, t.STATUS,t.REMARK, t.MIN_AMT/100 as MIN_AMT, t.MAX_AMT/100 as MAX_AMT, t.SUPERINTER_FLAG, t.CREATE_DATE, t.UPDATE_DATE
	</sql>
	
	<select id="queryBatchRuleInfoPageCount" resultType="java.lang.Long">
		SELECT COUNT(1) <include refid="sqlQueryBatchRuleInfoPage"/>
	</select>
	<select id="queryBatchRuleInfoPageList" resultMap="BatchRuleInfo">
		select * from (
			SELECT ROWNUM pos,  <include refid="sqlQueryBatchRuleInfoColcumns"/>    
			     <include refid="sqlQueryBatchRuleInfoPage"/> <![CDATA[ AND rownum <= #{end} ]]>
		) t where <![CDATA[ t.pos > #{start} ]]> order by t.ID DESC
	</select>
	
	<select id="listAllBatchRuleInfo" resultMap="BatchRuleInfo">

		SELECT <include refid="sqlQueryBatchRuleInfoColcumns"/> FROM dm_acq.BATCH_RULE t WHERE t.STATUS='ENABLE'
</select>
	
	<select id="queryBatchRuleInfoById" resultMap="BatchRuleInfo">

		SELECT <include refid="sqlQueryBatchRuleInfoColcumns"/> FROM dm_acq.BATCH_RULE t WHERE t.ID=#{id, jdbcType=NUMERIC}
	</select>
	
	<select id="queryBatchRuleInfoByCode" resultMap="BatchRuleInfo">
		SELECT <include refid="sqlQueryBatchRuleInfoColcumns"/> FROM dm_acq.BATCH_RULE t WHERE t.RULE_CODE=#{ruleCode, jdbcType=VARCHAR}
		union 
		SELECT ABR.ID AS ID,
		       ABR.ID AS RULE_CODE,
		       '' AS RULE_NAME,
		       ABR.CHANNEL_CODE AS BANK_CODE,
		       'B2E' AS CHANNEL_CODE,
		       '' AS BANK_GROUP,
		       '' AS ACCOUNT_NO,
		       DECODE((SELECT COUNT(DISTINCT DECODE(CR.PAYEE_ACCT_TYPE,
		                                  'COMPANY,PERSON',
		                                  'ALL',
		                                  CR.PAYEE_ACCT_TYPE))
		                FROM DM_EBANK.CHANNEL_RULE CR
		               WHERE INSTR(',' || ABR.CHANNEL_RULE_IDS || ',', ',' || CR.ID || ',') > 0),
		              1,
		              (SELECT DISTINCT DECODE(CR.PAYEE_ACCT_TYPE,
		                                      'COMPANY,PERSON',
		                                      'ALL',
		                                      CR.PAYEE_ACCT_TYPE)
		                 FROM DM_EBANK.CHANNEL_RULE CR
		                WHERE INSTR(',' || ABR.CHANNEL_RULE_IDS || ',' , ',' ||  CR.ID || ',') > 0),
		              'ALL') AS OPP_ACCT_TYPE,
		       ABR.MAX_COUNT AS BATCH_MAX_SIZE,
		       decode(ABR.STATUS,'Y','ENABLE','DISABLE') AS STATUS,
		       ABR.REMARK AS REMARK,
		       NULL AS MIN_AMT,
		       ABR.MAX_MONEY AS MAX_AMT,
		       NULL AS SUPERINTER_FLAG,
		       ABR.CREATE_DATE AS CREATE_DATE,
		       ABR.UPDATE_DATE AS UPDATE_DATE
		  FROM dm_ebank.BATCH_RULE ABR
		 WHERE ABR.ID=#{ruleCode, jdbcType=VARCHAR}
	</select>
	
	<!-- 插入  -->
	<insert id="addBatchRuleInfo">
		INSERT INTO dm_acq.BATCH_RULE (
			ID, RULE_CODE, RULE_NAME, BANK_CODE, CHANNEL_CODE, ACCOUNT_NO, BANK_GROUP, OPP_ACCT_TYPE, BATCH_MAX_SIZE,

			STATUS, REMARK, MIN_AMT, MAX_AMT, SUPERINTER_FLAG, CREATE_DATE 
		) VALUES (
	    	dm_acq.SEQ_BATCH_RULE.NEXTVAL, #{param.bankCode, jdbcType=VARCHAR}||'_'||dm_acq.SEQ_RULE_CODE.NEXTVAL,
	    	#{param.ruleName, jdbcType=VARCHAR}, #{param.bankCode, jdbcType=VARCHAR},
	    	#{param.channelCode, jdbcType=VARCHAR}, #{param.accountNo, jdbcType=VARCHAR},
	    	#{param.bankGroup, jdbcType=VARCHAR}, #{param.oppAcctType, jdbcType=VARCHAR},
	    	#{param.batchMaxSize, jdbcType=NUMERIC}, #{param.status, jdbcType=VARCHAR},

	    	#{param.remark, jdbcType=VARCHAR}, #{param.minAmt, jdbcType=NUMERIC} * 100,
	    	#{param.maxAmt, jdbcType=NUMERIC} * 100, #{param.superInterFlag, jdbcType=VARCHAR}, systimestamp
	    )
	</insert>
	
	<!-- 修改  -->
	<update id="updateBatchRuleInfoById">
		update BATCH_RULE
		<set>
   			<if test="param.ruleName != null">RULE_NAME=#{param.ruleName, jdbcType=VARCHAR},</if>
   			<if test="param.accountNo != null">ACCOUNT_NO=#{param.accountNo, jdbcType=VARCHAR},</if>
   			<if test="param.bankCode != null">BANK_CODE=#{param.bankCode, jdbcType=VARCHAR},</if>
			<if test="param.channelCode != null">CHANNEL_CODE=#{param.channelCode, jdbcType=VARCHAR},</if>
			<if test="param.bankGroup != null">BANK_GROUP=#{param.bankGroup, jdbcType=VARCHAR},</if>
   			<if test="param.oppAcctType != null">OPP_ACCT_TYPE=#{param.oppAcctType, jdbcType=VARCHAR},</if>
   			<if test="param.batchMaxSize != null">BATCH_MAX_SIZE=#{param.batchMaxSize, jdbcType=VARCHAR},</if>
   			MIN_AMT=#{param.minAmt, jdbcType=NUMERIC} * 100, MAX_AMT=#{param.maxAmt, jdbcType=NUMERIC} * 100,
   			<if test="param.status != null">STATUS=#{param.status, jdbcType=VARCHAR},</if>
			<if test="param.remark != null">REMARK=#{param.remark, jdbcType=VARCHAR},</if>
   			SUPERINTER_FLAG=#{param.superInterFlag, jdbcType=VARCHAR},
		    UPDATE_DATE=systimestamp
		</set>		
		where ID=#{param.id, jdbcType=NUMERIC}
	</update>
	
	<!-- 删除  -->
	<delete id="deleteBatchRuleInfo" >
		delete from dm_acq.BATCH_RULE WHERE ID IN 
		<foreach collection="ids"  open="(" close=")" item="id" separator=",">#{id, jdbcType=VARCHAR}</foreach>
	</delete>	
	
	<!--设置是否停用  -->
	<update id="isEnAble">
		update BATCH_RULE
		<set>
			STATUS=#{status, jdbcType=VARCHAR},
			UPDATE_DATE=systimestamp
		</set>
		where ID=#{id, jdbcType=NUMERIC}
	</update>

</mapper>
