<?xml version="1.0" encoding="UTF-8" ?>
<!DOCTYPE mapper PUBLIC "-//mybatis.org//DTD Mapper 3.0//EN" "http://mybatis.org/dtd/mybatis-3-mapper.dtd" >
<mapper namespace="com.sfpay.acquirer.dao.IBatchRuleDao">
	<resultMap id="batchRuleMap" type="BatchRule">
		<id column="ID" property="id"  />
		<result column="RULE_CODE" property="ruleCode" />
		<result column="RULE_NAME" property="ruleName" />
		<result column="BANK_CODE" property="bankCode" />
		<result column="CHANNEL_CODE" property="channelCode" />
		<result column="BANK_GROUP" property="bankGroup"  />
		<result column="RULE_VALIDATE_TIME" property="ruleValidateTime" />
		<result column="RULE_INVALIDATE_TIME" property="ruleInvalidateTime" />
		<result column="BATCH_MAX_SIZE" property="batchMaxSize"  />
		<result column="STATUS" property="status"  />
		<result column="REMARK" property="remark" />
		<result column="CREATE_DATE" property="createDate"  />
		<result column="UPDATE_DATE" property="updateDate"  />
	</resultMap>

	<sql id="ruleField">
		ID,RULE_NO,RULE_NAME,BANK_CODE,CHANNEL_CODE,
		BANK_GROUP,VALIDATE_TIME,EXPIRED_TIME,BATCH_MAX,
		STATUS,REMARK,CREATE_DATE,UPDATE_DATE
	</sql>

	<insert id="addRule" parameterType="BatchRule">
		insert into
		dm_acq.RULE_CONFIG_INFO (ID, RULE_CODE,RULE_NAME,BANK_CODE,CHANNEL_CODE,
		BANK_GROUP,RULE_VALIDATE_TIME,RULE_INVALIDATE_TIME,BATCH_MAX_SIZE,
		STATUS,REMARK,CREATE_DATE)
		values
		(dm_acq.SEQ_RULE_CONFIG_INFO.nextval,
		#{ruleCode,jdbcType=VARCHAR},
		#{ruleName,jdbcType=VARCHAR},
		#{bankCode,jdbcType=VARCHAR},
		#{channelCode,jdbcType=VARCHAR},
		#{bankGroup,jdbcType=VARCHAR},
		#{ruleValidateTime,jdbcType=DATE},
		#{ruleInvalidateTime,jdbcType=DATE},
		#{batchMaxSize,jdbcType=BIGINT},
		#{status,jdbcType=VARCHAR},
		#{remark,jdbcType=VARCHAR},
		systimestamp)
	</insert>
	
	<update id="updateRule" parameterType="BatchRule">
		update dm_acq.RULE_CONFIG_INFO
		<set>
			<if test="ruleCode != null">RULE_CODE=#{ruleCode},</if>
			<if test="ruleName != null">RULE_NAME=#{ruleName},</if>
			<if test="bankCode != null">BANK_CODE=#{bankCode},</if>
			<if test="channelCode != null">CHANNEL_CODE=#{channelCode},</if>
			<if test="bankGroup != null">BANK_GROUP=#{bankGroup},</if>	
			<if test="ruleValidateTime != null">RULE_VALIDATE_TIME=#{ruleValidateTime},</if>	
			<if test="ruleInvalidateTime != null">RULE_INVALIDATE_TIME=#{ruleInvalidateTime},</if>	
			<if test="batchMaxSize != null">BATCH_MAX_SIZE=#{batchMaxSize},</if>		
			<if test="status != null">STATUS=#{status},</if>	
			<if test="remark != null">REMARK=#{remark},</if>			
			UPDATE_DATE=systimestamp
		</set>		
		where ID=#{id}
	</update>
	

	<select id="selectRuleByRuleNo" resultMap="batchRuleMap">
		select
		<include refid="ruleField" />
		from dm_acq.RULE_CONFIG_INFO Where RULE_CODE = #{ruleCode}
	</select>
	
	<select id="selectRule" parameterType="BatchRuleQueryParam" resultMap="batchRuleMap">
		select
		<include refid="ruleField" />
		from dm_acq.RULE_CONFIG_INFO
		<where>
		    <if test="ruleCode != null">
				RULE_CODE = #{ruleCode}
			</if>
			<if test="ruleName != null">
				RULE_NAME = #{ruleName}
			</if>
			<if test="bankCode != null">
				BANK_CODE = #{bankCode}
			</if>
			<if test="channelCode != null">
				CHANNEL_CODE = #{channelCode}
			</if>
			<if test="status != null">
				STATUS = #{status}
			</if>
		</where>
	</select>
	
	<select id="selectValidRule"  resultMap="batchRuleMap">
		select
		<include refid="ruleField" />
		<![CDATA[
		from dm_acq.RULE_CONFIG_INFO where	sysdate>=RULE_VALIDATE_TIME and sysdate<=RULE_INVALIDATE_TIME and STATUS='ENABLE'
		]]>
	</select>


</mapper>