<?xml version="1.0" encoding="UTF-8" ?>
<!DOCTYPE mapper PUBLIC "-//mybatis.org//DTD Mapper 3.0//EN" "http://mybatis.org/dtd/mybatis-3-mapper.dtd" >
<mapper namespace="com.sfpay.acquirer.dao.IBatchInfoDao">
	<resultMap id="batchInfoResultMap" type="BatchInfo">
		<id column="ID" property="id"  />
		<result column="RULE_CODE" property="ruleCode" />
		<result column="BATCH_CODE" property="batchCode"  />
		<result column="OPERATOR_TYPE" property="operatorType" />
		<result column="STATUS" property="status" />		
		<result column="CREATE_DATE" property="createDate"  />
		<result column="UPDATE_DATE" property="updateDate"  />		
		<result column="TOTAL_CNT" property="totalCnt"  />
		<result column="TOTAL_AMT" property="totalAmt"  />
		<result column="FIR_CHECK_OPERATOR" property="firCheckOperator"  />
		<result column="FIR_CHECK_DATE" property="firCheckDate"  />
		<result column="FIR_CHECK_DESC" property="firCheckDesc"  />
		<result column="SEC_CHECK_OPERATOR" property="secCheckOperator"  />
		<result column="SEC_CHECK_DATE" property="secCheckDate"  />
		<result column="SEC_CHECK_DESC" property="secCheckDesc"  />
		<result column="CREATE_BATCH_DATE" property="createBatchDate"  />
		<result column="PAY_BATCH_DATE" property="payBatchDate"  />
		<result column="FINISH_BATCH_DATE" property="finishBatchDate"  />
		<result column="EXPECT_DATE" property="expectDate"  />
		<result column="RTN_PAY_CODE" property="rtnPayCode"  />
		<result column="RTN_BANK_CODE" property="rtnBankCode"  />
		<result column="RTN_BANK_MSG" property="rtnBankMsg"  />
		<result column="REQ_BANK_SN" property="reqBankSn"  />
		<result column="RTN_BANK_SN" property="rtnBankSn"  />
		<result column="REMARK" property="remark"  />
		<result column="CREATE_OPERATOR" property="createOperator"  />
		<result column="CYCLE_CNT" property="cycleCnt"  />
		<result column="BANK_CODE" property="payerOrgCode"  />
		<result column="PAYER_ACCT_NAME" property="payerAcctName"  />
		<result column="PAYER_ACCT_NO" property="payerAcctNo"  />
		<result column="RULE_NAME" property="ruleName" />
		<result column="SEND_STATUS" property="sendStatus"  />
		<result column="SEND_CNT" property="sendCnt"  />
		<result column="BANK_CODE" property="payerOrgCode" />
		
	</resultMap>
	<insert id="saveBatchInfo" parameterType="BatchInfo">
		<selectKey keyProperty="batchCode" resultType="string" order="BEFORE">  
           select to_char(sysdate, 'yyyyMMdd') || lpad(mod(dm_acq.SEQ_BATCH_CODE.nextval,100000000),8,'0') from dual
   		</selectKey>
		insert into dm_acq.BATCH_INFO (
			id, rule_code, batch_code, operator_type, total_cnt, total_amt, status, expect_date, remark,
			create_operator, create_batch_date, create_date, cycle_cnt, req_bank_sn, send_status
		) values (
			dm_acq.SEQ_BATCH_INFO.nextval, #{ruleCode, jdbcType=VARCHAR}, #{batchCode, jdbcType=VARCHAR},
			#{operatorType, jdbcType=VARCHAR}, #{totalCnt, jdbcType=NUMERIC}, #{totalAmt, jdbcType=NUMERIC},
			#{status, jdbcType=VARCHAR}, #{expectDate, jdbcType=VARCHAR}, #{remark, jdbcType=VARCHAR},
			#{createOperator, jdbcType=VARCHAR}, systimestamp, systimestamp, 0, #{reqBankSn, jdbcType=VARCHAR}, 'NOSEND'
		)
	</insert>
	<!-- 检查复核人 -->
	<select id="checkOperator" resultType="java.lang.Long">
		select count(1) from dm_acq.BATCH_INFO t 
		where t.batch_code=#{batchNo, jdbcType=VARCHAR}
		<if test="status !=null"><choose>
			<when test="status.name() == 'INIT'">and t.create_operator = #{operator, jdbcType=VARCHAR}</when>
			<when test="status.name() == 'FIR_CHECK_PASS'">
			and (t.create_operator = #{operator,jdbcType=VARCHAR} or t.fir_check_operator = #{operator, jdbcType=VARCHAR})
			</when><otherwise></otherwise>
		</choose></if>
	</select>

<!-- 更新复核信息 -->
	<update id="updateByBatchCode">
		update dm_acq.BATCH_INFO t
		<set>		
			 <if test="batchInfo.firCheckOperator != null and batchInfo.firCheckOperator != ''">
				 t.fir_check_operator=#{batchInfo.firCheckOperator,jdbcType=VARCHAR},
				 t.fir_check_date=systimestamp,
			 </if>
			 <if test="batchInfo.firCheckDesc != null and batchInfo.firCheckDesc != ''">
			 	t.fir_check_desc=#{batchInfo.firCheckDesc,jdbcType=VARCHAR},
			 </if>
			 <if test="batchInfo.secCheckOperator != null and batchInfo.secCheckOperator != ''">
			 	t.sec_check_operator=#{batchInfo.secCheckOperator,jdbcType=VARCHAR},
			 	t.sec_check_date=systimestamp,	
			 </if>
			 <if test="batchInfo.secCheckDesc != null and batchInfo.secCheckDesc !=''">
			 	t.sec_check_desc=#{batchInfo.secCheckDesc,jdbcType=VARCHAR},
			 </if>
			t.status=#{batchInfo.status,jdbcType=VARCHAR},
			t.UPDATE_DATE=systimestamp
		</set>		
		where t.BATCH_CODE=#{batchInfo.batchCode,jdbcType=VARCHAR}
		and t.status=#{oldStatus,jdbcType=VARCHAR}
	</update>
	<!-- 自动出款前修改二次复合信息 -->
<!-- 	<update id="updateByBatchCodeAuto"> -->
<!-- 		update BATCH_INFO t -->
<!-- 			set		 -->
<!-- 		 	t.sec_check_date=systimestamp,	 -->
<!-- 		 	t.sec_check_desc=#{batchInfo.secCheckDesc,jdbcType=VARCHAR}, -->
<!-- 			t.status=#{batchInfo.status,jdbcType=VARCHAR}, -->
<!-- 			t.UPDATE_DATE=systimestamp -->
<!-- 		where t.BATCH_CODE=#{batchInfo.batchCode,jdbcType=VARCHAR} -->
<!-- 		and t.status=#{oldStatus,jdbcType=VARCHAR} -->
<!-- 	</update>		 -->
	<!-- 查询批次信息 -->
	<select id="queryByBatchCode" resultMap="batchInfoResultMap">
			select t.*, t1.channel_code bank_code from dm_acq.BATCH_INFO t, dm_ebank.BATCH_RULE t1
			Where t.BATCH_CODE = #{batchCode,jdbcType=VARCHAR}
			and t.batch_rule_id=t1.id
		UNION 
			select t.*,t1.bank_code bank_code from dm_acq.BATCH_INFO t, dm_acq.BATCH_RULE t1
			Where t.BATCH_CODE = #{batchCode,jdbcType=VARCHAR}
			and t.rule_code=t1.rule_code
	</select>
	
	<!-- 根据状态查询批次信息 -->
	<select id="queryBatchByStatus1" resultMap="batchInfoResultMap">
		select *
		  from (select t.*,
		               t1.Account_No   as PAYER_ACCT_NO,
		               t2.Bank_Code,
		               t2.Account_Name as PAYER_ACCT_NAME,
		               t1.rule_name
		          from DM_ACQ.BATCH_INFO   t,
		               DM_ACQ.batch_rule   t1,
		               DM_ebank.account_info t2
		         Where t.rule_code = t1.rule_code
		           and t1.account_no = t2.account_no
		           and t.status in 
		             <foreach collection = "statusList" open = "(" close = ")" item = "status" separator = "," > 
		               #{status, jdbcType=VARCHAR} 
		             </foreach>
		           and t.operator_type = 'HAND'
		        UNION 
				select t.*,
		        ''   as PAYER_ACCT_NO,
		        abr.channel_code   AS Bank_Code,
		        '' as PAYER_ACCT_NAME,
		        abr.remark      as rule_name
				  from DM_ACQ.BATCH_INFO         t,
				       dm_ebank.BATCH_RULE    abr
				 Where t.batch_rule_id = abr.id
<!-- 		           and (t.operator_type = 'AUTO' or t.token is not null and t.operator_type = 'HAND') -->
		           and t.status in 
		             <foreach collection = "statusList" open = "(" close = ")" item = "status" separator = "," > 
		               #{status, jdbcType=VARCHAR} 
		             </foreach>
		           ) tt   
		 order by tt.sec_check_date, tt.status, tt.bank_code
	</select>
	
	<!-- 更新银行返回后信息 -->
	<update id="updateBankRnt">
		update dm_acq.BATCH_INFO t
		<set>		
			t.status=#{status,jdbcType=VARCHAR},
			t.rtn_bank_code=#{rtnBankCode,jdbcType=VARCHAR},
			t.rtn_bank_msg=#{rtnBankMsg,jdbcType=VARCHAR},
			t.pay_batch_date=#{payBatchDate,jdbcType=TIMESTAMP},
			<if test="remark != null and remark != ''">
				t.remark=#{remark,jdbcType=VARCHAR},
			</if>
			<if test="rtnBankSn != null and rtnBankSn != ''"><!-- add by sfhq814 2015-8-5 -->
				t.rtn_bank_sn=#{rtnBankSn,jdbcType=VARCHAR},
			</if>
			t.UPDATE_DATE=systimestamp
			
		</set>		
		where t.req_bank_sn=#{reqBankSn,jdbcType=VARCHAR}
		and t.status='SEC_CHECK_PASS'
	</update>
	
	<!-- 按银行、状态查询的批次 -->
	<select id="queryBatchByStatus" resultMap="batchInfoResultMap">
		select * from (
			select t.*,t1.BANK_CODE from dm_acq.BATCH_INFO t,dm_acq.BATCH_RULE t1
			    where t.rule_code=t1.rule_code 
			    and t1.bank_code=#{bank, jdbcType=VARCHAR}
			    and t.status=#{status, jdbcType=VARCHAR}
			    and t.OPERATOR_TYPE='HAND'
		    union 
			select t.*, t1.CHANNEL_CODE as BANK_CODE from dm_acq.BATCH_INFO t, dm_ebank.BATCH_RULE t1
			    where t.rule_code=t1.id 
			    and t1.channel_code=#{bank, jdbcType=VARCHAR}
			    and t.status=#{status, jdbcType=VARCHAR}
 			    <!--and t.OPERATOR_TYPE='AUTO'  这个条件多余，不管是自动出款还是转人工，匹配的都是自动规则--> 
			   
		)
		order by sec_check_date desc
	</select>
	
	<!-- 按银行、状态查询的批次 -->
	<select id="queryBatchByStatusNew" resultMap="batchInfoResultMap">
		select * from (
			select t.*,t1.BANK_CODE from dm_acq.BATCH_INFO t,dm_acq.BATCH_RULE t1
			    where t.rule_code=t1.rule_code 
			    and t1.bank_code=#{bank, jdbcType=VARCHAR}
			    and t.OPERATOR_TYPE='HAND'
		    union 
			select t.*, t1.CHANNEL_CODE as BANK_CODE from dm_acq.BATCH_INFO t, dm_ebank.BATCH_RULE t1
			    where t.rule_code=t1.id 
			    and t1.channel_code=#{bank, jdbcType=VARCHAR}
		)b where b.status in ('RECEIVED', 'UNKOWN') 
		order by sec_check_date desc
	</select>
	
	<!-- 更新批次状态 为DONE-->
	<update id="updateFinishStatus">
		update dm_acq.BATCH_INFO t
		<set>		
			t.status=#{status,jdbcType=VARCHAR},
			t.finish_batch_date=systimestamp,
			t.UPDATE_DATE=systimestamp,
			t.pay_batch_date=systimestamp
		</set>		
		where t.BATCH_CODE=#{batchCode,jdbcType=VARCHAR}
		and (t.status!='DONE')
	</update>
	
	<!-- 更新银行返回的信息以及返回代码 sfhq270 2014-12-26 start -->
	<update id="updateBankRtnInfo">
		update dm_acq.BATCH_INFO t
		<set>		
			t.rtn_bank_code=#{rtnBankCode,jdbcType=VARCHAR},
			t.rtn_bank_msg=#{rtnBankMsg,jdbcType=VARCHAR},
			t.UPDATE_DATE=systimestamp
			<if test="rtnBankSn !=null and rtnBankSn !=''">
				,t.RTN_BANK_SN = #{rtnBankSn,jdbcType=VARCHAR}
			</if>
			<if test="status != null">
				,t.status=#{status,jdbcType=VARCHAR}
			</if>
		</set>		
		where t.BATCH_CODE=#{batchCode,jdbcType=VARCHAR}
	</update>
	<!-- 更新银行返回的信息以及返回代码 sfhq270 2014-12-27 end -->
	
	<!-- 复核批次前的查询 -->
	<sql id="sqlQueryPayoutForCheckBatch">
		dm_acq.BATCH_INFO bi inner join dm_acq.BATCH_RULE br on br.rule_code=bi.rule_code
	    left join dm_ebank.account_info ai on br.account_no=ai.account_no
	    <where>
	    	bi.total_cnt > 0 and bi.total_amt > 0
			<if test="param.payerAcctNo != null and param.payerAcctNo != ''"> and ai.account_no=#{param.payerAcctNo}</if>
			<if test="param.payerAcctName != null and param.payerAcctName != ''"> and ai.account_name=#{param.payerAcctName}</if>
			<if test="param.payerOrgCode != null and param.payerOrgCode != ''"> and ai.bank_code=#{param.payerOrgCode}</if>
			<if test="param.batchCode != null and param.batchCode != ''"> and bi.batch_code=#{param.batchCode}</if>
			<if test="param.batchStatus != null"> and bi.status=#{param.batchStatus}</if>
			<if test="param.ruleCode != null and param.ruleCode != ''"> and br.rule_code=#{param.ruleCode}</if>
			<if test="param.operatorType != null "> and bi.operator_type=#{param.operatorType}</if>
			<if test="param.beginDate != null"><![CDATA[and bi.create_batch_date >= #{param.beginDate,jdbcType=DATE}]]></if>
			<if test="param.endDate != null "><![CDATA[and bi.create_batch_date < #{param.endDate,jdbcType=DATE}+1]]></if>
			<if test="(param.payeeAcctName != null and param.payeeAcctName !='' ) or param.amt != null"> and exists (
				select p.batch_code from dm_acq.payout_info p
				<where>p.delete_flag=0 and p.batch_code=bi.batch_code
				<if test="param.payeeAcctName != null and param.payeeAcctName !='' ">
					and instr(p.payee_acct_name, #{param.payeeAcctName,jdbcType=VARCHAR}) > 0  
				</if>
				<if test="param.amt != null "> and p.amt=#{param.amt, jdbcType=NUMERIC}</if>
				</where>
            )</if>
		</where>
	</sql>
	
	<select id="countPayoutForCheckBatch" resultType="java.lang.Long">
		select count(1) from <include refid="sqlQueryPayoutForCheckBatch"/>
	</select>
	<select id="queryPayoutForCheckBatch" resultMap="batchInfoResultMap">
		select t.* from (
			select * from (
				select rownum rn, bi.*, br.bank_code, br.account_no payer_acct_no, ai.account_name payer_acct_name, br.rule_name
		        from <include refid="sqlQueryPayoutForCheckBatch"/>
		        order by bi.id desc
	        ) <![CDATA[ where rownum <= #{end} ]]>
		) t where <![CDATA[ t.rn > #{start} ]]>
	</select>
	
	
	<!-- 复核批次前的查询自动生成的批次 -->
	<sql id="sqlQueryPayoutForAutoCheckBatch">
		dm_acq.BATCH_INFO bi, dm_ebank.BATCH_RULE abr
	    <where>
	    	abr.ID = bi.batch_rule_id 
	    	and bi.total_cnt > 0 and bi.total_amt > 0 
			<if test="param.batchCode != null and param.batchCode != ''"> and bi.batch_code=#{param.batchCode}</if>
			<if test="param.batchStatus != null"> and bi.status=#{param.batchStatus}</if>
			<!--<if test="param.operatorType != null "> and bi.operator_type=#{param.operatorType}</if>-->
			<if test="param.beginDate != null"><![CDATA[and bi.create_batch_date >= #{param.beginDate,jdbcType=DATE}]]></if>
			<if test="param.endDate != null "><![CDATA[and bi.create_batch_date < #{param.endDate,jdbcType=DATE}+1]]></if>
		</where>
	</sql>
	
	<select id="countPayoutForAutoCheckBatch" resultType="java.lang.Long">
		select count(1) from <include refid="sqlQueryPayoutForAutoCheckBatch"/>
	</select>
	<select id="queryPayoutForAutoCheckBatch" resultMap="batchInfoResultMap">
		select t.* from (
			select rownum rn,pos.* from (
				select  bi.*
		        from <include refid="sqlQueryPayoutForAutoCheckBatch"/>
		        order by bi.id 
	        ) pos <![CDATA[ where rownum <= #{end} ]]>
		) t where <![CDATA[ t.rn > #{start} ]]>
	</select>
	
	<!-- 更新轮询次数-->
	<!-- <update id="updateCycleCnt">
		update BATCH_INFO t
		<set>		
			t.cycle_cnt=#{cycleCnt,jdbcType=VARCHAR}
		</set>		
		where t.BATCH_CODE=#{batchCode,jdbcType=VARCHAR}
	</update> -->
	<!-- 查询批次信息(包含规则、账号) -->
	<select id="queryByReqBankSn" resultMap="batchInfoResultMap">
		select t.*,
		       t1.Account_No   as PAYER_ACCT_NO,
		       t1.Bank_Code,
		       t2.Account_Name as PAYER_ACCT_NAME,
		       t1.rule_name
		  from dm_acq.BATCH_INFO t, dm_acq.batch_rule t1, dm_ebank.account_info t2
		 Where t.rule_code = t1.rule_code
		   and t1.account_no = t2.account_no
		   and t.req_bank_sn = #{reqBankSn, jdbcType=VARCHAR}
		union
		select t.*,
		       ''   as PAYER_ACCT_NO,
		       abr.CHANNEL_CODE  as Bank_Code ,
		       '' as PAYER_ACCT_NAME,
		       abr.remark as  rule_name
		  from dm_acq.BATCH_INFO t, dm_ebank.batch_rule abr
		 Where t.rule_code = abr.id
		   and t.req_bank_sn = #{reqBankSn, jdbcType=VARCHAR}
	</select>
	
	<!-- 更新发送状态和次数-->
	<update id="updateSend">
		update dm_acq.batch_info t 
		<set>		
			t.send_status=#{sendStatus,jdbcType=VARCHAR},
			<if test="sendStatus != null and sendStatus.name() != 'WAIT'">
			t.send_cnt=(t.send_cnt+1),
			</if>
			<if test="remark != null and remark != ''">
			t.remark=#{remark,jdbcType=VARCHAR}
			</if>
		</set>		
		where t.BATCH_CODE=#{batchCode,jdbcType=VARCHAR}
		and t.send_status=#{oldSendStatus,jdbcType=VARCHAR}
	</update>
	
	<update id="updateSendForNOSEND">
		update dm_acq.batch_info t 
		set t.send_status='NOSEND'
		where t.BATCH_CODE=#{batchCode,jdbcType=VARCHAR}
		and t.send_status in ('WAIT','SUCCESS','FAILURE','UNKOWN')
	</update>
	
	
	<!-- 查询批次信息 (不包含规则、账号)-->
	<select id="queryBiByReqBankSn" resultMap="batchInfoResultMap">
		select t.* from dm_acq.BATCH_INFO t
		Where t.REQ_BANK_SN = #{reqBankSn,jdbcType=VARCHAR}
	</select>
	
	<!--更新各子批次的总批次号 -->
	<update id="updateTotalBatchCode">
	  update dm_acq.batch_info t
	  <set>
	     t.total_batch_code=#{totalBatchCode,jdbcType=VARCHAR}
	  </set>
	  where t.status='INIT' and t.batch_code in
	  <foreach collection="subBatchCode"  open="(" close=")" item="batch_code" separator=","> 
			#{batch_code, jdbcType=VARCHAR}
	  </foreach>
	</update>
	
	<select id="queryBatchCodeByTotalBatchCode" resultType="java.lang.String">
	   select batch_code from dm_acq.batch_info t where t.status='INIT' AND t.total_batch_code=#{totalBatchCode,jdbcType=VARCHAR} 
	</select>
	
	<select id="countStatusByTotalBatchCode" resultType="java.lang.Long">
	   select count(1) from dm_acq.batch_info t where t.status=#{status,jdbcType=VARCHAR} AND t.total_batch_code=#{totalBatchCode,jdbcType=VARCHAR} 
	</select>
	
	<!-- 更新总笔数及总金额 -->
	<update id="updateTotal">
		update dm_acq.BATCH_INFO t
		<set>
			t.total_cnt= #{batchInfo.totalCnt, jdbcType=NUMERIC},
			t.total_amt= #{batchInfo.totalAmt, jdbcType=NUMERIC},
			t.UPDATE_DATE=systimestamp
		</set>
		where t.BATCH_CODE=#{batchInfo.batchCode,jdbcType=VARCHAR}
		and t.status=#{oldStatus,jdbcType=VARCHAR}
	</update>
		
	<!-- 修改冻结/解冻信息 -->		
	<update id="updateFreeze">
		update dm_acq.batch_info t
		<set>
			(t.total_cnt, t.total_amt, t.status, t.remark, t.finish_batch_date, t.UPDATE_DATE)=(
				select count(1), nvl(sum(p.amt), 0), decode(count(1), 0, 'DONE', t.status),
					decode(count(1), 0, #{remark, jdbcType=VARCHAR}, t.remark), decode(count(1), 0, systimestamp, t.finish_batch_date),
					systimestamp  
		     	from dm_acq.payout_info p where p.batch_code=t.batch_code and p.freeze_flag='N'
			)
		</set>
		where t.batch_code in
		<foreach collection="bNos"  open="(" close=")" item="bNo" separator=",">#{bNo, jdbcType=VARCHAR}</foreach>
		and t.status in ('INIT','BATCH','FIR_CHECK_PASS')
	</update>		
	
	<!-- 根据payoutInfo的reqBankSn得到BatchInfo  sfhq272  20150302 -->
	<select id="queryBatchByPayoutReqBankSn" resultMap="batchInfoResultMap">
		select t.* from dm_acq.BATCH_INFO t, dm_acq.PAYOUT_INFO pi
		Where t.batch_code=pi.batch_code and
		pi.REQ_BANK_SN = #{reqBankSn,jdbcType=VARCHAR}
	</select>
	
	<!-- 获取操作类型(手工、自动) -->
	<select id="getOperatorType" resultType="java.lang.String">
		select b.operator_type from dm_acq.BATCH_INFO b where b.batch_code=#{batchCode, jdbcType=VARCHAR}
	</select>
	
	
</mapper>