<?xml version="1.0" encoding="UTF-8" ?>
<!DOCTYPE mapper PUBLIC "-//mybatis.org//DTD Mapper 3.0//EN" "http://mybatis.org/dtd/mybatis-3-mapper.dtd" >
<mapper namespace="com.sfpay.acquirer.dao.IChannelRateInfoDao">
	<resultMap id="ChannelRateInfo" type="com.sfpay.acquirer.domain.ChannelRateInfo">
		<result column="ID" property="id" />
		<result column="PAY_TYPE" property="payType" />
		<result column="CHARGE_TYPE" property="chargeType" />
		<result column="COST_TYPE" property="costType" />
		<result column="FEE_RATE" property="feeRate" />
		<result column="DISCOUNT_RATE" property="discountRate" />
		<result column="DOMAIN_MAX" property="domainMax" />
		<result column="DOMAIN_MIN" property="domainMin" />
		<result column="REMARK" property="remark" />
		<result column="CREATE_DATE" property="createDate" />
		<result column="UPDATE_DATE" property="updateDate" />
		<result column="BANK_CODE" property="bankCode" />
		<result column="CHANNEL_CODE" property="channelCode" />
		<result column="OB_NAME" property="obName" />
		<result column="ACCOUNT_NO" property="accountNo" jdbcType="VARCHAR" />
	</resultMap>
	
	<!-- 输入查询条件：渠道名称、开户行、银行账号、支付方式、计费方式、费用收取方式 -->
	<sql id="sqlQueryChannelRateInfoPage">
		FROM dm_acq.CHANNEL_RATE_INFO A, dm_ebank.ACCOUNT_INFO B, dm_acq.BANK_INFO C, dm_acq.ACCT_BIZ_DETAIL_REL D
		WHERE A.BANK_CODE=B.BANK_CODE AND A.BANK_CODE=C.BANK_CODE
		AND D.FUND_WAY='IN' AND D.ORDER_TYPE='RECHARGE' AND D.ACCOUNT_NO=B.ACCOUNT_NO
		<if test="param.bankCode != null"> AND A.BANK_CODE = #{param.bankCode} </if>
		<if test="param.obNo != null and param.obNo != ''"> AND B.OB_NO = #{param.obNo} </if>
		<if test="param.accountNo != null and param.accountNo != ''"> AND B.ACCOUNT_NO = #{param.accountNo} </if>
		<if test="param.payType != null and param.payType != ''"> AND A.PAY_TYPE = #{param.payType} </if>
		<if test="param.chargeType != null and param.chargeType != ''"> AND A.CHARGE_TYPE = #{param.chargeType} </if>
		<if test="param.costType != null and param.costType != ''"> AND A.COST_TYPE = #{param.costType} </if>
	</sql>
	<select id="queryChannelRateInfoPageCount" resultType="java.lang.Long">
		SELECT COUNT(1) <include refid="sqlQueryChannelRateInfoPage"/>
	</select>
	<select id="queryChannelInfoPageList" resultMap="ChannelRateInfo">
		select * from (
			SELECT ROWNUM pos, B.BANK_CODE, C.BANK_NAME, B.OB_NAME, B.ACCOUNT_NO, A.PAY_TYPE, A.CHARGE_TYPE,
				A.COST_TYPE, A.FEE_RATE, A.DOMAIN_MAX, A.DOMAIN_MIN, A.DISCOUNT_RATE, A.CHANNEL_CODE
			<include refid="sqlQueryChannelRateInfoPage"/>
			<![CDATA[ AND rownum <= #{end} ]]>
		) t where <![CDATA[ t.pos > #{start} ]]> order by t.BANK_CODE
	</select>
	
	<!-- 根据支付的金额，银行码，渠道编码，计费方式查询出对应的手续费率，打折率  -->
	<select id="queryChannelRateInfo" resultMap="ChannelRateInfo">
    SELECT 
	A.PAY_TYPE,
	A.CHARGE_TYPE ,
	A.COST_TYPE,
	A.FEE_RATE,
	A.DISCOUNT_RATE,
	A.DOMAIN_MAX,
	A.DOMAIN_MIN,
	A.REMARK,
	A.CREATE_DATE,
	A.UPDATE_DATE
    FROM  
  	dm_acq.CHANNEL_RATE_INFO A 
    WHERE     
    A.BANK_CODE=#{bankCode}        	AND  
    A.CHANNEL_CODE=#{channelCode}   AND   
    A.CHARGE_TYPE=#{chargeType}     AND 
    #{payCost} BETWEEN A.DOMAIN_MIN AND A.DOMAIN_MAX 
	</select>
	
	
	<insert id="addChannelRateInfo">
		INSERT INTO dm_acq.CHANNEL_RATE_INFO(
					   ID,
					   PAY_TYPE  ,
					   CHARGE_TYPE,
					   COST_TYPE  ,
					   FEE_RATE   ,
					   DISCOUNT_RATE,
					   DOMAIN_MAX   ,
					   DOMAIN_MIN   ,
					   REMARK       ,
					   CREATE_DATE  ,
					   BANK_CODE,
					   CHANNEL_CODE
		) VALUES (
					dm_acq.SEQ_CHANNEL_RATE_INFO.NEXTVAL, 
					#{param.payType, jdbcType=VARCHAR},
					#{param.chargeType, jdbcType=VARCHAR},
					#{param.costType, jdbcType=VARCHAR},
					#{param.feeRate, jdbcType=NUMERIC},
					#{param.discountRate, jdbcType=NUMERIC},
					#{param.domainMax, jdbcType=NUMERIC},
					#{param.domainMin, jdbcType=NUMERIC},
					#{param.ramark, jdbcType=VARCHAR},
					systimestamp,
					#{param.bankCode, jdbcType=VARCHAR},
					#{param.channelCode, jdbcType=VARCHAR}
		)
	</insert>
	
		<update id="updateChannelRateInfo">
		update dm_acq.CHANNEL_RATE_INFO
		<set>
			<if test="param.payType != null and param.payType != ''">PAY_TYPE=#{param.payType},</if>
			<if test="param.chargeType != null and param.chargeType != ''">CHARGE_TYPE=#{param.chargeType},</if>
			<if test="param.costType != null and param.costType != ''">COST_TYPE=#{param.costType},</if>
			<if test="param.feeRate != null and param.feeRate != ''">FEE_RATE=#{param.feeRate},</if>
			<if test="param.discountRate != null and param.discountRate != ''">DISCOUNT_RATE=#{param.discountRate},</if>
			<if test="param.domainMax != null and param.domainMax != ''">DOMAIN_MAX=#{param.domainMax},</if>
			<if test="param.domainMin != null and param.domainMin != ''">DOMAIN_MIN=#{param.domainMin},</if>
			<if test="param.remark != null and param.remark != ''">REMARK=#{param.remark},</if>
			UPDATE_DATE=systimestamp
		</set>		
		where ID=#{param.id} 
	</update>
	
	<!-- 删除  -->
	<delete id="deleteChannelRateInfo" >
		delete from dm_acq.CHANNEL_RATE_INFO where id=#{id}
	</delete>	
	
</mapper>