<?xml version="1.0" encoding="UTF-8" ?>
<!DOCTYPE mapper PUBLIC "-//mybatis.org//DTD Mapper 3.0//EN" "http://mybatis.org/dtd/mybatis-3-mapper.dtd" >
<mapper namespace="com.sfpay.acquirer.dao.IChannelFieldMappingDAO">
	<resultMap id="fieldMappingMap" type="com.sfpay.acquirer.domain.ChannelFieldMappingDTO">
		<result column="mapping_code" property="mappingCode"/>
		<result column="mapping_field" property="mappingField"/>
		<result column="orig_value" property="origValue"/>
		<result column="dest_value" property="destValue"/>
		<result column="DEFAULT_FLAG" property="defaultFlag"/>
		<result column="REMARK" property="remark"/>
	</resultMap>
	
	<select id="queryByChannel" resultMap="fieldMappingMap">
		select r.mapping_code, r.mapping_field, r.orig_value, r.dest_value, r.default_flag, r.remark
		  from dm_ebank.channel_field_mapping_conf c, dm_ebank.channel_field_mapping_ref r
		 WHERE c.mapping_code = r.mapping_code
		   and c.CHANNEL_RULE_ID = #{channel,jdbcType=VARCHAR}
	</select>
	<update id="bindMapping" parameterType="com.sfpay.acquirer.domain.BatchRuleInfo">
	   merge into dm_ebank.channel_field_mapping_conf c using dual on (c.CHANNEL_RULE_ID = #{ruleCode, jdbcType=VARCHAR})
		when not matched then insert (id, c.CHANNEL_RULE_ID, c.mapping_code) 
		values (
			sys_guid(), #{ruleCode, jdbcType=VARCHAR}, #{mappingCode, jdbcType=VARCHAR}
	    )
	    when matched then update set
	    	 mapping_code = #{mappingCode, jdbcType=VARCHAR}
	</update>
</mapper>