<?xml version="1.0" encoding="UTF-8" ?>
<!DOCTYPE mapper PUBLIC "-//mybatis.org//DTD Mapper 3.0//EN" "http://mybatis.org/dtd/mybatis-3-mapper.dtd" >
<mapper namespace="com.sfpay.acquirer.dao.ICheckReconInfoDao">
		<resultMap id="ReconCollectRlt" type="com.sfpay.acquirer.domain.ReconCollectRlt">
		<result column="ID" property="id" jdbcType="NUMERIC" />
		<result column="BANK_CODE" property="bankCode"/>
		<result column="CHANNEL_CODE" property="channelCode"/>
		<result column="ORDER_TYPE" property="orderType"/>
		<result column="FUND_WAY" property="fundWay"/>
		<result column="ACCT_CODE" property="acctCode"/>
		<result column="ACCT_NAME" property="acctName"/>
		<result column="COLLECT_NO" property="collectNo"/>
		<result column="BUSINESS_SN" property="businessSn"/>
		<result column="AMT" property="amt" jdbcType="NUMERIC" />
		<result column="TRADE_DATE" property="tradeDate" jdbcType="TIMESTAMP" />
		<result column="STATUS" property="status"/>
		<result column="REQ_BANK_SN" property="reqBankSn"/>
		<result column="OUT_SEQNO" property="outSeqno"/>
		<result column="OUT_AMT" property="outAmt" jdbcType="NUMERIC" />
		<result column="OUT_TRADE_DATE" property="outTradeDate" />
		<result column="OUT_STATUS" property="outStatus"/>
		<result column="RECON_STATUS" property="reconStatus"/>
		<result column="RECON_DATE" property="reconDate" jdbcType="TIMESTAMP" />
		<result column="REMARK" property="remark"/>
	</resultMap>
	
	
	<!-- 在对账以后，查询所有丢单和掉单的记录 -->
	<select id="findReconLose" resultMap="ReconCollectRlt">
		SELECT ID, BANK_CODE, CHANNEL_CODE, ORDER_TYPE, FUND_WAY, ACCT_CODE, ACCT_NAME, COLLECT_NO, AMT, TRADE_DATE,
			STATUS, REQ_BANK_SN, OUT_SEQNO, OUT_AMT, OUT_TRADE_DATE, OUT_STATUS, RECON_STATUS, RECON_DATE, REMARK,
			CREATE_DATE, UPDATE_DATE, BUSINESS_SN, CLEAR_FLAG, CLEAR_DATE, CLEAR_REMARK, CHANGE_RECON_FLAG, CHANGE_RECON_DATE,
			CHANGE_RECON_TYPE, CHANGE_RECON_REMARK
		FROM dm_acq.RECON_COLLECT_RLT 
		WHERE RECON_STATUS='LOSE' AND BANK_CODE=#{bankCode} AND CHANNEL_CODE=#{channelCode}
		<![CDATA[AND RECON_DATE >= to_date(#{nowDate}, 'YYYY-MM-dd') AND RECON_DATE < to_date(#{nowDate}, 'YYYY-MM-dd')+1]]>
	</select>
	
	<!--根据单笔查询的反回结果判断是否是丢单情况，以此更改对账结果表状态为时间性差异-->
	<update id="updateReconCollectRltState">
		UPDATE dm_acq.RECON_COLLECT_RLT
		<set>
			RECON_STATUS='TIMEEXP',
			UPDATE_DATE=systimestamp
		</set>		
		WHERE ID=#{id}
	</update>      
	
	<!--根据单笔查询的反回结果判断是否是掉单情况，如果是则更新收单基础表状态为成功（如果找不到这个订单，这里不做处理）-->
	<update id="updateCollectInfoState">
			UPDATE dm_acq.COLLECT_INFO
		<set>
			RECON_STATUS=#{status},
			UPDATE_DATE=systimestamp
		</set>		
			WHERE 
			ID=#{id}    AND  
			BANK_CODE=#{bankCode} 	    AND  
			CHANNEL_CODE=#{channelCode} AND  
			FUND_WAY=#{fundWay} 
	</update>     
	
	
	<!-- 2.再把收单表中相应的记录更新到对账结果表中 -->
	<update id="updateReconCollectRltFromCollectInfo">
			UPDATE 
			dm_acq.RECON_COLLECT_RLT A
			SET (
			    A.BANK_CODE,
				A.CHANNEL_CODE,
				A.ORDER_TYPE,
				A.FUND_WAY,
				A.ACCT_CODE,
				A.ACCT_NAME,
				A.COLLECT_NO,
				A.AMT,
				A.TRADE_DATE,
				A.STATUS,
				A.REQ_BANK_SN,
				A.RECON_STATUS,
				A.BUSINESS_SN
			    )=(
			    SELECT 
			    B.BANK_CODE,
				B.CHANNEL_CODE,
				B.ORDER_TYPE,
				B.FUND_WAY,
				DECODE(B.FUND_WAY,'IN',B.PAYEE_ACCT_CODE,B.PAYER_ACCT_CODE) ACCT_CODE,
				DECODE(B.FUND_WAY,'IN',B.PAYEE_ACCT_NAME,B.PAYER_ACCT_NAME) ACCT_NAME,
				B.COLLECT_NO,
				B.AMT,
				B.END_TIME,
				B.STATUS,
				B.REQ_BANK_SN,
				'SUCCESS',
				B.BUSINESS_SN,
				FROM dm_acq.COLLECT_INFO B
				WHERE 
				B.BANK_CODE=#{bankCode} AND   
				B.CHANNEL_CODE=#{channelCode} AND
				B.FUND_WAY=#{fundWay} AND   
				B.REQ_BANK_SN=#{reqBankSn}
		        )
		    WHERE 
				A.ID=#{id}
	</update>
</mapper>