<?xml version="1.0" encoding="UTF-8" ?>
<!DOCTYPE mapper PUBLIC "-//mybatis.org//DTD Mapper 3.0//EN" "http://mybatis.org/dtd/mybatis-3-mapper.dtd" >
<mapper namespace="com.sfpay.acquirer.dao.ICollectInfoDao">
	<resultMap id="collectInfo" type="com.sfpay.acquirer.domain.CollectInfo">
		<id column="ID" property="id" jdbcType="NUMERIC"/>
		<result column="COLLECT_NO" property="collectNo" />
		<result column="BANK_CODE" property="bankCode" />
		<result column="CHANNEL_CODE" property="channelCode" />
		<result column="ORDER_TYPE" property="orderType" />
		<result column="TRADE_NO" property="tradeNo" />
		<result column="PAY_NO" property="payNo" />
		<result column="BUSINESS_SN" property="businessSn" />
		<result column="FUND_WAY" property="fundWay" />
		<result column="AMT" property="amt" jdbcType="NUMERIC" />
		<result column="CCY" property="ccy" />
		<result column="FEE" property="fee" jdbcType="NUMERIC" />
		<result column="PAYER_MEMBER_NO" property="payerMemberNo" />
		<result column="PAYER_ORG_CODE" property="payerOrgCode" />
		<result column="PAYER_ORG_NAME" property="payerOrgName" />
		<result column="PAYER_BRANCH_CODE" property="payerBranchCode" />
		<result column="PAYER_BRANCH_NAME" property="payerBranchName" />
		<result column="PAYER_ACCT_CODE" property="payerAcctCode" />
		<result column="PAYER_ACCT_NAME" property="payerAcctName" />
		<result column="PAYER_ACCT_PROVINCE" property="payerAcctProvince" />
		<result column="PAYER_ACCT_PROVINCE_N" property="payerAcctProvinceN" />
		<result column="PAYER_ACCT_CITY" property="payerAcctCity" />
		<result column="PAYER_ACCT_CITY_N" property="payerAcctCityN" />
		<result column="PAYER_EMAIL" property="payerEmail" />
		<result column="PAYER_MOBILE" property="payerMobile" />
		<result column="PAYEE_MEMBER_NO" property="payeeMemberNo" />
		<result column="PAYEE_ORG_CODE" property="payeeOrgCode" />
		<result column="PAYEE_ORG_NAME" property="payeeOrgName" />
		<result column="PAYEE_BRANCH_CODE" property="payeeBranchCode" />
		<result column="PAYEE_BRANCH_NAME" property="payeeBranchName" />
		<result column="PAYEE_ACCT_CODE" property="payeeAcctCode" />
		<result column="PAYEE_ACCT_NAME" property="payeeAcctName" />
		<result column="PAYEE_ACCT_PROVINCE" property="payeeAcctProvince" />
		<result column="PAYEE_ACCT_PROVINCE_N" property="payeeAcctProvinceN" />
		<result column="PAYEE_ACCT_CITY" property="payeeAcctCity" />
		<result column="PAYEE_ACCT_CITY_N" property="payeeAcctCityN" />
		<result column="PAYEE_EMAIL" property="payeeEmail" />
		<result column="PAYEE_MOBILE" property="payeeMobile" />
		<result column="STATUS" property="status" />
		<result column="RTN_PAY_CODE" property="rtnPayCode" />
		<result column="RTN_BANK_SN" property="rtnBankSn" />
		<result column="RTN_BANK_MSG" property="rtnBankMsg" />
		<result column="BEGIN_TIME" property="beginTime" jdbcType="TIMESTAMP" />
		<result column="END_TIME" property="endTime" jdbcType="TIMESTAMP" />
		<result column="FRONT_URL" property="frontUrl" />
		<result column="RESULT_URL" property="resultUrl" />
		<result column="RETURN_VAR" property="returnVar" />
		<result column="REQ_BANK_SN" property="reqBankSn" />
		<result column="BATCH_CODE" property="batchCode" />
		<result column="REMIT_METHOD" property="remitMethod" />
		<result column="USE_DESC" property="useDesc" />
		<result column="OLD_COLLECT_NO" property="oldCollectNo" />
		<result column="REMARK" property="remark" />
		<result column="CLIENT_IP" property="clientIp" />
		<result column="COVER_BANK_CODE" property="coverBankCode" />
		<result column="CREATE_DATE" property="createDate" jdbcType="TIMESTAMP" />
		<result column="UPDATE_DATE" property="updateDate" jdbcType="TIMESTAMP" />
		<result column="RTN_BANK_CODE" property="rtnBankCode" />
		<result column="VERIFY_CODE" property="verifyCode" />
		<result column="REVERSE_AMT" property="reverseAmt" jdbcType="NUMERIC" />
		<result column="REVERSE_TIME" property="reverseTime" jdbcType="TIMESTAMP" />
		<result column="REVERSE_REASON" property="reverseReason" />
		<result column="REVERSE_TYPE" property="reverseType" />
		<result column="PAYER_CARD_TYPE" property="payerCardType" />
		<result column="SYSTEM_SOURCE" property="systemSource" />
	</resultMap>
	
	<resultMap id="recData" type="com.sfpay.acquirer.domain.RecData">
		<result column="AMT" property="amount" jdbcType="NUMERIC" />
		<result column="PAY_NO" property="paymentOrderNO" />
		<result column="FUND_WAY" property="fundWay" />
		<result column="AMT_TYPE" property="type" />
	</resultMap>
	
	<sql id="selFrag">
		select 
			ID,COLLECT_NO,BANK_CODE,CHANNEL_CODE,ORDER_TYPE,TRADE_NO,PAY_NO,BUSINESS_SN,FUND_WAY,AMT,CCY,FEE,
			PAYER_MEMBER_NO,PAYER_ORG_CODE,PAYER_ORG_NAME,PAYER_BRANCH_CODE,PAYER_BRANCH_NAME,
			PAYER_ACCT_CODE,PAYER_ACCT_NAME,PAYER_ACCT_PROVINCE,PAYER_ACCT_PROVINCE_N,PAYER_ACCT_CITY,PAYER_ACCT_CITY_N,PAYER_EMAIL,PAYER_MOBILE,
			PAYEE_MEMBER_NO,PAYEE_ORG_CODE,PAYEE_ORG_NAME,PAYEE_BRANCH_CODE,PAYEE_BRANCH_NAME,
			PAYEE_ACCT_CODE,PAYEE_ACCT_NAME,PAYEE_ACCT_PROVINCE,PAYEE_ACCT_PROVINCE_N,PAYEE_ACCT_CITY,PAYEE_ACCT_CITY_N,PAYEE_EMAIL,PAYEE_MOBILE,
			STATUS,RTN_PAY_CODE,RTN_BANK_SN,RTN_BANK_MSG,BEGIN_TIME,END_TIME,FRONT_URL,RESULT_URL,RETURN_VAR,REQ_BANK_SN,BATCH_CODE,REMIT_METHOD,USE_DESC,
			OLD_COLLECT_NO,REMARK,CLIENT_IP,COVER_BANK_CODE,VERIFY_CODE,NVL(REVERSE_AMT, 0) REVERSE_AMT,
			REVERSE_TIME,REVERSE_REASON,REVERSE_TYPE,PAYER_CARD_TYPE,SYSTEM_SOURCE
		from dm_acq.COLLECT_INFO 
	</sql>
	
	<!-- 添加一条收单记录 -->
	<insert id="createCollectInfo" parameterType="com.sfpay.acquirer.domain.CollectInfo">
		<selectKey keyProperty="collectNo" resultType="string" order="BEFORE">  
            select to_char(sysdate, 'yyMMdd') || lpad(mod(dm_acq.SEQ_COLLECT_NO.nextval,10000000000),10,'0') from dual
   		</selectKey>
		insert into dm_acq.COLLECT_INFO (
			ID,COLLECT_NO,BANK_CODE,CHANNEL_CODE,ORDER_TYPE,TRADE_NO,PAY_NO,BUSINESS_SN,FUND_WAY,AMT,CCY,FEE,
			
			PAYER_MEMBER_NO,PAYER_ORG_CODE,PAYER_ORG_NAME,PAYER_BRANCH_CODE,PAYER_BRANCH_NAME,
			PAYER_ACCT_CODE,PAYER_ACCT_NAME,PAYER_ACCT_PROVINCE,PAYER_ACCT_PROVINCE_N,PAYER_ACCT_CITY,
			PAYER_ACCT_CITY_N,PAYER_EMAIL,PAYER_MOBILE,
			
			PAYEE_MEMBER_NO,PAYEE_ORG_CODE,PAYEE_ORG_NAME,PAYEE_BRANCH_CODE,PAYEE_BRANCH_NAME,
			PAYEE_ACCT_CODE,PAYEE_ACCT_NAME,PAYEE_ACCT_PROVINCE,PAYEE_ACCT_PROVINCE_N,PAYEE_ACCT_CITY,
			PAYEE_ACCT_CITY_N,PAYEE_EMAIL,PAYEE_MOBILE,
			
			STATUS,BEGIN_TIME,END_TIME,FRONT_URL,RESULT_URL,RETURN_VAR,REQ_BANK_SN,BATCH_CODE,REMIT_METHOD,USE_DESC,OLD_COLLECT_NO,REMARK,
			CLIENT_IP,COVER_BANK_CODE,APPEND_BUS_TYPE,CREATE_DATE,VERIFY_CODE,REVERSE_AMT,REVERSE_TYPE,REVERSE_TIME,
			REVERSE_REASON,PAYER_CARD_TYPE,SYSTEM_SOURCE
		) VALUES(
			dm_acq.SEQ_COLLECT_INFO.NEXTVAL,#{collectNo, jdbcType=VARCHAR},#{bankCode, jdbcType=VARCHAR},#{channelCode, jdbcType=VARCHAR},
			#{orderType, jdbcType=VARCHAR},#{tradeNo, jdbcType=VARCHAR},#{payNo, jdbcType=VARCHAR},#{businessSn, jdbcType=VARCHAR},
			#{fundWay, jdbcType=VARCHAR},#{amt, jdbcType=NUMERIC},#{ccy, jdbcType=VARCHAR},#{fee, jdbcType=NUMERIC},
			
			#{payerMemberNo, jdbcType=NUMERIC},#{payerOrgCode, jdbcType=VARCHAR},#{payerOrgName, jdbcType=VARCHAR},
			#{payerBranchCode, jdbcType=VARCHAR},#{payerBranchName, jdbcType=VARCHAR},
			#{payerAcctCode, jdbcType=VARCHAR},#{payerAcctName, jdbcType=VARCHAR},
			#{payerAcctProvince, jdbcType=VARCHAR},#{payerAcctProvinceN, jdbcType=VARCHAR},
			#{payerAcctCity, jdbcType=VARCHAR},#{payerAcctCityN, jdbcType=VARCHAR},
			#{payerEmail, jdbcType=VARCHAR},#{payerMobile, jdbcType=VARCHAR},
			
			#{payeeMemberNo, jdbcType=NUMERIC},#{payeeOrgCode, jdbcType=VARCHAR},#{payeeOrgName, jdbcType=VARCHAR},
			#{payeeBranchCode, jdbcType=VARCHAR},#{payeeBranchName, jdbcType=VARCHAR},
			#{payeeAcctCode, jdbcType=VARCHAR},#{payeeAcctName, jdbcType=VARCHAR},
			#{payeeAcctProvince, jdbcType=VARCHAR},#{payeeAcctProvinceN, jdbcType=VARCHAR},
			#{payeeAcctCity, jdbcType=VARCHAR},#{payeeAcctCityN, jdbcType=VARCHAR},
			#{payeeEmail, jdbcType=VARCHAR},#{payeeMobile, jdbcType=VARCHAR},
			
			#{status, jdbcType=VARCHAR},#{beginTime, jdbcType=TIMESTAMP},#{endTime, jdbcType=TIMESTAMP},
			replace(#{frontUrl, jdbcType=VARCHAR}, '{0}', #{collectNo}),
			replace(#{resultUrl, jdbcType=VARCHAR}, '{0}', #{collectNo}),
			#{returnVar, jdbcType=VARCHAR},#{reqBankSn, jdbcType=VARCHAR},#{batchCode, jdbcType=VARCHAR},
			#{remitMethod, jdbcType=VARCHAR},#{useDesc, jdbcType=VARCHAR},#{oldCollectNo, jdbcType=VARCHAR},
			#{remark, jdbcType=VARCHAR},#{clientIp, jdbcType=VARCHAR},#{coverBankCode, jdbcType=VARCHAR},
			#{appendBusType,jdbcType=VARCHAR},systimestamp,#{verifyCode,jdbcType=VARCHAR},
			#{reverseAmt, jdbcType=NUMERIC},#{reverseType, jdbcType=VARCHAR},#{reverseTime,jdbcType=TIMESTAMP},
			#{reverseReason, jdbcType=VARCHAR},#{payerCardType, jdbcType=VARCHAR},#{systemSource, jdbcType=VARCHAR}
		)
	</insert>
	<!-- <select id="selectCollectInfo" parameterType="Map" resultMap="collectInfo">
		<include refid="selFrag"/> <include refid="sqlSelectCollectInfo" />
	</select> -->
	<!-- <select id="selectCollectNoBatchCode" parameterType="Map" resultMap="collectInfo">
		select row_.*, rownum rownum_ from (<include refid="selFrag"/>
			<where>
				<if test=" collectNo != null "> and COLLECT_NO = #{collectNo, jdbcType=VARCHAR}</if>
				<if test=" batchCode != null "> and BATCH_CODE = #{batchCode, jdbcType=VARCHAR}</if>
				<if test=" noOrderType != null "> and ORDER_TYPE not in (#{noOrderType})</if>
				<if test=" fundWay != null "> and FUND_WAY = #{fundWay, jdbcType=VARCHAR}</if>
				<if test=" status != null "> and STATUS = #{status, jdbcType=VARCHAR}</if>
				<if test=" payeeOrgCode != null and payeeOrgCode.size!=0">
					and PAYEE_ORG_CODE in <foreach collection="payeeOrgCode" item="item" open="(" separator="," close=")">#{item}</foreach>
				</if>
				<if test=" batchCode == null "> and BATCH_CODE is null</if>
				出款使用条件
				<if test=" beginTime != null "><![CDATA[ and CREATE_DATE >= #{beginTime}]]></if>
				<if test=" endTime != null "><![CDATA[ and CREATE_DATE <= #{endTime}]]></if>
			</where>
			order by CREATE_DATE DESC
		) row_
		<where>
			<if test=" count != null "><![CDATA[ rownum <= #{count}]]></if>
		</where>
	</select> -->
	<!-- 根据收单编号，更新一条收单记录 -->
	<update id="updateByCollectNo">
		update dm_acq.COLLECT_INFO
		<set>
			<if test="param.bankCode != null ">BANK_CODE = #{param.bankCode, jdbcType=VARCHAR},</if>
			<if test="param.channelCode != null ">CHANNEL_CODE = #{param.channelCode, jdbcType=VARCHAR},</if>
			<if test="param.reqBankSn != null ">REQ_BANK_SN = #{param.reqBankSn, jdbcType=VARCHAR},</if>
			<if test="param.fee != null ">FEE = #{param.fee, jdbcType=NUMERIC},</if>
			<if test="param.payerOrgCode != null ">PAYER_ORG_CODE = #{param.payerOrgCode, jdbcType=VARCHAR},</if>
			<if test="param.payerOrgName != null ">PAYER_ORG_NAME = #{param.payerOrgName, jdbcType=VARCHAR},</if>
			<if test="param.payerBranchCode != null ">PAYER_BRANCH_CODE = #{param.payerBranchCode, jdbcType=VARCHAR},</if>
			<if test="param.payerBranchName != null ">PAYER_BRANCH_NAME = #{param.payerBranchName, jdbcType=VARCHAR},</if>
			<if test="param.payerAcctCode != null ">PAYER_ACCT_CODE = #{param.payerAcctCode, jdbcType=VARCHAR},</if>
			<if test="param.payerAcctName != null ">PAYER_ACCT_NAME = #{param.payerAcctName, jdbcType=VARCHAR},</if>
			<if test="param.payerAcctProvince != null ">PAYER_ACCT_PROVINCE = #{param.payerAcctProvince, jdbcType=VARCHAR},</if>
			<if test="param.payerAcctProvinceN != null ">PAYER_ACCT_PROVINCE_N = #{param.payerAcctProvinceN, jdbcType=VARCHAR},</if>
			<if test="param.payerAcctCity != null ">PAYER_ACCT_CITY = #{param.payerAcctCity, jdbcType=VARCHAR},</if>
			<if test="param.payerAcctCityN != null ">PAYER_ACCT_CITY_N = #{param.payerAcctCityN, jdbcType=VARCHAR},</if>
			<if test="param.status != null ">STATUS = #{param.status, jdbcType=VARCHAR},</if>
			<if test="param.rtnBankSn != null ">RTN_BANK_SN = #{param.rtnBankSn, jdbcType=VARCHAR},</if>
			<if test="param.rtnBankMsg != null ">RTN_BANK_MSG = #{param.rtnBankMsg, jdbcType=VARCHAR},</if>
			<if test="param.rtnPayCode != null ">RTN_PAY_CODE = #{param.rtnPayCode, jdbcType=VARCHAR},</if>
			<if test="param.batchCode != null ">BATCH_CODE = #{param.batchCode, jdbcType=VARCHAR},</if>
			<if test="param.remark != null ">REMARK = #{param.remark, jdbcType=VARCHAR},</if>
			UPDATE_DATE = systimestamp,
		</set>
		where COLLECT_NO = #{param.collectNo, jdbcType=VARCHAR}
	</update>
	
	<!-- 根据收单编号，更新一条收单记录 用在银行回调返回时的更新 该记录状态为INIT -->
	<update id="updateForBankCall">
		update dm_acq.COLLECT_INFO
		<set>
			<if test="ci.bankCode != null ">BANK_CODE = #{ci.bankCode},</if>
			<if test="ci.channelCode != null ">CHANNEL_CODE = #{ci.channelCode},</if>
			<if test="ci.reqBankSn != null ">REQ_BANK_SN = #{ci.reqBankSn},</if>
			<if test="ci.fee != null ">FEE = #{ci.fee},</if>
			<if test="ci.payerOrgCode != null ">PAYER_ORG_CODE = #{ci.payerOrgCode},</if>
			<if test="ci.payerOrgName != null ">PAYER_ORG_NAME = #{ci.payerOrgName},</if>
			<if test="ci.payerBranchCode != null ">PAYER_BRANCH_CODE = #{ci.payerBranchCode},</if>
			<if test="ci.payerBranchName != null ">PAYER_BRANCH_NAME = #{ci.payerBranchName},</if>
			<if test="ci.payerAcctCode != null ">PAYER_ACCT_CODE = #{ci.payerAcctCode},</if>
			<if test="ci.payerAcctName != null ">PAYER_ACCT_NAME = #{ci.payerAcctName},</if>
			<if test="ci.payerAcctProvince != null ">PAYER_ACCT_PROVINCE = #{ci.payerAcctProvince},</if>
			<if test="ci.payerAcctCity != null ">PAYER_ACCT_CITY = #{ci.payerAcctCity},</if>
			<if test="ci.payerAcctProvinceN != null ">PAYER_ACCT_PROVINCE_N = #{ci.payerAcctProvinceN},</if>
			<if test="ci.payerAcctCityN != null ">PAYER_ACCT_CITY_N = #{ci.payerAcctCityN},</if>
			<if test="ci.status != null ">STATUS = #{ci.status},</if>
			<if test="ci.rtnBankSn != null ">RTN_BANK_SN = #{ci.rtnBankSn},</if>
			<if test="ci.rtnBankMsg != null ">RTN_BANK_MSG = #{ci.rtnBankMsg},</if>
			<if test="ci.rtnPayCode != null ">RTN_PAY_CODE = #{ci.rtnPayCode},</if>
			<if test="ci.batchCode != null ">BATCH_CODE = #{ci.batchCode},</if>
			<if test="ci.remark != null ">REMARK = #{ci.remark},</if>
			<if test="ci.rtnBankCode != null ">RTN_BANK_CODE = #{ci.rtnBankCode},</if>
			END_TIME = sysdate,
			UPDATE_DATE = systimestamp,
			<if test="ci.status != null and ci.status.name() == 'SUCCESS'">
			POLL_FLAG = decode(poll_flag,'IN','OVER',poll_flag),
			</if>
		</set>
		where STATUS='INIT' and COLLECT_NO = #{ci.collectNo}
	</update>
	
	<!-- 根据银行交易流水号，更新一条收单记录 -->
	<!-- <update id="updateByReqBankSn">
		update dm_acq.COLLECT_INFO
		<set>
			<if test="param.status != null ">STATUS = #{param.status},</if>
			<if test="param.rtnBankMsg != null ">RTN_BANK_MSG = #{param.rtnBankMsg},</if>
			<if test="param.rtnPayCode != null ">RTN_PAY_CODE = #{param.rtnPayCode},</if>
			END_TIME = sysdate,
			UPDATE_DATE = systimestamp,
		</set>
		where REQ_BANK_SN = #{param.reqBankSn, jdbcType=VARCHAR}
	</update> -->
	
	<!-- 根据批次编号修改收单状态 -->
	<!-- <update id="updateByBatchCode">
		update dm_acq.COLLECT_INFO
		<set>
			<if test=" status != null ">STATUS = #{status},</if>
			END_TIME = sysdate,
			UPDATE_DATE = systimestamp,
		</set>
		where BATCH_CODE = #{batchCode}
	</update> -->
	
	<!-- 根据批次编号修改收单状态 -->
	<update id="updateRemark">
		update dm_acq.COLLECT_INFO
		<set>
			<if test="remark != null and remark != ''">REMARK = REMARK||'|'||#{remark},</if>
			UPDATE_DATE = systimestamp
		</set>
		where COLLECT_NO = #{collectNo}
	</update>
	
	<!-- ljf 分页开始 -->
	<!-- <sql id="sqlSelectCollectInfo">
		<where>
			<if test="collectNo != null and collectNo != ''"> and COLLECT_NO = #{collectNo, jdbcType=VARCHAR}</if>
			<if test="batchCode != null"> and BATCH_CODE = #{batchCode, jdbcType=VARCHAR}</if>
			<if test="fundWay != null"> and FUND_WAY = #{fundWay, jdbcType=VARCHAR}</if>
			<if test="status != null "> and STATUS = #{status, jdbcType=VARCHAR}</if>
			<if test="payeeOrgCode != null "> and PAYEE_ORG_CODE = #{payeeOrgCode, jdbcType=VARCHAR}</if>
			<if test="systemSource != null "> and SYSTEM_SOURCE = #{systemSource, jdbcType=VARCHAR}</if>
			出款使用条件
			<if test="beginTime != null "><![CDATA[ and CREATE_DATE >= #{beginTime}]]></if>
			<if test="endTime != null "><![CDATA[ and CREATE_DATE <= #{endTime}]]></if>
			<if test="reconDate != null and reconDate != ''"><![CDATA[ and END_TIME >= TO_DATE(#{reconDate}, 'yyyy-mm-dd') and END_TIME < TO_DATE(#{reconDate}, 'yyyy-mm-dd')+1]]></if>
		</where>
	</sql>
	<select id="selectCollectInfoCount" resultType="java.lang.Long">
		select count(1) from ( <include refid="selFrag" />
		<include refid="sqlSelectCollectInfo" />
		) t
	</select>
	<select id="selectCollectInfoList" resultMap="collectInfo">
		select * from ( select row_.*, rownum rownum_ from ( 
		<include refid="selFrag" /> <include refid="sqlSelectCollectInfo" />
		) row_ where <![CDATA[ rownum <= #{toIndex}) where rownum_ > #{offsetIndex} ]]>
	</select> -->
	<!-- ljf 分页结束 -->
	
	<!-- <select id="selectCollectInfoReconList" parameterType="map" resultMap="recData">
		select AMT, PAY_NO, FUND_WAY , '1' AS AMT_TYPE from ( select row_.*, rownum rownum_ from ( 
		<include refid="selFrag" /> <include refid="where" />
		) row_ where <![CDATA[ rownum <= #{toIndex}) where rownum_ > #{offsetIndex} ]]>
	</select> -->
	
	<!-- <select id="countReconCollectInfo" resultType="java.lang.Long">
		select count(1) from dm_acq.COLLECT_INFO where STATUS = 'SUCCESS'
		<if test="reconDate != null and reconDate != ''">
			<![CDATA[ and END_TIME >= TO_DATE(#{reconDate}, 'yyyy-mm-dd') and END_TIME < TO_DATE(#{reconDate}, 'yyyy-mm-dd')+1]]>
		</if>
	</select> -->
	
	<!-- create by weijian 合并collectinfo和payoutinfo-->
	<sql id="sqlRecon">
		SELECT c.AMT, c.PAY_NO, c.FUND_WAY FROM dm_acq.COLLECT_INFO c WHERE c.STATUS = 'SUCCESS'
		<if test="reconDate != null and reconDate != ''">
			<![CDATA[and c.END_TIME >= to_date(#{reconDate}, 'yyyy-MM-dd') and c.END_TIME < to_date(#{reconDate}, 'yyyy-MM-dd')+1]]>
		</if>
		<!--UNION ALL 
		SELECT p.AMT, p.PAY_NO, p.FUND_WAY FROM dm_acq.PAYOUT_INFO p WHERE p.delete_flag=0 and p.STATUS = 'SUCCESS'
		<if test="reconDate != null and reconDate != ''">
			<![CDATA[and p.END_TIME >= to_date(#{reconDate}, 'yyyy-mm-dd') and p.END_TIME < to_date(#{reconDate}, 'yyyy-mm-dd')+1]]>
		</if>-->
	</sql>
	<select id="countRecon" resultType="java.lang.Long">
		select count(1) from (<include refid="sqlRecon" />)
	</select>
	<select id="queryRecon" resultMap="recData">
		select * from (
			select t.*, '1' as amt_type, rownum rn from (<include refid="sqlRecon" />) t
			where <![CDATA[rownum <= #{end}]]>
		) where <![CDATA[rn > #{start}]]>
	</select>
	<!-- 结束 -->

	<!-- 根据收单编号查询收记录 -->
	<select id="findByCollectNo" parameterType="java.lang.String" resultMap="collectInfo">
		<include refid="selFrag"/> where COLLECT_NO=#{collectNo}
	</select>
	
	<!-- 根据收单业务流水号查询收记录 -->
	<select id="findByBizNo" parameterType="java.lang.String" resultMap="collectInfo">
		<include refid="selFrag"/> where BUSINESS_SN=#{bizNo}
	</select>
	
	<!-- 根据收单支付流水号查询收单状态 -->
	<select id="findByPayNo" resultMap="collectInfo">
		<include refid="selFrag"/> where pay_no=#{payNo, jdbcType=VARCHAR} and system_source=#{src, jdbcType=VARCHAR}
	</select>
	
	<!-- 关闭收单 -->
	<update id="closeCollectInfo">
		update dm_acq.COLLECT_INFO set status=#{status}, UPDATE_DATE = systimestamp
		where status in ('INIT','UNKOWN') and <![CDATA[begin_time <= #{endTime, jdbcType=DATE}]]>
	</update>
	
	<!-- 查询需要关闭的收单记录 -->
	<select id="queryCloseCollectInfo" resultMap="collectInfo">
		<include refid="selFrag"/>	 
		where status in ('INIT','UNKOWN') and <![CDATA[begin_time <= #{endTime, jdbcType=DATE}]]>
	</select>
	
	<!--根据银行业务流水和交易时间查询收单记录  -->
    <select id="queryCollectInfoForCheck" resultMap="collectInfo">
        <include refid="selFrag"/>
        WHERE BUSINESS_SN = #{bussinessSn}
		<![CDATA[ AND ( BEGIN_TIME < #{tradeDate, jdbcType=DATE}+1 AND BEGIN_TIME >= #{tradeDate, jdbcType=DATE})]]>
		AND APPEND_BUS_TYPE IS NULL		
    </select>	
    
    <!-- 根据收单编号修改收单状态(当天补单) -->
	<update id="updateForResupplyByNo" >
		update dm_acq.COLLECT_INFO
		<set>
			STATUS = 'SUCCESS',
			END_TIME = sysdate,
			<if test=" rtnBankMsg != null ">RTN_BANK_MSG = #{rtnBankMsg},</if>
			<if test=" rtnBankCode != null ">RTN_BANK_CODE = #{rtnBankCode},</if>
			<if test=" rtnPayCode != null ">RTN_PAY_CODE = #{rtnPayCode},</if>
			UPDATE_DATE = systimestamp,
		</set>
		where COLLECT_NO = #{collectNo} AND STATUS != 'SUCCESS'
	</update>
	
	<!-- 根据收单编号更新退款/撤销收单信息 -->
	<update id="updateByReverse" parameterType="com.sfpay.acquirer.domain.ReverseInfo">
		update dm_acq.COLLECT_INFO
		<set>
			REVERSE_TIME = sysdate,
			<if test="reverseAmt != null ">REVERSE_AMT = nvl(REVERSE_AMT, 0)+#{reverseAmt, jdbcType=NUMERIC},</if>
			<if test="reverseReason != null ">REVERSE_REASON = #{reverseReason, jdbcType=VARCHAR},</if>
			<if test="reverseType != null ">REVERSE_TYPE = #{reverseType, jdbcType=VARCHAR},</if>
			UPDATE_DATE = systimestamp,
		</set>
		where COLLECT_NO = #{collectNo} AND STATUS = 'SUCCESS' and (
			select count(1) from dm_acq.COLLECT_INFO c WHERE c.STATUS='SUCCESS' and c.OLD_COLLECT_NO=#{collectNo}
		)=0
		<if test="reverseType == 'CANCEL'"> and AMT=#{reverseAmt, jdbcType=NUMERIC}</if>
		<if test="reverseType == 'REFUND'"><![CDATA[ and AMT<=nvl(REVERSE_AMT, 0)+#{reverseAmt, jdbcType=NUMERIC}]]></if>
	</update>
	
	<!-- 创建快捷支付用户信息 -->
    <insert id="createQPayUser">
		insert all
		<foreach collection="cards" item="cardNo">
		into dm_acq.QPAY_USER_INFO (
			ID, CARD_NO, MOBILE, REMARK, CREATE_DATE
		) VALUES(
			dm_acq.get_id_by_seqname('SEQ_QPAY_USER_INFO'), #{cardNo, jdbcType=VARCHAR}, #{mobile, jdbcType=VARCHAR}, #{remark, jdbcType=VARCHAR}, systimestamp
		)
		</foreach>
		select 1 from dual
    </insert>
    
    <!-- 根据银行交易流水号，修改卡类型和手续费 -->
    <update id="updateFee">
	    update dm_acq.collect_info t 
	    <set>
	    	t.payer_card_type=#{payerCardType,jdbcType=VARCHAR},
	    	<if test="fee != null ">t.fee = #{fee, jdbcType=NUMERIC},</if>
	    	UPDATE_DATE = systimestamp
	    </set>
	    where t.req_bank_sn=#{reqBankSn, jdbcType=VARCHAR}
	</update>
</mapper>


