<?xml version="1.0" encoding="UTF-8" ?>
<!DOCTYPE mapper PUBLIC "-//mybatis.org//DTD Mapper 3.0//EN" "http://mybatis.org/dtd/mybatis-3-mapper.dtd" >
<mapper namespace="com.sfpay.acquirer.dao.ICountryCityDao">
	<resultMap id="countryCityMap" type="com.sfpay.acquirer.domain.CountryCity">
		<id column="ID" property="id" jdbcType="NUMERIC" />
		<result column="PARENT_ID" property="parentId" jdbcType="NUMERIC" />
		<result column="COUNTRY_CODE" property="countryCode" />	
		<result column="COUNTRY_NAME_C" property="countryNameC" />	
		<result column="COUNTRY_NAME_E" property="countryNameE" />	
		<result column="DIST_CODE" property="distCode" />	
		<result column="POST_CODE" property="postCode" />	
		<result column="GRADE" property="grade" jdbcType="NUMERIC" />	
		<result column="SHOW_INDEX" property="showIndex" jdbcType="NUMERIC" />	
		<result column="REMARK" property="remark" />	
	</resultMap>
	
	<!-- 添加 -->
	<insert id="save" parameterType="com.sfpay.acquirer.domain.CountryCity">
		insert into  dm_acq.COUNTRY_CITY (
			t.id, t.parent_id, t.country_code, t.country_name_c, t.country_name_e, t.dist_code, t.post_code,
			t.grade, t.show_index, t.remark
		) values (
			dm_acq.SEQ_PAY_USE.Nextval, #{parentId,jdbcType=VARCHAR}, #{countryCode,jdbcType=VARCHAR},
			#{countryNameC,jdbcType=VARCHAR}, #{countryNameE,jdbcType=VARCHAR}, #{distCode,jdbcType=VARCHAR},
			#{postCode,jdbcType=VARCHAR}, #{grade,jdbcType=VARCHAR}, #{showIndex,jdbcType=VARCHAR},
			#{remark,jdbcType=VARCHAR}
		)
	</insert>
	
	<!-- 删除  -->
	<delete id="deleteById" parameterType="java.lang.Long">
		delete from dm_acq.COUNTRY_CITY where id=#{id}
	</delete>	
	

	<sql id="cityField">
		t.id, t.parent_id, t.country_code, t.country_name_c, t.country_name_e, t.country_name_s, t.dist_code,
		t.post_code, t.grade, t.show_index, t.remark
	</sql>
	
	<!-- 查询省份/直辖市 -->
	<select id="queryProvince" resultMap="countryCityMap">
		select 
		<include refid="cityField" />
		 from dm_acq.COUNTRY_CITY t
		where t.parent_id is null
		and t.grade=1
		order by t.country_code
	</select>
	
	<!-- 按父节点的countryCode查询 -->
	<select id="queryByParentCode" resultMap="countryCityMap">
		select 
		<include refid="cityField" />
		 from dm_acq.COUNTRY_CITY t
		where t.parent_id=(select t1.id from dm_acq.COUNTRY_CITY t1 where t1.country_code=#{countryCode})
		order by t.country_code
	</select>
	
	<!-- 查询 -->
	<select id="queryByCode" resultMap="countryCityMap">
		select 
		<include refid="cityField" />
		 from dm_acq.COUNTRY_CITY t
		where t.country_code=#{countryCode}
	</select>
	
	<!-- 查询父节点 -->
	<select id="queryParentByCode" resultMap="countryCityMap">
		select 
		<include refid="cityField" />
		 from dm_acq.COUNTRY_CITY t
		where t.id =(
			select t1.parent_id from dm_acq.COUNTRY_CITY t1
			where t1.country_code=#{countryCode}
		)
	</select>
	
	<!-- 按省份名称模糊查询(X%) -->
	<select id="queryProvinceByName" resultMap="countryCityMap">
		select <include refid="cityField" /> from dm_acq.COUNTRY_CITY t
		where instr(t.country_name_c, #{name, jdbcType=VARCHAR})=1 and t.parent_id is null
	</select>
</mapper>