<?xml version="1.0" encoding="UTF-8" ?>
<!DOCTYPE mapper PUBLIC "-//mybatis.org//DTD Mapper 3.0//EN" "http://mybatis.org/dtd/mybatis-3-mapper.dtd" >
<mapper namespace="com.sfpay.acquirer.dao.IDataTransDao">
	<!-- 字符较大时报IO异常 -->
	<!-- <update id="saveOrUpdate" parameterType="DataTrans">
		merge into dm_acq.data_trans dt
		using dual
		on (dt.req_bank_sn = #{serieNo, jdbcType=VARCHAR})
		when not matched then
		  insert
		    (dt.id,
		     dt.bank_code,
		     dt.channel_code,
		     dt.data_trans_type,
		     dt.req_bank_sn,
		     dt.package_flag,
		     dt.send_msg,
		     dt.cmd_status,
		     dt.begin_time)
		  values
		    (SEQ_DATA_TRANS.nextval,
		     #{bankCode, jdbcType=VARCHAR},
		     #{channelCode, jdbcType=VARCHAR},
		     #{dataTransType, jdbcType=VARCHAR},
		     #{serieNo, jdbcType=VARCHAR},
		     #{packageFlag, jdbcType=VARCHAR},
		     #{requestMsg, jdbcType=CLOB},
		     'INIT',
		     #{beginTime, jdbcType=TIMESTAMP})
		when matched then
		  update
		     set dt.receive_msg   = #{receiveMsg, jdbcType=CLOB},
		         dt.end_time      = decode(#{endTime, jdbcType=TIMESTAMP}, null, dt.end_time, #{endTime, jdbcType=TIMESTAMP}),
		         dt.rtn_bank_sn   = decode(#{bankSerieNo, jdbcType=VARCHAR}, null, dt.rtn_bank_sn, #{bankSerieNo, jdbcType=VARCHAR}),
		         dt.rtn_bank_code = decode(#{bankRetCode, jdbcType=VARCHAR}, null, dt.rtn_bank_code, #{bankRetCode, jdbcType=VARCHAR}),
		         dt.rtn_bank_msg  = decode(#{bankRetMsg, jdbcType=VARCHAR}, null, dt.rtn_bank_msg, #{bankRetMsg, jdbcType=VARCHAR}),
		         dt.rtn_pay_code  = decode(#{payRetCode, jdbcType=VARCHAR}, null, dt.rtn_pay_code, #{payRetCode, jdbcType=VARCHAR}),
		         dt.cmd_status    = decode(#{cmdStatus, jdbcType=VARCHAR}, null, dt.cmd_status, #{cmdStatus, jdbcType=VARCHAR}),
		         dt.remark        = decode(#{remark, jdbcType=VARCHAR}, null, dt.remark, #{remark, jdbcType=VARCHAR}),
		         dt.update_date   = systimestamp
	</update> -->
	
	
	<insert id="addDataTrans" parameterType="DataTrans">
	  insert into dm_acq.DATA_TRANS
		    (id,
		     bank_code,
		     channel_code,
		     data_trans_type,
		     req_bank_sn,
		     package_flag,
		     send_msg,
		     cmd_status,
		     begin_time)
		  values
		    (dm_acq.SEQ_DATA_TRANS.nextval,
		     #{bankCode, jdbcType=VARCHAR},
		     #{channelCode, jdbcType=VARCHAR},
		     #{dataTransType, jdbcType=VARCHAR},
		     #{serieNo, jdbcType=VARCHAR},
		     #{packageFlag, jdbcType=VARCHAR},
		     #{requestMsg, jdbcType=CLOB},
		     'INIT',
		     #{beginTime, jdbcType=TIMESTAMP})
	</insert>
	
	<update id="updateDataTrans" parameterType="DataTrans">
	  update dm_acq.DATA_TRANS dt
	     <set>
	     	 <if test="requestMsg != null">dt.send_msg      = #{requestMsg, jdbcType=CLOB},</if>
	     	 <if test="receiveMsg != null">dt.receive_msg   = #{receiveMsg, jdbcType=CLOB},</if>
	         dt.end_time      = decode(#{endTime, jdbcType=TIMESTAMP}, null, dt.end_time, #{endTime, jdbcType=TIMESTAMP}),
	         dt.rtn_bank_sn   = decode(#{bankSerieNo, jdbcType=VARCHAR}, null, dt.rtn_bank_sn, #{bankSerieNo, jdbcType=VARCHAR}),
	         dt.rtn_bank_code = decode(#{bankRetCode, jdbcType=VARCHAR}, null, dt.rtn_bank_code, #{bankRetCode, jdbcType=VARCHAR}),
	         dt.rtn_bank_msg  = decode(#{bankRetMsg, jdbcType=VARCHAR}, null, dt.rtn_bank_msg, #{bankRetMsg, jdbcType=VARCHAR}),
	         dt.rtn_pay_code  = decode(#{payRetCode, jdbcType=VARCHAR}, null, dt.rtn_pay_code, #{payRetCode, jdbcType=VARCHAR}),
	         dt.cmd_status    = decode(#{cmdStatus, jdbcType=VARCHAR}, null, dt.cmd_status, #{cmdStatus, jdbcType=VARCHAR}),
	         dt.remark        = decode(#{remark, jdbcType=VARCHAR}, null, dt.remark, #{remark, jdbcType=VARCHAR}),
	         dt.update_date   = systimestamp
	    </set>
	    where dt.req_bank_sn = #{serieNo, jdbcType=VARCHAR} and dt.BANK_CODE=#{bankCode, jdbcType=VARCHAR} and dt.CHANNEL_CODE=#{channelCode, jdbcType=VARCHAR}
	</update>
</mapper>