<?xml version="1.0" encoding="UTF-8" ?>
<!DOCTYPE mapper PUBLIC "-//mybatis.org//DTD Mapper 3.0//EN" "http://mybatis.org/dtd/mybatis-3-mapper.dtd" >
<mapper namespace="com.sfpay.acquirer.dao.IDeductionInfoDao">
	<resultMap id="NeedDeductionInfoMap" type="com.sfpay.acquirer.domain.NeedDeductionInfo">
		<id column="ID" property="id"  />
		<result column="CUST_ACCNO" property="custAccNo" />
		<result column="CUST_ACCNAME" property="custName" />
		<result column="NEED_DEDUCTION_AMT" property="disputeAmt" jdbcType="NUMERIC"/>
		<result column="REC_DATE" property="recDay" jdbcType="DATE"/>
		<result column="STATUS" property="status"  />
		<result column="REEL_DEDUCTION_AMT" property="reelDeductAmt" jdbcType="NUMERIC"/>
		<result column="OPERATOR" property="operatorId" />
		<result column="SYS_SOURCE" property="systemSource"  />
		<result column="REMARK" property="remark" />
		<result column="CREATE_DATE" property="createDate" jdbcType="TIMESTAMP"/>	
	</resultMap>
	
    <resultMap id="TotalDeductInfoMap" type="com.sfpay.acquirer.domain.TotalDeductInfo">
        <result column="CUST_ACCNO" property="custNo" jdbcType="VARCHAR"/>
        <result column="CUST_ACCNAME" property="custName" jdbcType="VARCHAR"/>
        <result column="OPERATOR" property="operatorId" jdbcType="VARCHAR"/>
		<result column="TOTAL_AMT" property="totalAmt" jdbcType="NUMERIC"/>
		<result column="TOTAL_CNT" property="totalCnt" jdbcType="NUMERIC"/>		
	</resultMap>    
	<insert id="addDeductionInfo" parameterType="com.sfpay.acquirer.domain.NeedDeductionInfo">
	   insert into dm_acq.deduction_info t(
	       t.ID,t.CUST_ACCNO,t.CUST_ACCNAME,t.NEED_DEDUCTION_AMT,t.REC_DATE,t.STATUS,
	       t.OPERATOR,t.SYS_SOURCE,t.REMARK,t.CREATE_DATE,t.CREATE_ID  
	   )values(
	       dm_acq.SEQ_DEDUCTION_INFO.Nextval,#{info.custAccNo,jdbcType=VARCHAR},#{info.custName,jdbcType=VARCHAR},
	       #{info.disputeAmt,jdbcType=NUMERIC},#{info.recDay,jdbcType=DATE},#{info.status,jdbcType=VARCHAR},
	       #{info.operatorId,jdbcType=VARCHAR},#{info.systemSource,jdbcType=VARCHAR},#{info.remark,jdbcType=VARCHAR},
	       sysdate,#{info.operatorId,jdbcType=VARCHAR}
	   ) 
	</insert>
	
	<!-- 分页查询 -->
	<sql id="SQL_INCLUDE">
		from dm_acq.DEDUCTION_INFO t where 1=1 
		<if test="param.custAccNo != null and param.custAccNo != ''"><![CDATA[and instr(t.CUST_ACCNO,#{param.custAccNo,jdbcType=VARCHAR})>0]]></if>
		<if test="param.custName != null and param.custName != ''"><![CDATA[ and instr(t.CUST_ACCNAME,#{param.custName,jdbcType=VARCHAR})>0]]></if>
		<if test="param.recBeginDate != null"><![CDATA[ and t.REC_DATE>=#{param.recBeginDate,jdbcType=DATE}]]></if>
		<if test="param.recEndDate != null"><![CDATA[ and t.REC_DATE<#{param.recEndDate,jdbcType=DATE}+1]]></if>
		<if test="param.minAmt != null"><![CDATA[ and t.NEED_DEDUCTION_AMT>=#{param.minAmt,jdbcType=NUMERIC}]]></if>
		<if test="param.maxAmt!= null"><![CDATA[ and t.NEED_DEDUCTION_AMT<=#{param.maxAmt,jdbcType=NUMERIC}]]></if>
		<if test="param.systemSource!= null "> and t.SYS_SOURCE=#{param.systemSource,jdbcType=VARCHAR}</if>
		<if test="param.status != null"> and t.STATUS=#{param.status,jdbcType=VARCHAR}</if>		
	</sql>
	
	<select id="countNeedDeductionInfos" resultType="java.lang.Long">
		select count(1) <include refid="SQL_INCLUDE"/>
	</select>
	<select id="queryNeedDeductionInfos"  resultMap="NeedDeductionInfoMap">
		select tt.* from (
			select rownum rn, t2.* from (
				select t.* 
				<include refid="SQL_INCLUDE"/>
				order by t.id desc
			) t2 where <![CDATA[ rownum <= #{end} ]]>
		) tt where <![CDATA[ tt.rn > #{start} ]]>
	</select>
	<select id="countCustDeductionInfos" resultMap="TotalDeductInfoMap">
		select count(1) as total_cnt,sum(t.need_deduction_amt) as total_amt,max(t.cust_accno) as cust_accno,
		max(t.cust_accname) as cust_accname,max(t.operator) as operator
		 from dm_acq.deduction_info t 
		where t.cust_accno=#{custNo,jdbcType=VARCHAR} and t.status=#{status,jdbcType=VARCHAR}
	</select>
	<update id="finlishCustDeductionInfoStatus">
	   update dm_acq.deduction_info t
	   <set>
	      t.status='FINISH',
	      t.reel_deduction_amt=t.need_deduction_amt,
	      t.update_date=sysdate	      
	   </set>
	   where t.status='INIT' 
	   and t.cust_accno=#{custNo,jdbcType=VARCHAR}	   
	</update>
	
</mapper>