<?xml version="1.0" encoding="UTF-8" ?>
<!DOCTYPE mapper PUBLIC "-//mybatis.org//DTD Mapper 3.0//EN" "http://mybatis.org/dtd/mybatis-3-mapper.dtd" >
<mapper namespace="com.sfpay.acquirer.dao.IDeductionLogDao">
	<resultMap id="deductionMap" type="com.sfpay.acquirer.domain.DeductionLog">
		<id column="ID" property="id" jdbcType="NUMERIC" />
		<result column="BEGIN_TIME" property="beginTime" jdbcType="TIMESTAMP"/>	
		<result column="AMT" property="amt" jdbcType="NUMERIC" />
		<result column="PAYEE_ACCT_NO" property="payeeAcctNo" />
		<result column="PAYEE_ACCT_NAME" property="payeeAcctName" />
		<result column="PAYOUT_NO" property="payoutNo" />
		<result column="SYSTEM_SOURCE" property="systemSource" />
		<result column="TRADE_OUT_NO" property="tradeOutNo" />
		<result column="DEDUCTION_OPER" property="deductionOper" />
		<result column="DEDUCTION_DATE" property="deducationDate"  jdbcType="TIMESTAMP"/>
		<result column="SHOULD_AMT" property="shouldAmt" jdbcType="NUMERIC" />
		<result column="DEDUCTION_AMT" property="deductionAmt" jdbcType="NUMERIC" />
		<result column="CUR_DEDUCTION_AMT" property="curDeductionAmt" jdbcType="NUMERIC" />
		<result column="DEDUCTION_REMARK" property="deductionRemark" />
		<result column="TRADE_OUT_BUSSINESS_NO" property="tradeOutBussinessNo" />
		<result column="REMARK" property="remark" />	
		<result column="CREATE_DATE" property="createDate" />	
		<result column="UPDATE_DATE" property="updateDate" />	
		<result column="CREATE_ID" property="createId" />	
	</resultMap>

	<resultMap id="deductionQueryRltMap" type="com.sfpay.acquirer.domain.DeductionQueryRlt">
		<id column="ID" property="id" jdbcType="NUMERIC" />
		<result column="BEGIN_TIME" property="createDate" />	
		<result column="AMT" property="amt" jdbcType="NUMERIC" />
		<result column="PAYEE_ACCT_NO" property="payeeAcctNo" />
		<result column="PAYEE_ACCT_NAME" property="payeeAcctName" />
		<result column="PAYOUT_NO" property="payoutNo" />
		<result column="SYSTEM_SOURCE" property="systemSource" />
		<result column="TRADE_OUT_NO" property="tradeOutNo" />
		<result column="DEDUCTION_OPER" property="deductionOper" />
		<result column="DEDUCTION_DATE" property="deducationDate"  jdbcType="TIMESTAMP"/>
		<result column="SHOULD_AMT" property="shouldAmt" jdbcType="NUMERIC" />
		<result column="DEDUCTION_AMT" property="deductionAmt" jdbcType="NUMERIC" />
		<result column="CUR_DEDUCTION_AMT" property="curDeductionAmt" jdbcType="NUMERIC" />
		<result column="DEDUCTION_REMARK" property="deductionRemark" />
		<result column="TRADE_OUT_BUSSINESS_NO" property="tradeOutBussinessNo" />
	</resultMap>
	
	<!-- 添加 -->
	<insert id="save" parameterType="com.sfpay.acquirer.domain.DeductionLog">
		insert into  dm_acq.DEDUCTION_LOG t (
			 t.id,t.payout_no,
			   t.TRADE_OUT_NO,
			   t.PAYEE_ACCT_NO,
			   t.PAYEE_ACCT_NAME,
			   t.SHOULD_AMT,
			   t.DEDUCTION_AMT,
			   t.CUR_DEDUCTION_AMT,
			   t.AMT,
			   t.DEDUCTION_REMARK,
			   t.SYSTEM_SOURCE,
			   t.DEDUCTION_OPER,
			   t.DEDUCTION_DATE,
			   t.BEGIN_TIME,
			   t.REMARK,
			   t.CREATE_ID,
			   t.CREATE_DATE
		) values (
			dm_acq.SEQ_DEDUCTION_LOG.Nextval,#{payoutNo,jdbcType=VARCHAR},
			#{tradeOutNo,jdbcType=VARCHAR},
			#{payeeAcctNo,jdbcType=VARCHAR},
			#{payeeAcctName,jdbcType=VARCHAR},
			#{shouldAmt,jdbcType=VARCHAR},
			#{deductionAmt,jdbcType=VARCHAR},
			#{curDeductionAmt,jdbcType=VARCHAR},
			#{amt,jdbcType=VARCHAR},
			#{deductionRemark,jdbcType=VARCHAR},
			#{systemSource,jdbcType=VARCHAR},
			#{deductionOper,jdbcType=VARCHAR},
			#{deducationDate,jdbcType=VARCHAR},
			#{beginTime,jdbcType=VARCHAR},
			#{remark,jdbcType=VARCHAR},
			#{createId,jdbcType=VARCHAR},
			systimestamp
		)
	</insert>
	
	<sql id="queryDeductionInfosCondition">
	   from dm_acq.deduction_log t 
	   <where>
		  <if test="param.payeeAcctName!=null and param.payeeAcctName!=''" > and instr(t.payee_acct_name,#{param.payeeAcctName})>0</if>
		  <if test="param.payeeAcctNo!=null and param.payeeAcctNo!=''"> and t.payee_acct_no=#{param.payeeAcctNo}</if>
		  <if test="param.tradeOutNo!=null and param.tradeOutNo!=''"> and instr(t.trade_out_no, #{param.tradeOutNo})>0</if>
		  <if test="param.systemSource!=null and param.systemSource!=''"> and t.system_source=#{param.systemSource}</if>
		  <if test="param.beginTime != null"><![CDATA[ and t.begin_time >= #{param.beginTime,jdbcType=DATE}]]></if>
		  <if test="param.endTime != null "><![CDATA[ and t.begin_time < #{param.endTime,jdbcType=DATE}+1]]></if>
		  <if test="param.operBeginDate != null"><![CDATA[ and t.deduction_date >= #{param.operBeginDate,jdbcType=DATE}]]></if>
		  <if test="param.operEndDate != null "><![CDATA[ and t.deduction_date < #{param.operEndDate,jdbcType=DATE}+1]]></if>
	  </where>
	</sql>	
	<!-- 统计符合条件已抵扣付款明细总记录条数 -->
	<select id="countDeductionInfos" resultType="java.lang.Long">
	   select count(1) <include refid="queryDeductionInfosCondition"/>	   
	</select>
	
	<!--查询已抵扣付款明细-->
	<select id="queryDeductionInfos" resultMap="deductionQueryRltMap">
	    select tt.* from
		 (
		  select rownum rn,t2.* from
		  (
		   select t.payee_acct_name,
	        t.trade_out_no,
	        t.payee_acct_no,
	        t.deduction_remark,
	        t.should_amt,
	        t.deduction_amt,
	        t.cur_deduction_amt,
	        t.amt,
	        t.begin_time,
	        t.system_source,
	        t.payout_no,
	        t.deduction_oper,
	        t.deduction_date
	        <include refid="queryDeductionInfosCondition"/>	       
	        order by t.id desc
	      )t2 where <![CDATA[ rownum <= #{end} ]]>
	     )tt where <![CDATA[ tt.rn > #{start} ]]>
	</select>
</mapper>