<?xml version="1.0" encoding="UTF-8" ?>
<!DOCTYPE mapper PUBLIC "-//mybatis.org//DTD Mapper 3.0//EN" "http://mybatis.org/dtd/mybatis-3-mapper.dtd" >
<mapper namespace="com.sfpay.acquirer.dao.IEnumTypeInfoDao">
	<resultMap id="enumTypeInfoMap" type="com.sfpay.acquirer.domain.EnumTypeInfoDTO">
		<id column="id" property="id" jdbcType="NUMERIC"/>
		<result column="enum_type" property="enumType"/>
		<result column="enum_code" property="enumCode" />	
		<result column="enum_name" property="enumName"/>	
		<result column="remark" property="remark"/>	
	</resultMap>
	
	<select id="queryByType" resultMap="enumTypeInfoMap" >
		select e.id, e.enum_type, e.enum_code, e.enum_name, e.remark from dm_acq.enum_type_info e 
		  where e.enum_type = #{type, jdbcType=VARCHAR}
	</select>
</mapper>