<?xml version="1.0" encoding="UTF-8" ?>
<!DOCTYPE mapper PUBLIC "-//mybatis.org//DTD Mapper 3.0//EN" "http://mybatis.org/dtd/mybatis-3-mapper.dtd" >
<mapper namespace="com.sfpay.acquirer.dao.IMerInfoDao">
	<resultMap id="MerInfoMap" type="com.sfpay.acquirer.domain.paycenter.MerInfo">
		<id column="ID" property="id"  />
		<result column="MER_NO" property="merNo" />
		<result column="SYS_CODE" property="sysName"  />
		<result column="MER_KEY" property="merKey"  />
		<result column="APPROVE_FLAG" property="approveFlag"  />
		<result column="NOTIFY_URL" property="notifyUrl"  />
		<result column="REMARK" property="remark"  />				
	</resultMap>
		
	<!-- 追加批次信息 -->
	<insert id="addMerInfo" parameterType="com.sfpay.acquirer.domain.paycenter.MerInfo">		
		insert into dm_acq.mer_info (
			id,mer_no,sys_code,mer_key,remark,approve_flag,create_id,create_date
		) values (
			dm_acq.SEQ_MER_INFO.nextval,
			#{info.merNo, jdbcType=VARCHAR},
			#{info.sysName, jdbcType=VARCHAR},
			#{info.merKey, jdbcType=VARCHAR},
			#{info.remark,jdbcType=VARCHAR},
			#{info.approveFlag,jdbcType=VARCHAR},
			#{info.createId, jdbcType=VARCHAR},
			systimestamp
		)
	</insert>
	<select id="queryMerInfo" resultMap="MerInfoMap">
	   select t.id,t.mer_no,t.sys_code,t.mer_key,t.remark,t.approve_flag,t.notify_url  
	   from dm_acq.mer_info t 
	   where 1=1  
	   <if test="param.merNo != null and param.merNo != ''">and t.MER_No=#{param.merNo,jdbcType=VARCHAR}</if>
	   <if test="param.sysName != null and param.sysName != ''">and t.SYS_NAME=#{param.sysName,jdbcType=VARCHAR}</if>	
	</select>
	
	<select id="queryMerInfoById" resultMap="MerInfoMap">
	   select t.id,t.mer_no,t.sys_code,t.mer_key,t.remark,t.approve_flag  
	   from dm_acq.mer_info t 
	   where t.id=#{id,jdbcType=NUMERIC}   	
	</select>
	
	<!-- 分页查询 -->
	<sql id="sqlQueryMerInfo">
		from dm_acq.mer_info t where 1=1
		<if test="param.merNo != null and param.merNo != ''"> and t.mer_no=#{param.merNo}</if>
		<if test="param.sysName != null and param.sysName != ''"> and t.sys_code=#{param.sysName}</if>
	    <if test="param.merKey != null and param.merKey != ''"> and t.mer_key=#{param.merKey}</if>
	    <if test="param.approveFlag != null and param.approveFlag != ''"> and t.approve_flag=#{param.approveFlag}</if>
		<if test="param.id != 0"> and t.id=#{param.id,jdbcType=NUMERIC}</if>
	</sql>
	<select id="countMerInfo" resultType="java.lang.Long">
		select count(1) <include refid="sqlQueryMerInfo"/>
	</select>
	<select id="queryMerInfoByPage"  resultMap="MerInfoMap">
		select tt.* from (
			select rownum rn, t2.* from (
				select t.*
				<include refid="sqlQueryMerInfo"/>
				order by t.id desc
			) t2 where <![CDATA[ rownum <= #{end} ]]>
		) tt where <![CDATA[ tt.rn > #{start} ]]>
	</select>
	<delete id="delMerInfo">
	    delete from dm_acq.mer_info t where t.id=#{id,jdbcType=NUMERIC}
	</delete>
	<update id="updateMerInfo" parameterType="com.sfpay.acquirer.domain.paycenter.MerInfo">
        update dm_acq.mer_info t set t.mer_no=#{param.merNo},t.mer_key=#{param.merKey},t.sys_code=#{param.sysName},t.approve_flag=#{param.approveFlag} where t.id=#{param.id,jdbcType=NUMERIC}	
	</update>
	
	
</mapper>