<?xml version="1.0" encoding="UTF-8" ?>
<!DOCTYPE mapper PUBLIC "-//mybatis.org//DTD Mapper 3.0//EN" "http://mybatis.org/dtd/mybatis-3-mapper.dtd" >
<mapper namespace="com.sfpay.acquirer.dao.IOftenColInfoDao">
	<resultMap id="OftenColInfo" type="com.sfpay.acquirer.domain.OftenColInfo">
		<result column="ID" property="id" />
		<result column="COL_COMP_NAME" property="colCompName" />
		<result column="BANK_CODE" property="bankCode" />
		<result column="AFFILIATE_NAME" property="bankName" />
		<result column="ACCOUNT_NO" property="accountNo" />
		<result column="ACCOUNT_NAME" property="accountName" />
		<result column="ACCT_TYPE" property="acctType" />
		<result column="CCY" property="ccy" />
		<result column="OB_NO" property="obNo" />
		<result column="OB_NAME" property="affiliateName" /><!--  开户行名字-->
		<result column="OB_PROVINCE" property="obProvince" />
		<result column="OB_PROVINCE_N" property="countryNameC" /><!--  省份名字-->
		<result column="OB_CITY" property="obCity" />
		<result column="OB_CITY_N" property="cityName" />
		<result column="OB_ADDR" property="obAddr" />
		<result column="COMP_MANAGER" property="compManager" />
		<result column="MANAGER_MOBILE" property="managerMobile" />
		<result column="REMARK" property="remark" />
		<result column="CREATE_DATE" property="createDate" />
		<result column="UPDATE_DATE" property="updateDate" />
	</resultMap>
	
	<sql id="sqlQueryOftenColInfoPage">
		from dm_acq.often_col_comp t left join dm_acq.affiliate_bank t1 on t.bank_code=t1.affiliate_no where 1=1
		<if test="param.accountNo != null and param.accountNo != ''"> AND t.ACCOUNT_NO = #{param.accountNo} </if>
		<if test="param.accountName != null and param.accountName != ''"> AND instr(t.ACCOUNT_NAME, #{param.accountName}) > 0</if>
		<if test="param.obNo != null and param.obNo != ''"> AND t.OB_NO = #{param.obNo} </if>
		<if test="param.acctType != null and param.acctType != ''"> AND t.ACCT_TYPE = #{param.acctType} </if>
		<if test="param.obProvince != null and param.obProvince != ''"> AND t.OB_PROVINCE = #{param.obProvince}</if>
		<if test="param.obCity != null and param.obCity != ''"> AND t.OB_CITY = #{param.obCity}</if>
	</sql>
	<select id="queryOftenColInfoPageCount" resultType="java.lang.Long">
		SELECT COUNT(1) <include refid="sqlQueryOftenColInfoPage"/>
	</select>
	<select id="queryOftenColInfoPageList" resultMap="OftenColInfo">
		select tt.* from (
			select rownum pos, t.id, t.col_comp_name, t.account_no, t.account_name, t.acct_type, t.ccy, t.ob_no,
				t.ob_name, t.ob_province, t.ob_province_n, t.ob_city, t.ob_city_n, t.ob_addr, t.comp_manager,
         		t.manager_mobile, t.remark, t.create_date, t.update_date ,t.bank_code, t1.affiliate_name
         	<include refid="sqlQueryOftenColInfoPage"/> <![CDATA[ and rownum <= #{end}]]>
		) tt where <![CDATA[tt.pos > #{start}]]> 
		order by tt.id desc
	</select>
	
	<!-- 手动收款单 -->
	
	<sql id="sqlQueryEcsOftenColInfoPage">
		from dm_acq.ecs_often_col_comp t left join dm_acq.affiliate_bank t1 on t.bank_code=t1.affiliate_no where 1=1
		<if test="param.accountNo != null and param.accountNo != ''"> AND t.ACCOUNT_NO = #{param.accountNo} </if>
		<if test="param.accountName != null and param.accountName != ''"> AND instr(t.ACCOUNT_NAME, #{param.accountName}) > 0</if>
		<if test="param.obNo != null and param.obNo != ''"> AND t.OB_NO = #{param.obNo} </if>
		<if test="param.acctType != null and param.acctType != ''"> AND t.ACCT_TYPE = #{param.acctType} </if>
		<if test="param.obProvince != null and param.obProvince != ''"> AND t.OB_PROVINCE = #{param.obProvince}</if>
		<if test="param.obCity != null and param.obCity != ''"> AND t.OB_CITY = #{param.obCity}</if>
	</sql>
	<select id="queryEcsOftenColInfoPageCount" resultType="java.lang.Long">
		SELECT COUNT(1) <include refid="sqlQueryEcsOftenColInfoPage"/>
	</select>
	<select id="queryEcsOftenColInfoPageList" resultMap="OftenColInfo">
		select tt.* from (
			select rownum pos, t.id, t.col_comp_name, t.account_no, t.account_name, t.acct_type, t.ccy, t.ob_no,
				t.ob_name, t.ob_province, t.ob_province_n, t.ob_city, t.ob_city_n, t.ob_addr, t.comp_manager,
         		t.manager_mobile, t.remark, t.create_date, t.update_date ,t.bank_code, t1.affiliate_name
         	<include refid="sqlQueryEcsOftenColInfoPage"/> <![CDATA[ and rownum <= #{end}]]>
		) tt where <![CDATA[tt.pos > #{start}]]> 
		order by tt.id desc
	</select>
	
	
	<sql id="sqlOftenCol">
		select t.id, t.col_comp_name,  t.account_no,  t.account_name, t.acct_type, t.ccy, t.ob_no, t.ob_name,
			t.ob_province, t.ob_province_n, t.ob_city, t.ob_city_n, t.ob_addr, t.comp_manager, t.manager_mobile,
			t.remark,t.create_date, t.update_date, t.bank_code, t1.affiliate_name
		from dm_acq.often_col_comp t left join dm_acq.affiliate_bank t1 on t.bank_code=t1.affiliate_no
	</sql>
	<select id="listAllOftenColInfo" resultMap="OftenColInfo">
		<include refid="sqlOftenCol"/>
	</select>
	
	<select id="queryOftenColInfoById" resultMap="OftenColInfo">
		<include refid="sqlOftenCol"/> where t.id=#{id, jdbcType=NUMERIC}
	</select>
	
	<select id="queryOftenColInfoByAcctNo" resultMap="OftenColInfo">
		<include refid="sqlOftenCol"/> where t.account_no=#{accountNo}
	</select>
	
	<!-- 插入  -->
	<insert id="addOftenColInfo">
		insert into dm_acq.often_col_comp (
			id, col_comp_name, bank_code, account_no, account_name, acct_type, ccy, ob_no, ob_name, ob_province,
			ob_province_n, ob_city, ob_city_n, ob_addr, comp_manager, manager_mobile, remark, create_date
	    ) values (
	    	dm_acq.SEQ_OFTEN_COL_COMP.NEXTVAL, #{param.colCompName, jdbcType=VARCHAR}, #{param.bankCode, jdbcType=VARCHAR},
	    	#{param.accountNo, jdbcType=VARCHAR}, #{param.accountName, jdbcType=VARCHAR}, #{param.acctType, jdbcType=VARCHAR},
	    	#{param.ccy, jdbcType=VARCHAR}, #{param.obNo, jdbcType=VARCHAR}, #{param.affiliateName, jdbcType=VARCHAR},
	    	#{param.obProvince, jdbcType=VARCHAR}, #{param.countryNameC, jdbcType=VARCHAR}, #{param.obCity, jdbcType=VARCHAR},
	    	#{param.cityName, jdbcType=VARCHAR}, #{param.obAddr, jdbcType=VARCHAR}, #{param.compManager, jdbcType=VARCHAR},
	    	#{param.managerMobile, jdbcType=VARCHAR}, #{param.remark, jdbcType=VARCHAR}, systimestamp
	    )
	</insert>
	
	<update id="saveOrUpdateOften" parameterType="com.sfpay.acquirer.domain.OftenColInfo">
		merge into dm_acq.often_col_comp t using dual on (t.account_no = #{accountNo, jdbcType=VARCHAR})
		when not matched then insert (
			id, col_comp_name, bank_code, account_no, account_name, acct_type, ccy, ob_no, ob_name, ob_province,
			ob_province_n, ob_city, ob_city_n, ob_addr, comp_manager, manager_mobile, remark, create_date
		) values (
			dm_acq.SEQ_OFTEN_COL_COMP.NEXTVAL, #{colCompName, jdbcType=VARCHAR}, #{bankCode, jdbcType=VARCHAR},
	    	#{accountNo, jdbcType=VARCHAR}, #{accountName, jdbcType=VARCHAR}, #{acctType, jdbcType=VARCHAR},
	    	#{ccy, jdbcType=VARCHAR}, #{obNo, jdbcType=VARCHAR}, #{affiliateName, jdbcType=VARCHAR},
	    	#{obProvince, jdbcType=VARCHAR}, #{countryNameC, jdbcType=VARCHAR}, #{obCity, jdbcType=VARCHAR},
	    	#{cityName, jdbcType=VARCHAR}, #{obAddr, jdbcType=VARCHAR}, #{compManager, jdbcType=VARCHAR},
	    	#{managerMobile, jdbcType=VARCHAR}, #{remark, jdbcType=VARCHAR}, systimestamp
	    )
	    when matched then update set
	    	<if test="colCompName != null"> col_comp_name = #{colCompName, jdbcType=VARCHAR},</if>
		    <if test="bankCode != null"> bank_code = #{bankCode, jdbcType=VARCHAR},</if>
   			<if test="accountName != null"> account_name = #{accountName, jdbcType=VARCHAR},</if>
			<if test="acctType != null"> acct_type = #{acctType, jdbcType=VARCHAR},</if>
			<if test="ccy != null"> ccy = #{ccy, jdbcType=VARCHAR},</if>
   			<if test="obNo != null"> ob_no = #{obNo, jdbcType=VARCHAR},</if>
   			<if test="affiliateName != null"> ob_name = #{affiliateName, jdbcType=VARCHAR},</if>
			<if test="obProvince != null"> ob_province = #{obProvince, jdbcType=VARCHAR},</if>
			<if test="countryNameC != null"> ob_province_n = #{countryNameC, jdbcType=VARCHAR},</if>
   			<if test="obCity != null"> ob_city = #{obCity, jdbcType=VARCHAR},</if>
   			<if test="cityName != null"> ob_city_n = #{cityName, jdbcType=VARCHAR},</if>
   			<if test="obAddr != null"> ob_addr = #{obAddr, jdbcType=VARCHAR},</if>
   			<if test="compManager != null"> comp_manager = #{compManager, jdbcType=VARCHAR},</if>
   			<if test="managerMobile != null"> manager_mobile = #{managerMobile, jdbcType=VARCHAR},</if>
   			<if test="remark != null"> remark = #{remark, jdbcType=VARCHAR},</if>
	    	update_date = systimestamp
	</update>
	
	<update id="saveOrUpdateEcsOften" parameterType="com.sfpay.acquirer.domain.OftenColInfo">
		merge into dm_acq.ecs_often_col_comp t using dual on (t.account_no = #{accountNo, jdbcType=VARCHAR})
		when not matched then insert (
			id, col_comp_name, bank_code, account_no, account_name, acct_type, ccy, ob_no, ob_name, ob_province,
			ob_province_n, ob_city, ob_city_n, ob_addr, comp_manager, manager_mobile, remark, create_date
		) values (
			dm_acq.SEQ_OFTEN_COL_COMP.NEXTVAL, #{colCompName, jdbcType=VARCHAR}, #{bankCode, jdbcType=VARCHAR},
	    	#{accountNo, jdbcType=VARCHAR}, #{accountName, jdbcType=VARCHAR}, #{acctType, jdbcType=VARCHAR},
	    	#{ccy, jdbcType=VARCHAR}, #{obNo, jdbcType=VARCHAR}, #{affiliateName, jdbcType=VARCHAR},
	    	#{obProvince, jdbcType=VARCHAR}, #{countryNameC, jdbcType=VARCHAR}, #{obCity, jdbcType=VARCHAR},
	    	#{cityName, jdbcType=VARCHAR}, #{obAddr, jdbcType=VARCHAR}, #{compManager, jdbcType=VARCHAR},
	    	#{managerMobile, jdbcType=VARCHAR}, #{remark, jdbcType=VARCHAR}, systimestamp
	    )
	    when matched then update set
	    	<if test="colCompName != null"> col_comp_name = #{colCompName, jdbcType=VARCHAR},</if>
		    <if test="bankCode != null"> bank_code = #{bankCode, jdbcType=VARCHAR},</if>
   			<if test="accountName != null"> account_name = #{accountName, jdbcType=VARCHAR},</if>
			<if test="acctType != null"> acct_type = #{acctType, jdbcType=VARCHAR},</if>
			<if test="ccy != null"> ccy = #{ccy, jdbcType=VARCHAR},</if>
   			<if test="obNo != null"> ob_no = #{obNo, jdbcType=VARCHAR},</if>
   			<if test="affiliateName != null"> ob_name = #{affiliateName, jdbcType=VARCHAR},</if>
			<if test="obProvince != null"> ob_province = #{obProvince, jdbcType=VARCHAR},</if>
			<if test="countryNameC != null"> ob_province_n = #{countryNameC, jdbcType=VARCHAR},</if>
   			<if test="obCity != null"> ob_city = #{obCity, jdbcType=VARCHAR},</if>
   			<if test="cityName != null"> ob_city_n = #{cityName, jdbcType=VARCHAR},</if>
   			<if test="obAddr != null"> ob_addr = #{obAddr, jdbcType=VARCHAR},</if>
   			<if test="compManager != null"> comp_manager = #{compManager, jdbcType=VARCHAR},</if>
   			<if test="managerMobile != null"> manager_mobile = #{managerMobile, jdbcType=VARCHAR},</if>
   			<if test="remark != null"> remark = #{remark, jdbcType=VARCHAR},</if>
	    	update_date = systimestamp
	</update>
	
	
	<!-- 修改  -->
	<update id="updateOftenColInfoById">
		update dm_acq.OFTEN_COL_COMP
		<set>
		    <if test="param.colCompName != null"> COL_COMP_NAME = #{param.colCompName, jdbcType=VARCHAR},</if>
		    <if test="param.bankCode != null"> BANK_CODE = #{param.bankCode, jdbcType=VARCHAR},</if>
   			<if test="param.accountNo != null"> ACCOUNT_NO = #{param.accountNo, jdbcType=VARCHAR},</if>
   			<if test="param.accountName != null"> ACCOUNT_NAME = #{param.accountName, jdbcType=VARCHAR},</if>
			<if test="param.acctType != null"> ACCT_TYPE = #{param.acctType, jdbcType=VARCHAR},</if>
			<if test="param.ccy != null"> CCY = #{param.ccy, jdbcType=VARCHAR},</if>
   			<if test="param.obNo != null"> OB_NO = #{param.obNo, jdbcType=VARCHAR},</if>
   			<if test="param.affiliateName != null"> OB_NAME = #{param.affiliateName, jdbcType=VARCHAR},</if>
			<if test="param.obProvince != null"> OB_PROVINCE = #{param.obProvince, jdbcType=VARCHAR},</if>
			<if test="param.countryNameC != null"> OB_PROVINCE_N = #{param.countryNameC, jdbcType=VARCHAR},</if>
   			<if test="param.obCity != null"> OB_CITY = #{param.obCity, jdbcType=VARCHAR},</if>
   			<if test="param.cityName != null"> OB_CITY_N = #{param.cityName, jdbcType=VARCHAR},</if>
   			<if test="param.obAddr != null"> OB_ADDR = #{param.obAddr, jdbcType=VARCHAR},</if>
   			<if test="param.compManager != null"> COMP_MANAGER = #{param.compManager, jdbcType=VARCHAR},</if>
   			<if test="param.managerMobile != null"> MANAGER_MOBILE = #{param.managerMobile, jdbcType=VARCHAR},</if>
   			<if test="param.remark != null"> REMARK = #{param.remark, jdbcType=VARCHAR},</if>
			UPDATE_DATE=systimestamp
		</set>		
		where ID = #{param.id}
	</update>
	
	<!-- 删除  -->
	<delete id="deleteOftenColInfo" >
		delete from dm_acq.OFTEN_COL_COMP  WHERE ID IN 
		<foreach collection="ids" open="(" close=")" item="id" separator=",">#{id, jdbcType=VARCHAR}</foreach>
	</delete>	
	
</mapper>
	