<?xml version="1.0" encoding="UTF-8" ?>
<!DOCTYPE mapper PUBLIC "-//mybatis.org//DTD Mapper 3.0//EN" "http://mybatis.org/dtd/mybatis-3-mapper.dtd" >
<mapper namespace="com.sfpay.acquirer.dao.IOverseasOrdersDao">
	<resultMap id="OverseasOrdersMap" type="com.sfpay.acquirer.domain.PayoutInfo">
	   <id column="ID" property="id" />
		<result column="PAYOUT_NO" property="payoutNo" />
		<result column="BANK_CODE" property="bankCode" />	
		<result column="CHANNEL_CODE" property="channelCode" />	
		<result column="ORDER_TYPE" property="orderType" />	
		<result column="TRADE_NO" property="tradeNo" />	
		<result column="PAY_NO" property="payNo" />	
		<result column="BUSINESS_SN" property="businessSn" />	
		<result column="FUND_WAY" property="fundWay" />	
		<result column="AMT" property="amt" />	
		<result column="CCY" property="ccy" />	
		<result column="PAYER_ORG_CODE" property="payerOrgCode" />
		<result column="PAYEE_ORG_CODE" property="payeeOrgCode" />	
		<result column="PAYEE_ACCT_NO" property="payeeAcctNo" />	
		<result column="PAYEE_ACCT_NAME" property="payeeAcctName" />	
		<result column="PAYEE_ACCT_TYPE" property="payeeAcctType" />	
		<result column="STATUS" property="status" />	
		<result column="RTN_BANK_CODE" property="rtnBankCode" />	
		<result column="RTN_BANK_MSG" property="rtnBankMsg" />	
		<result column="BEGIN_TIME" property="beginTime" />	
		<result column="END_TIME" property="endTime" />	
		<result column="REQ_BANK_SN" property="reqBankSn" />	
		<result column="BATCH_CODE" property="batchCode" />	
		<result column="REMIT_METHOD" property="remitMethod" />	
		<result column="USE_DESC" property="useDesc" />	
		<result column="SUMMARY" property="summary" />	
		<result column="MSG_FLAG" property="msgFlag" />	
		<result column="CREATE_DATE" property="createDate" />	
		<result column="UPDATE_DATE" property="updateDate" />	
		<result column="CREATE_OPERATOR" property="createOperator" />
		<result column="PAYOUT_BUS_TYPE" property="payoutBusType" />
		<result column="SYSTEM_SOURCE" property="systemSource" />
		<result column="TRADE_OUT_NO" property="tradeOutNo" />
		<result column="OLD_STATUS" property="oldStatus" />
		<result column="OFFLINE_FLAG" property="offlineFlag" />
		<result column="REMARK" property="offlineRemark" />
		<result column="EXPECT_PAY_DATE" property="expectPayDate" />
		<result column="OFFLINE_DATE" property="offlineDate"  jdbcType="TIMESTAMP"/>	
		<!-- <result column="DEDUCTION_DATE" property="deducationDate"  jdbcType="TIMESTAMP"/> -->
	</resultMap>
	<!-- 添加 begin -->
	<!-- 添加 -->
	<insert id="saveOverseasOrders" parameterType="com.sfpay.acquirer.domain.PayoutInfo">
		<selectKey keyProperty="payoutNo" resultType="string" order="BEFORE">  
            select to_char(sysdate, 'yyMMdd') || lpad(mod(dm_acq.SEQ_PAYOUT_NO.nextval,10000000000),10,'0') from dual
   		</selectKey>
		insert into  dm_acq.PAYOUT_INFO t (
			t.id,t.payout_no,t.bank_code,t.channel_code,t.order_type,
			t.amt,t.ccy,t.payee_org_code,
			t.payee_acct_no,t.payee_acct_name,t.payee_acct_type,t.status,
			t.rtn_bank_code,t.rtn_bank_msg,t.begin_time,t.end_time,
			t.req_bank_sn,t.batch_code,t.use_desc,
			t.summary,t.remark,t.create_date,t.create_operator,
			t.payout_bus_type,t.trade_out_no,t.system_source
		) values (
			dm_acq.SEQ_PAYOUT_INFO.Nextval,#{payoutNo,jdbcType=VARCHAR},#{bankCode,jdbcType=VARCHAR},#{channelCode,jdbcType=VARCHAR}
			,#{orderType,jdbcType=VARCHAR},#{amt,jdbcType=VARCHAR},#{ccy,jdbcType=VARCHAR}
			,#{payeeOrgCode,jdbcType=VARCHAR},#{payeeAcctNo,jdbcType=VARCHAR},#{payeeAcctName,jdbcType=VARCHAR}
			,#{payeeAcctType,jdbcType=VARCHAR},#{status,jdbcType=VARCHAR}
			,#{rtnBankCode,jdbcType=VARCHAR},#{rtnBankMsg,jdbcType=VARCHAR},systimestamp,#{endTime,jdbcType=VARCHAR}
			,#{reqBankSn,jdbcType=VARCHAR},#{batchCode,jdbcType=VARCHAR}
			,#{useDesc,jdbcType=VARCHAR},#{summary,jdbcType=VARCHAR}
			,#{remark,jdbcType=VARCHAR},systimestamp,#{createOperator,jdbcType=VARCHAR}
			,#{payoutBusType,jdbcType=VARCHAR},#{tradeOutNo,jdbcType=VARCHAR},#{systemSource,jdbcType=VARCHAR}
		)
	</insert>
	<!-- 添加 end -->
	<!-- select  begin -->
	
	<select id="queryBankCode" resultMap="OverseasOrdersMap">
		select r.bank_code from dm_acq.affiliate_channel_ref r where r.pay_channel_code='ICBC'
	</select>
	
	
		<!-- 根据ID查询-->
	<select id="queryById" resultMap="OverseasOrdersMap">
		select t.ID, 
				t.BEGIN_TIME,
				t.END_TIME,
				t.STATUS,
				t.AMT,
				t.CCY,
				t.PAYEE_ORG_CODE,
				t.PAYEE_ACCT_NO,
				t.PAYEE_ACCT_NAME,
				t.PAYEE_ACCT_TYPE,
				t.USE_DESC,
				t.SUMMARY,
				t.RTN_BANK_CODE,
				t.RTN_BANK_MSG,
				t.BATCH_CODE,
				t.PAYOUT_NO,
				t.REQ_BANK_SN,
				t.SYSTEM_SOURCE,
				t.PAYOUT_BUS_TYPE,
				t.TRADE_OUT_NO,
				t.OLD_STATUS,
				t.OFFLINE_FLAG,
				t.OFFLINE_DATE,
				t.PAYER_ORG_CODE,
				t.REMARK from dm_acq.PAYOUT_INFO t
		where t.id=#{id, jdbcType=NUMERIC}
		and t.payout_bus_type ='OFFLINE'
	</select>
	
		<select id="countCrossborderPage" resultType="java.util.HashMap">
		select count(1) as TOTAL_NUM, sum(t.amt)/100 as TOTAL_AMT <include refid="sqlQueryCrossborder"/>
	</select>
	
	<select id="queryCrossborderPage"  resultMap="OverseasOrdersMap">
		select tt.* from (
			select rownum rn, t2.* from (
				select
				t.ID, 
				t.BEGIN_TIME,
				t.END_TIME,
				t.STATUS,
				t.AMT,
				t.CCY,
				t.PAYEE_ORG_CODE,
				t.PAYEE_ACCT_NO,
				t.PAYEE_ACCT_NAME,
				t.PAYEE_ACCT_TYPE,
				t.USE_DESC,
				t.SUMMARY,
				t.RTN_BANK_CODE,
				t.RTN_BANK_MSG,
				t.BATCH_CODE,
				t.PAYOUT_NO,
				t.REQ_BANK_SN,
				t.SYSTEM_SOURCE,
				t.PAYOUT_BUS_TYPE,
				t.TRADE_OUT_NO,
				t.OLD_STATUS,
				t.OFFLINE_FLAG,
				t.OFFLINE_DATE,
				t.REMARK,
				t.PAYER_ORG_CODE,
				t.EXPECT_PAY_DATE 
				<include refid="sqlQueryCrossborder"/>
				order by t.id desc
			) t2 where <![CDATA[ rownum <= #{end} ]]>
		) tt where <![CDATA[ tt.rn > #{start} ]]>
	</select>
	
	<sql id="sqlQueryCrossborder">
		from dm_acq.PAYOUT_INFO t 
		where t.system_source='SYPAY' and t.payout_bus_type ='OFFLINE' 
		<if test="param.beginDate != null"><![CDATA[ and t.begin_time >= #{param.beginDate,jdbcType=DATE}]]></if>
		<if test="param.endDate != null"><![CDATA[ and t.begin_time < #{param.endDate,jdbcType=DATE}+1]]></if>
		<if test="param.draftTime != null">
			<![CDATA[ and t.EXPECT_PAY_DATE >= #{param.draftTime,jdbcType=DATE}]]>
			<![CDATA[ and t.EXPECT_PAY_DATE < #{param.draftTime,jdbcType=DATE}+1]]>
		</if>
		<if test="param.bankCode!=null and param.bankCode!=''">
			and t.payee_org_code=#{param.bankCode,jdbcType=VARCHAR}
		</if>
		<if test="param.payoutStatus != null"> and t.status=#{param.payoutStatus}</if>
		<if test="param.minAmt != null"> <![CDATA[ and t.amt >=#{param.minAmt, jdbcType=NUMERIC}]]></if>
		<if test="param.maxAmt != null"> <![CDATA[ and t.amt <=#{param.maxAmt, jdbcType=NUMERIC}]]></if>
		<if test="param.payeeAcctCode != null and param.payeeAcctCode != ''"> and t.payee_acct_no=#{param.payeeAcctCode}</if>
		<if test="param.payeeAcctName != null and param.payeeAcctName != ''"> and instr(t.payee_acct_name, #{param.payeeAcctName}) > 0</if>
		<if test="param.useDesc != null and param.useDesc != ''"> and instr(t.remark, #{param.useDesc}) > 0</if>
	</sql>
	<!-- select  end -->
	
	<!-- update  begin -->
	<!-- 跨境业务登记修改付款信息 -->
	<update id="updateCrossborderById">
		update dm_acq.PAYOUT_INFO t 
		<set>
			t.bank_code=#{bankCode, jdbcType=VARCHAR},
			t.status=#{status, jdbcType=VARCHAR},
			t.payer_org_code=#{payerOrgCode, jdbcType=VARCHAR},
			t.remark=#{remark, jdbcType=VARCHAR},
			<if test="offlineFlag!=null and offlineFlag!=''">
				t.offline_flag=#{offlineFlag, jdbcType=VARCHAR},
			</if>
			<if test="expectPayDate!=null">
				t.EXPECT_PAY_DATE=#{expectPayDate, jdbcType=VARCHAR},
			</if>
			t.req_bank_sn = #{reqBankSn, jdbcType=VARCHAR},
			t.rtn_bank_msg = #{rtnBankMsg, jdbcType=VARCHAR},
			t.rtn_bank_code = #{rtnBankCode, jdbcType=VARCHAR},
			t.end_time =systimestamp,
			t.update_date=systimestamp
		</set>
		where t.id=#{id, jdbcType=NUMERIC}
		and t.status='INIT'
		and t.payout_bus_type ='OFFLINE'
	</update>
	
	<update id="updateRefundById">
		update dm_acq.PAYOUT_INFO t 
		<set>
			t.status=#{status, jdbcType=VARCHAR},
			t.offline_flag=#{offlineFlag, jdbcType=VARCHAR},
			t.update_date=systimestamp,
			t.offline_date=systimestamp,
			t.offline_remark=#{offlineRemark, jdbcType=VARCHAR},
			t.old_status=#{oldStatus, jdbcType=VARCHAR},
			t.rtn_bank_msg = #{rtnBankMsg, jdbcType=VARCHAR},
			t.rtn_bank_code = #{rtnBankCode, jdbcType=VARCHAR}
		</set>
		where t.id=#{id, jdbcType=NUMERIC}
		and t.status='SUCCESS'
		and t.payout_bus_type ='OFFLINE'
	</update>
	<!-- update end -->
	
	
</mapper>