<?xml version="1.0" encoding="UTF-8" ?>
<!DOCTYPE mapper PUBLIC "-//mybatis.org//DTD Mapper 3.0//EN" "http://mybatis.org/dtd/mybatis-3-mapper.dtd" >
<mapper namespace="com.sfpay.acquirer.dao.IParamInfoDao">
	<resultMap id="ParamInfo" type="com.sfpay.acquirer.domain.ParamInfo">
		<result column="PARAM_CODE" property="paramKey"/>
		<result column="PARAM_VALUE" property="paramValue"/>
		<result column="REMARK" property="remark"/>
	</resultMap>
	
	<!--根据查询参数据名称获取相应的参数值 -->
	<select id="getParameter" resultType="java.lang.String">
		SELECT PARAM_VALUE FROM dm_acq.Param_info t where t.PARAM_CODE = #{paramCode, jdbcType=VARCHAR}
	</select>
	
	<!-- 多Key查询 -->
	<select id="findByKeys" resultMap="ParamInfo">
		select param_code, param_value from dm_acq.param_info
		<if test="keys.size()==1">where param_code=#{keys[0], jdbcType=VARCHAR}</if>
		<if test="keys.size()>1">where param_code in
			<foreach collection="keys"  open="(" close=")" item="key" separator=",">#{key, jdbcType=VARCHAR}</foreach>
		</if>
	</select>
</mapper>