<?xml version="1.0" encoding="UTF-8" ?>
<!DOCTYPE mapper PUBLIC "-//mybatis.org//DTD Mapper 3.0//EN" "http://mybatis.org/dtd/mybatis-3-mapper.dtd" >
<mapper namespace="com.sfpay.acquirer.dao.IPayBusinessDao">
	<resultMap id="PayReqInfo" type="com.sfpay.acquirer.domain.paycenter.PayoutReqInfo">
		<id column="ID" property="id" />
		<result column="MER_NO" property="merNo" />
		<result column="TRADE_OUT_NO" property="tradeNo" />
		<result column="TRADE_EXT1" property="tradeExt1" />
		<result column="TRADE_EXT2" property="tradeExt2" />		
		<result column="BANK_NO" property="bankNo" />			
		<result column="ACCT_NO" property="acctNo" />
		<result column="ACCT_NAME" property="acctName" />	
		<result column="ACCT_TYPE" property="acctType" />	
		<result column="BRANCH_NO" property="branchNo" />
		<result column="BRANCH_NAME" property="branchName" />
		<result column="PROVINCE_NAME" property="provinceName" />
		<result column="CITY_NAME" property="cityName" />
		<result column="AGENT_FLAG" property="agentFlag" />
		<result column="MOBILE" property="mobile" />
		<result column="MSG_FLAG" property="msgFlag" />
		<result column="AMT" property="amt" />
		<result column="CCY" property="ccy" />
		<result column="REMIT_TYPE" property="remitType" />		
		<result column="USE_DESC" property="useDesc" />
		<result column="SUMMARY" property="summary" />
		<result column="EXPECT_DAY" property="expectPayDate" />
		<result column="AGENT_FLAG" property="agentFlag" />
		<result column="AGENT_NAME" property="agentName" />
		<result column="AGENT_ACCT_NO" property="agentAcctNo" />
		<result column="PAY_BUSINESS_NO" property="payoutBusinessNo" />		
		<result column="CREATE_DATE" property="createDate" />
		<result column="ACCT_SET_NO" property="acctSetNo" />
		<result column="SYS_CODE" property="systemSource" />
		<result column="begin_time" property="payReqTime" />
		<result column="end_time" property="payEndTime" />
		<result column="SYS_SOURCE" property="cmdType" />		
	</resultMap>
	
	<resultMap id="PayoutReqInfoView" type="com.sfpay.acquirer.domain.paycenter.PayoutReqInfoView">
		<id column="ID" property="id" />
		<result column="MER_NO" property="merNo" />
		<result column="TRADE_OUT_NO" property="tradeNo" />
		<result column="TRADE_EXT1" property="tradeExt1" />
		<result column="TRADE_EXT2" property="tradeExt2" />		
		<result column="BANK_NO" property="bankNo" />			
		<result column="ACCT_NO" property="acctNo" />
		<result column="ACCT_NAME" property="acctName" />	
		<result column="ACCT_TYPE" property="acctType" />	
		<result column="BRANCH_NO" property="branchNo" />
		<result column="BRANCH_NAME" property="branchName" />
		<result column="PROVINCE_NAME" property="provinceName" />
		<result column="CITY_NAME" property="cityName" />
		<result column="AGENT_FLAG" property="agentFlag" />
		<result column="MOBILE" property="mobile" />
		<result column="MSG_FLAG" property="msgFlag" />
		<result column="AMT" property="amt" />
		<result column="CCY" property="ccy" />
		<result column="REMIT_TYPE" property="remitType" />		
		<result column="USE_DESC" property="useDesc" />
		<result column="SUMMARY" property="summary" />
		<result column="EXPECT_DAY" property="expectPayDate" />
		<result column="AGENT_FLAG" property="agentFlag" />
		<result column="AGENT_NAME" property="agentName" />
		<result column="AGENT_ACCT_NO" property="agentAcctNo" />
		<result column="PAY_BUSINESS_NO" property="payBusinessNo" />		
		<result column="CREATE_DATE" property="createDate" />
		<result column="ACCT_SET_NO" property="acctSetNo" />
		<result column="SYS_CODE" property="systemSource" />		
		<result column="FIR_APPROVE_OPER" property="firApproveOper" />
		<result column="FIR_APPROVE_DESC" property="firApproveDesc" />
		<result column="FIR_APPROVE_TIME" property="firApproveTime" />
		<result column="PAY_TYPE" property="payType" />
		<result column="begin_time" property="payReqTime" />
		<result column="end_time" property="payEndTime" />
		<result column="bank_ret_msg" property="bankRetMsg" />						
	</resultMap>	
	
	<insert id="addPayCenterPayInfo" parameterType="com.sfpay.acquirer.domain.paycenter.PayoutReqInfo">
	 <selectKey keyProperty="payBusinessNo" resultType="string" order="BEFORE">  
            select to_char(sysdate, 'yyMMdd') || lpad(mod(dm_acq.SEQ_PAY_BUSINESS_NO.nextval,10000000000),10,'0') from dual
   	</selectKey> 
	
	 insert into dm_acq.pay_business t
      (
       t.id,t.mer_no,t.trade_out_no,
       t.trade_ext1,t.trade_ext2,t.bank_no,t.acct_no,
       t.acct_name,t.acct_type,t.branch_no,
       t.branch_name,t.province_name,
       t.city_name,t.agent_flag,
       t.mobile,t.msg_flag,t.amt,
       t.ccy,t.remit_type,t.pay_type,
       t.use_desc,t.summary,t.expect_pay_day,
       t.cert_no,t.acct_set_no,t.agent_name,
       t.agent_acct_no,t.status,t.create_operator,
       t.create_date,t.pay_begin_time,t.pay_business_no,t.sys_source
      )
      values
     (
       dm_acq.seq_pay_business.nextval,
       #{merNo,jdbcType=VARCHAR},
       replace(#{tradeNo,jdbcType=VARCHAR},' ',''),
       replace(#{tradeExt1,jdbcType=VARCHAR},' ',''),
       replace(#{tradeExt2,jdbcType=VARCHAR},' ',''),
       #{bankNo,jdbcType=VARCHAR},
       replace(#{acctNo,jdbcType=VARCHAR},' ',''),
       replace(#{acctName,jdbcType=VARCHAR},' ',''),
       #{acctType,jdbcType=VARCHAR},
       replace(#{branchNo,jdbcType=VARCHAR},' ',''),
       replace(#{branchName,jdbcType=VARCHAR},' ',''),
       replace(#{provinceName,jdbcType=VARCHAR},' ',''),
       replace(#{cityName,jdbcType=VARCHAR},' ',''),
       #{agentFlag,jdbcType=VARCHAR},
       replace(#{mobile,jdbcType=VARCHAR},' ',''),
       #{msgFlag,jdbcType=VARCHAR},
       #{amt,jdbcType=VARCHAR},
       #{ccy,jdbcType=VARCHAR},
       #{remitType,jdbcType=VARCHAR},
       #{payType,jdbcType=VARCHAR},
       #{useDesc,jdbcType=VARCHAR},
       #{summary,jdbcType=VARCHAR},
       to_date(#{expectPayDate,jdbcType=VARCHAR},'yyyyMMdd'),
       replace(#{certNo,jdbcType=VARCHAR},' ',''),
       replace(#{acctSetNo,jdbcType=VARCHAR},' ',''),
       replace(#{agentName,jdbcType=VARCHAR},' ',''),
       replace(#{agentAcctNo,jdbcType=VARCHAR},' ',''),
       #{status,jdbcType=VARCHAR},
       'SYSTEM',
       sysdate,
       sysdate,
       #{payBusinessNo,jdbcType=VARCHAR}
       <if  test="cmdType != null">
        ,#{cmdType,jdbcType=VARCHAR}
       </if>
       <if  test="cmdType == null">
       ,'SYSTEM'
       </if>
     )
	</insert>
	<select id="queryPayoutReqInfoByTradeNo" resultMap="PayReqInfo">
	   select tt.id,
       tt.mer_no,
       tt.trade_out_no,
       tt.trade_ext1,
       tt.trade_ext2,
       tt.bank_no,
       tt.acct_no,
       tt.acct_name,
       tt.acct_type,
       tt.branch_no,
       tt.branch_name,
       tt.province_name,
       tt.city_name,
       tt.agent_flag,
       tt.mobile,
       tt.msg_flag,
       tt.amt,
       tt.ccy,
       tt.remit_type,
       tt.pay_type,
       tt.use_desc,
       tt.summary,
       to_char(tt.expect_pay_day,'yyyyMMdd') as expect_day,
       tt.cert_no,
       tt.acct_set_no,
       tt.agent_name,
       tt.agent_acct_no,
       tt.status,
       tt.create_operator,
       tt.create_date,
       t1.sys_code
       from(
    select * from dm_acq.pay_business k1 where k1.id=(select max(id) from dm_acq.pay_business k where k.mer_no=#{merNo,jdbcType=VARCHAR}
       and k.trade_out_no=#{tradeNo,jdbcType=VARCHAR})
   ) tt ,mer_info t1 where  tt.mer_no=t1.mer_no      
  </select>
  <select id="queryPayInfoByBusinessNo" resultMap="PayReqInfo">
	    select t.id,
       t.mer_no,
       t.trade_out_no,
       t.trade_ext1,
       t.trade_ext2,
       t.bank_no,
       t.acct_no,
       t.acct_name,
       t.acct_type,
       t.branch_no,
       t.branch_name,
       t.province_name,
       t.city_name,
       t.agent_flag,
       t.mobile,
       t.msg_flag,
       t.amt,
       t.ccy,
       t.remit_type,
       t.pay_type,
       t.use_desc,
       t.summary,
       to_char(t.expect_pay_day,'yyyyMMdd') as expect_day,
       t.cert_no,
       t.acct_set_no,
       t.agent_name,
       t.agent_acct_no,
       t.status,
       t.create_operator,
       t.create_date,
       t1.sys_code,
       to_char(t.pay_begin_time,'yyyyMMddHH24miss') as begin_time,
       to_char(t.pay_end_time,'yyyyMMddHH24miss') as end_time,
       t.sys_source
  from dm_acq.pay_business t,mer_info t1
  where t.mer_no=t1.mer_no and  t.pay_business_no=#{businessNo,jdbcType=VARCHAR}
  </select>  
  
  <select id="queryPayoutReqInfoById" resultMap="PayoutReqInfoView">
	   select t.id,
       t.mer_no,
       t.trade_out_no,
       t.trade_ext1,
       t.trade_ext2,
       t.bank_no,
       t.acct_no,
       t.acct_name,
       t.acct_type,
       t.branch_no,
       t.branch_name,
       t.province_name,
       t.city_name,
       t.agent_flag,
       t.mobile,
       t.msg_flag,
       t.amt,
       t.ccy,
       t.remit_type,
       t.pay_type,
       t.use_desc,
       t.summary,
       to_char(t.expect_pay_day,'yyyyMMdd') as expect_day,
       t.cert_no,
       t.acct_set_no,
       t.agent_name,
       t.agent_acct_no,
       t.status,
       t.create_operator,
       t.create_date,
       t.pay_business_no,
       t.fir_approve_oper,
       t.fir_approve_desc,
       t.fir_approve_time,
       t1.sys_code,
       to_char(t.pay_begin_time,'yyyyMMddHH24miss') as begin_time,
       to_char(t.pay_end_time,'yyyyMMddHH24miss') as end_time,
       t.bank_ret_msg      
  from dm_acq.pay_business t,mer_info t1
  where t.mer_no=t1.mer_no and t.id=#{id,jdbcType=NUMERIC}
  </select>		
  
  <!-- 分页查询 -->
  <!--去掉期望支付日期 (t.expect_pay_day is null or sysdate>=t.expect_pay_day) and  -->
	<sql id="sqlQueryPayoutReqInfo">
		from dm_acq.pay_business t,dm_acq.mer_info t1, dm_acq.payout_approvelist t2
	   where  (t.acct_set_no=t2.acct_set_no or t2.acct_set_no='ALL')  
	   			and<![CDATA[( (t.amt >= t2.min_value and t.amt <=t2.max_value) or (t2.min_value is NULL and  t.amt >=0 and t.amt <=t2.max_value) or (t2.max_value is NULL  and  t.amt>=t2.min_value) or (t2.max_value is NULL and t2.min_value is NULL ))]]>
		  <if test="param.beginTxDate != null"><![CDATA[ and trunc(t.pay_begin_time) >= trunc(#{param.beginTxDate,jdbcType=DATE})]]></if>
		  <if test="param.endTxDate!= null "><![CDATA[ and trunc(t.pay_begin_time) < trunc(#{param.endTxDate,jdbcType=DATE}+1)]]></if>
		  <if test="param.acctName != null and param.acctName != ''">and instr(t.ACCT_NAME, #{param.acctName}) > 0</if>
		  <if test="param.minAmt != null "><![CDATA[ and t.amt>=#{param.minAmt, jdbcType=NUMERIC}]]></if>
		  <if test="param.maxAmt != null "><![CDATA[ and t.amt<=#{param.maxAmt, jdbcType=NUMERIC}]]></if>
		  <if test="param.acctNo != null and param.acctNo != ''"> and t.acct_no=#{param.acctNo}</if>
		  <if test="param.acctSetNo != null and param.acctSetNo != ''"> and UPPER(t.acct_set_no)=UPPER(#{param.acctSetNo})</if>
		  <if test="param.bankCode != null and param.bankCode != ''"> and t.bank_no=#{param.bankCode}</if>
		  <if test="param.status != null and param.status != ''"> and t.status=#{param.status}</if>
		  <if test="param.acctSetNos != null and param.acctSetNos != ''"> and instr(#{param.acctSetNos},t.acct_set_no)>0</if>
		  and t2.user_id=#{param.userId} and t.mer_no=t1.mer_no	and  t2.delete_flag='0'	  		
	</sql>
	<select id="countPayoutReqInfo" resultType="java.lang.Long">
		select count(1) <include refid="sqlQueryPayoutReqInfo"/>
	</select>
	<select id="queryPayoutReqInfoByPage"  resultMap="PayoutReqInfoView">
		select tt.* from (
			select rownum rn, t2.* from (
				select t.*,to_char(t.pay_begin_time,'yyyyMMddHH24miss') as begin_time,to_char(t.expect_pay_day,'yyyyMMdd') as expect_day,t1.sys_code 				
				<include refid="sqlQueryPayoutReqInfo"/>
				order by t.pay_begin_time asc
			) t2 where <![CDATA[ rownum <= #{end} ]]>
		) tt where <![CDATA[ tt.rn > #{start} ]]>
	</select>
	<select id="countCheckOperator" resultType="java.lang.Long">
		select count(1) from dm_acq.pay_business t where t.id=#{id,jdbcType=NUMERIC} and (t.create_operator=#{oper} or t.fir_approve_oper=#{oper} or t.sec_approve_oper=#{oper})
	</select>
	<sql id="payEndTime">
	    <if test="status=='FIR_APPROVE_REFUSE' or status=='SEC_APPROVE_REFUSE'">,t.pay_end_time=sysdate</if>
	</sql>	
	
	<update id="approvePayInfoByFir">
	   update dm_acq.pay_business t set	      	
	     t.fir_approve_oper=#{oper},
	     t.fir_approve_time=sysdate,
	     t.fir_approve_desc=#{checkDesc},
	     t.status=#{status}
	     <include refid="payEndTime"/>
        where t.id=#{id,jdbcType=NUMERIC} and t.status='INPUTED'	   
	</update>
	
	<update id="approvePayInfoBySec">
	    update dm_acq.pay_business t set	      	
	     t.sec_approve_oper=#{oper},
	     t.sec_approve_time=sysdate,
	     t.sec_approve_desc=#{checkDesc},
	     t.status=#{status}
	     <include refid="payEndTime"/>
        where t.id=#{id,jdbcType=NUMERIC} and t.status='FIR_APPROVE_PASS'	   
	</update>
	
	<update id="updateCheckPayStatus">
	   update dm_acq.pay_business t set 
	     t.status=#{status},
	     t.pay_end_time=#{payEndTime,jdbcType=TIMESTAMP},
	     t.bank_ret_msg=#{bankRetMsg}	     
        where t.id=#{id,jdbcType=NUMERIC} and t.status=#{oldStatus}	   
	</update>   
	<update id="updateStatus">
	   update dm_acq.pay_business t set 
	     t.status=#{status},
	     t.pay_end_time=#{payEndTime,jdbcType=TIMESTAMP},
	     t.bank_ret_msg=#{bankRetMsg}	     
         where t.id=#{id,jdbcType=NUMERIC}	   
	</update>	
	  	
	<select id="countDuplicate" resultType="java.lang.Long">
	  select count(1) from dm_acq.pay_business t where
	    trunc(t.pay_begin_time)>=trunc(sysdate-#{serachDayCnt,jdbcType=NUMERIC})
	    and t.acct_no=#{acctNo}        
	    and t.acct_name=#{acctName}
	    and t.amt=#{amt,jdbcType=NUMERIC}
	    and t.status in ('INPUTED','FIR_APPROVE_PASS','WAITING','SUCCESS')
	</select>
	
	
		<!-- 付款中心-付款记录查询   add by 周丽佩   2014-09-29 start -->
	<resultMap id="paymentTranInfo" type="com.sfpay.acquirer.domain.paycenter.PaymentTranInfoParam">
		<result column="BEGIN_TIME" property="txDateTime" />
		<result column="ACCT_SET_NO" property="acctSetNo" />
		<result column="AGENT_NAME" property="agentName" />
		<result column="ACCT_NAME" property="acctName" />			
		<result column="ACCT_NO" property="acctNo" />
		<result column="ACCT_TYPE" property="acctType" />	
		<result column="PROVINCE_NAME" property="provinceName" />	
		<result column="CITY_NAME" property="cityName" />
		<result column="BANK_CODE" property="bankCode" />
		<result column="STATUS" property="status" />
		<result column="UPDATE_DATE" property="updateDate" />
		<result column="BRANCH_NAME" property="branchName" />
		<result column="AMT" property="amt" />
		<result column="PAY_TYPE" property="payType" />
		<result column="USE_DESC" property="useDesc" />
		<result column="SYS_SOURCE" property="sysSource" />
		<result column="SUMMARY" property="summary" />		
		<result column="REMARK" property="remark" />	
	</resultMap>
	
	
<sql id="sqlQueryPaymentTranInfo">
     	 select bs.pay_begin_time as begin_time,
             bs.acct_set_no,
             bs.agent_name ,
             bs.acct_name,
             bs.acct_no,
             bs.acct_type,
             bs.province_name,
             bs.city_name,
             bs.bank_no as bank_code,
             bs.status,
             decode(bs.status ,'INPUTED' ,bs.pay_begin_time,'FIR_APPROVE_REFUSE',bs.pay_end_time,'FIR_APPROVE_PASS',
                   bs.fir_approve_time,'SEC_APPROVE_REFUSE',bs.pay_end_time,'WAITING',decode(bi.status ,'INIT',bi.create_date,bi.update_date),nvl(bi.update_date,bs.pay_end_time))  as update_date,
             bs.branch_name,
             bs.amt,
             bs.remit_type as pay_type ,
             bs.use_desc,
             bs.sys_source,
             bs.summary,
             bs.bank_ret_msg as remark
         FROM dm_acq.PAY_BUSINESS bs left join dm_acq.payout_info bi on
            bs.pay_business_no = bi.trade_out_bussiness_no and  bi.freeze_flag !='Y' 
         WHERE 1=1 
		  <if test="param.statusList != null and param.statusList != ''">   and bs.STATUS in <foreach collection="param.statusList"  open="(" close=")" item="status" separator=",">#{status, jdbcType=VARCHAR}</foreach></if>
		  <if test="param.beginTxDate != null"><![CDATA[ and trunc(bs.PAY_BEGIN_TIME) >= trunc(#{param.beginTxDate,jdbcType=DATE})]]></if>
		  <if test="param.endTxDate!= null "><![CDATA[ and trunc(bs.PAY_BEGIN_TIME) < trunc(#{param.endTxDate,jdbcType=DATE}+1)]]></if>
		  <if test="param.endTxDate== null and param.beginTxDate== null"><![CDATA[ and trunc(bs.PAY_BEGIN_TIME) =trunc(sysdate)]]></if>
		  <if test="param.minAmt != null "><![CDATA[ and bs.AMT>=#{param.minAmt, jdbcType=NUMERIC}]]></if>
		  <if test="param.maxAmt != null "><![CDATA[ and bs.AMT<=#{param.maxAmt, jdbcType=NUMERIC}]]></if>
		  <if test="param.agentName != null and param.agentName != ''">and instr(bs.AGENT_NAME, #{param.agentName}) > 0</if>
		  <if test="param.acctSetNo != null and param.acctSetNo != ''"> and UPPER(bs.ACCT_SET_NO)=UPPER(#{param.acctSetNo})</if>
		  <if test="param.bankCode != null and param.bankCode != ''"> and bs.BANK_NO=#{param.bankCode}</if>
		  <if test="param.acctName != null and param.acctName != ''">and instr(bs.ACCT_NAME, #{param.acctName}) > 0</if>
		  <if test="param.sysSource != null and param.sysSource != ''"> and bs.SYS_SOURCE=#{param.sysSource}</if>
		  <if test="param.acctNo != null and param.acctNo != ''"> and bs.ACCT_NO=#{param.acctNo}</if>
		  
		  order by bs.PAY_BEGIN_TIME desc
	</sql>
	<select id="queryPaymentTranListByPage" resultMap="paymentTranInfo">
	 select tt.* from (
		select rownum rn, to_char(begin_time,'yyyy-mm-dd HH24:mi:ss') as begin_time , acct_set_no ,agent_name ,acct_name,acct_no,acct_type,province_name ,city_name,bank_code,
         status,to_char(update_date,'yyyy-mm-dd HH24:mi:ss') as update_date,branch_name,amt,pay_type,use_desc,sys_source,summary,remark from (
			<include refid="sqlQueryPaymentTranInfo"/>
   		) t2 where <![CDATA[ rownum <= #{end} ]]>
	) tt where <![CDATA[ tt.rn > #{start} ]]>
	</select>
		<select id="countPaymentTran" resultType="java.lang.Long">
			select count(1) from (
				<include refid="sqlQueryPaymentTranInfo"/>
   		) t2 
	</select>
		<!-- 付款中心-付款记录查询   add by 周丽佩   2014-09-29  end -->
</mapper>