<?xml version="1.0" encoding="UTF-8" ?>
<!DOCTYPE mapper PUBLIC "-//mybatis.org//DTD Mapper 3.0//EN" "http://mybatis.org/dtd/mybatis-3-mapper.dtd" >
<mapper namespace="com.sfpay.acquirer.dao.IPayoutAccountBookDao">
	<resultMap id="AccountBookInfo" type="com.sfpay.acquirer.domain.paycenter.AccountBookInfo">
		<id column="ID" property="id"  />
		<result column="ACCT_SET_NO" property="accountBookNo" />
		<result column="ACCT_SET_NAME" property="accountBookName"  />		
		<result column="CREATE_ID" property="createId"  />		
	</resultMap>
		
	<!-- 追加批次信息 -->
	<insert id="addAccountBook" parameterType="com.sfpay.acquirer.domain.paycenter.AccountBookInfo">		
		insert into dm_acq.payout_acct_set (
			id,acct_set_no,acct_set_name,create_id,create_date
		) values (
			dm_acq.SEQ_PAYOUT_ACCT_SET.nextval,
			#{info.accountBookNo, jdbcType=VARCHAR},
			#{info.accountBookName, jdbcType=VARCHAR},		
			#{info.createId, jdbcType=VARCHAR},
			systimestamp
		)
	</insert>
	
	<!-- 分页查询 -->
	<sql id="sqlQueryAccountBook">
		from dm_acq.PAYOUT_ACCT_SET t where 1=1
		<if test="param.accountBookNo != null and param.accountBookNo != ''"> and instr(t.acct_set_no,#{param.accountBookNo})>0</if>
		<if test="param.accountBookName != null and param.accountBookName != ''"> and instr(t.acct_set_name,#{param.accountBookName})>0</if>		
		<if test="param.id != 0"> and t.id=#{param.id,jdbcType=NUMERIC}</if>
	</sql>
	<select id="countAccountBook" resultType="java.lang.Long">
		select count(1) <include refid="sqlQueryAccountBook"/>
	</select>
	<select id="queryAccountBookByPage"  resultMap="AccountBookInfo">
		select tt.* from (
			select rownum rn, t2.* from (
				select t.*
				<include refid="sqlQueryAccountBook"/>
				order by t.id desc
			) t2 where <![CDATA[ rownum <= #{end} ]]>
		) tt where <![CDATA[ tt.rn > #{start} ]]>
	</select>
	
	<sql id="sqlQueryAccountBookByReel">
		from dm_acq.PAYOUT_ACCT_SET t where 1=1
		<if test="param.accountBookNo != null and param.accountBookNo != ''">  and t.acct_set_no=#{param.accountBookNo}</if>
		<if test="param.accountBookName != null and param.accountBookName != ''"> and t.acct_set_name=#{param.accountBookName}</if>		
		<if test="param.id != 0"> and t.id=#{param.id,jdbcType=NUMERIC}</if>
	</sql>
	<select id="countAccountBookByReel" resultType="java.lang.Long">
		select count(1) <include refid="sqlQueryAccountBookByReel"/>
	</select>
	<select id="queryAccountBookInfoById" resultMap="AccountBookInfo">
	    select t.id,t.acct_set_no,t.acct_set_name from dm_acq.payout_acct_set t where t.id=#{id,jdbcType=NUMERIC}
	</select>
	<update id="updateAccountBookInfo" parameterType="com.sfpay.acquirer.domain.paycenter.AccountBookInfo">
        update dm_acq.payout_acct_set t set t.acct_set_no=#{param.accountBookNo},t.acct_set_name=#{param.accountBookName} where t.id=#{param.id,jdbcType=NUMERIC}	
	</update>
	<delete id="delAccountBook">
	    delete from dm_acq.payout_acct_set t where t.id=#{id,jdbcType=NUMERIC}
	</delete>
	
</mapper>