<?xml version="1.0" encoding="UTF-8" ?>
<!DOCTYPE mapper PUBLIC "-//mybatis.org//DTD Mapper 3.0//EN" "http://mybatis.org/dtd/mybatis-3-mapper.dtd" >
<mapper namespace="com.sfpay.acquirer.dao.IPayoutWhiteListDao">
	<resultMap id="WhiteListInfo" type="com.sfpay.acquirer.domain.paycenter.WhiteListInfo">
		<id column="ID" property="id"  />
		<result column="ACCT_NO" property="accountNo" />
		<result column="USER_NAME" property="userName"  />
		<result column="USER_ID" property="userId"  />		
		<result column="CERT_NO" property="certNo"  />
		<result column="CREATE_ID" property="createId"  />		
	</resultMap>
		
	<!-- 追加批次信息 -->
	<insert id="addWhiteList" parameterType="com.sfpay.acquirer.domain.paycenter.WhiteListInfo">		
		insert into dm_acq.payout_whitelist (
			id,cert_no,user_name,acct_no,user_id,create_id,create_date
		) values (
			dm_acq.SEQ_PAYOUT_WHILELIST.NEXTVAL,
			#{info.certNo, jdbcType=VARCHAR},
			#{info.userName, jdbcType=VARCHAR},
			#{info.accountNo, jdbcType=VARCHAR},
			#{info.userId,jdbcType=VARCHAR},
			#{info.createId, jdbcType=VARCHAR},
			systimestamp
		)
	</insert>
	
	<!-- 分页查询 -->
	<sql id="sqlQueryWhiteList">
		from dm_acq.PAYOUT_WHITELIST t where 1=1
		<if test="param.certNo != null and param.certNo != ''"> and t.cert_no=#{param.certNo}</if>
		<if test="param.userName != null and param.userName != ''"> and instr(t.user_name,#{param.userName})>0</if>
		<if test="param.accountNo != null and param.accountNo != ''"> and t.acct_no=#{param.accountNo}</if>
		<if test="param.userId != null and param.userId != ''"> and t.user_id=#{param.userId}</if>
		<if test="param.id != 0"> and t.id=#{param.id,jdbcType=NUMERIC}</if>
	</sql>
	<select id="countWhiteList" resultType="java.lang.Long">
		select count(1) <include refid="sqlQueryWhiteList"/>
	</select>
	<select id="queryWhiteListByPage"  resultMap="WhiteListInfo">
		select tt.* from (
			select rownum rn, t2.* from (
				select t.*
				<include refid="sqlQueryWhiteList"/>
				order by t.id desc
			) t2 where <![CDATA[ rownum <= #{end} ]]>
		) tt where <![CDATA[ tt.rn > #{start} ]]>
	</select>
	
	<sql id="sqlQueryWhiteListByReel">
		from dm_acq.PAYOUT_WHITELIST t where 1=1
		<if test="param.certNo != null and param.certNo != ''"> and t.cert_no=#{param.certNo}</if>
		<if test="param.userName != null and param.userName != ''"> and t.user_name=#{param.userName}</if>
		<if test="param.accountNo != null and param.accountNo != ''"> and t.acct_no=#{param.accountNo}</if>
		<if test="param.userId != null and param.userId != ''"> and t.user_id=#{param.userId}</if>
		<if test="param.id != 0"> and t.id=#{param.id,jdbcType=NUMERIC}</if>
	</sql>
	<select id="countWhiteListByReel" resultType="java.lang.Long">
		select count(1) <include refid="sqlQueryWhiteListByReel"/>
	</select>
	<select id="queryWhiteListByReel" resultMap="WhiteListInfo">
		select ACCT_NO,CERT_NO,USER_NAME,USER_ID <include refid="sqlQueryWhiteListByReel"/>
	</select>
	<select id="queryWhiteListInfoById" resultMap="WhiteListInfo">
	    select t.id,t.cert_no,t.user_name,t.acct_no,t.user_id from dm_acq.payout_whitelist t where t.id=#{id,jdbcType=NUMERIC}
	</select>
	<update id="updateWhiteListInfo" parameterType="com.sfpay.acquirer.domain.paycenter.WhiteListInfo">
        update dm_acq.payout_whitelist t set t.acct_no=#{param.accountNo},t.cert_no=#{param.certNo},t.user_name=#{param.userName},t.user_id=#{param.userId} where t.id=#{param.id,jdbcType=NUMERIC}	
	</update>
	<delete id="delWhiteList">
	    delete from dm_acq.payout_whitelist t where t.id=#{id,jdbcType=NUMERIC}
	</delete>	
</mapper>