﻿<?xml version="1.0" encoding="UTF-8" ?>
<!DOCTYPE mapper PUBLIC "-//mybatis.org//DTD Mapper 3.0//EN" "http://mybatis.org/dtd/mybatis-3-mapper.dtd" >
<mapper namespace="com.sfpay.acquirer.dao.IPayoutInfoDao">
	<resultMap id="payoutInfoMap" type="com.sfpay.acquirer.domain.PayoutInfo">
		<id column="ID" property="id" />
		<result column="PAYOUT_NO" property="payoutNo" />
		<result column="BANK_CODE" property="bankCode" />	
		<result column="CHANNEL_CODE" property="channelCode" />	
		<result column="ORDER_TYPE" property="orderType" />	
		<result column="TRADE_NO" property="tradeNo" />	
		<result column="PAY_NO" property="payNo" />	
		<result column="BUSINESS_SN" property="businessSn" />	
		<result column="FUND_WAY" property="fundWay" />	
		<result column="AMT" property="amt" />	
		<result column="CCY" property="ccy" />	
		<result column="FEE" property="fee" />	
		<result column="PAYER_MEMBER_NO" property="payerMemberNo" />	
		<result column="PAYER_ORG_CODE" property="payerOrgCode" />	
		<result column="PAYER_BRANCH_CODE" property="payerBranchCode" />	
		<result column="PAYER_ACCT_NO" property="payerAcctNo" />	
		<result column="PAYER_ACCT_NAME" property="payerAcctName" />	
		<result column="PAYER_ACCT_TYPE" property="payerAcctType" />	
		<result column="PAYER_ACCT_PROVINCE" property="payerAcctProvince" />	
		<result column="PAYER_ACCT_CITY" property="payerAcctCity" />	
		<result column="PAYER_ACCT_ADDR" property="payerAcctAddr" />	
		<result column="PAYER_EMAIL" property="payerEmail" />	
		<result column="PAYER_MOBILE" property="payerMobile" />	
		<result column="PAYEE_MEMBER_NO" property="payeeMemberNo" />	
		<result column="PAYEE_ORG_CODE" property="payeeOrgCode" />	
		<result column="PAYEE_BRANCH_CODE" property="payeeBranchCode" />	
		<result column="PAYEE_ACCT_NO" property="payeeAcctNo" />	
		<result column="PAYEE_ACCT_NAME" property="payeeAcctName" />	
		<result column="PAYEE_ACCT_TYPE" property="payeeAcctType" />	
		<result column="PAYEE_ACCT_PROVINCE" property="payeeAcctProvince" />	
		<result column="PAYEE_ACCT_CITY" property="payeeAcctCity" />	
		<result column="PAYEE_ACCT_ADDR" property="payeeAcctAddr" />	
		<result column="PAYEE_EMAIL" property="payeeEmail" />	
		<result column="PAYEE_MOBILE" property="payeeMobile" />	
		<result column="STATUS" property="status" />	
		<result column="RTN_PAY_CODE" property="rtnPayCode" />	
		<result column="RTN_BANK_CODE" property="rtnBankCode" />	
		<result column="RTN_BANK_MSG" property="rtnBankMsg" />	
		<result column="BEGIN_TIME" property="beginTime" />	
		<result column="END_TIME" property="endTime" />	
		<result column="REQ_BANK_SN" property="reqBankSn" />	
		<result column="RTN_BANK_SN" property="rtnBankSn" />	
		<result column="BATCH_CODE" property="batchCode" />	
		<result column="REMIT_METHOD" property="remitMethod" />	
		<result column="USE_DESC" property="useDesc" />	
		<result column="SUMMARY" property="summary" />	
		<result column="MSG_FLAG" property="msgFlag" />	
		<result column="OLD_PAYOUT_NO" property="oldPayoutNo" />	
		<result column="REMARK" property="remark" />	
		<result column="CREATE_DATE" property="createDate" />	
		<result column="UPDATE_DATE" property="updateDate" />	
		<result column="CREATE_OPERATOR" property="createOperator" />
		
		<result column="PAYER_BRANCH_NAME" property="payerBranchName" />
		<result column="PAYER_ACCT_PROVINCE_N" property="payerAcctProvinceName" />
		<result column="PAYER_ACCT_CITY_N" property="payerAcctCityName" />
		<result column="PAYEE_BRANCH_NAME" property="payeeBranchName" />
		<result column="PAYEE_ACCT_PROVINCE_N" property="payeeAcctProvinceName" />
		<result column="PAYEE_ACCT_CITY_N" property="payeeAcctCityName" />
		<result column="EXPECT_PAY_DATE" property="expectPayDate" />
		<result column="PAYOUT_BUS_TYPE" property="payoutBusType" />
		
		<result column="SYSTEM_SOURCE" property="systemSource" />
		<result column="TRADE_OUT_NO" property="tradeOutNo" />
		
		<result column="OLD_STATUS" property="oldStatus" />
		<result column="OFFLINE_FLAG" property="offlineFlag" />
		<result column="OFFLINE_REMARK" property="offlineRemark" />
		<result column="OFFLINE_OPER" property="offlineOper" />
		<result column="OFFLINE_DATE" property="offlineDate"  jdbcType="TIMESTAMP"/>	
		<result column="OLD_TRADE_DATE" property="oldTradeDate"  jdbcType="TIMESTAMP"/>	
		
		<result column="DEDUCTION_OPER" property="deductionOper" />
		<result column="DEDUCTION_DATE" property="deducationDate"  jdbcType="TIMESTAMP"/>
		<result column="SHOULD_AMT" property="shouldAmt" jdbcType="NUMERIC" />
		<result column="DEDUCTION_AMT" property="deductionAmt" jdbcType="NUMERIC" />
		<result column="OUT_DESC_FIR" property="outDescFir" />
		<result column="OUT_DESC_SEC" property="outDescSec" />
		<result column="DEDUCTION_REMARK" property="deductionRemark" />	
		<result column="FREEZE_FLAG" property="freezeFlag" />	
		<result column="TOTAL_BATCH_CODE" property="totalBatchCode" />	
		<result column="TRADE_OUT_BUSSINESS_NO" property="tradeOutBussinessNo" />		
		<result column="AGENT_FLAG" property="agentFlag" />
		<result column="AGENT_NAME" property="agentName" />
		<result column="AGENT_ACCT_NO" property="agentAcctNo" />
		<result column="UNION_BANK_CODE" property="payeeUnionBankCode" />
		<result column="UNION_BANK_NAME" property="payeeUnionBankName" />
		<result column="SUB_BANK_NO" property="subBankNo" />
		<result column="use_type" property="useType" />
	</resultMap>
	
	<resultMap id="payoutQueryRltMap" type="com.sfpay.acquirer.domain.PayoutQueryRlt">
		<id column="ID" property="id" jdbcType="NUMERIC" />
		<result column="BEGIN_TIME" property="createDate" />	
		<result column="END_TIME" property="transDate" />
		<result column="AMT" property="amt" jdbcType="NUMERIC" />
		<result column="CCY" property="ccy" jdbcType="NUMERIC" />
		<result column="PAYER_ORG_CODE" property="payerBankCode" />	
		<result column="PAYER_ACCT_NO" property="payerAcctNo" />
		<result column="PAYER_ACCT_NAME" property="payerAcctName" />
		<result column="PAYEE_ORG_CODE" property="payeeBankCode" />
		
		<result column="PAYER_BRANCH_CODE" property="payerBranchCode" />	
		<result column="PAYER_BRANCH_NAME" property="payerBranchName" />
		
		<result column="PAYEE_ACCT_NO" property="payeeAcctNo" />	
		<result column="PAYEE_ACCT_NAME" property="payeeAcctName" />
		<result column="PAYEE_ORG_CODE" property="payeeBankCode" /><!--收款方银行  -->	
		<result column="PAYEE_ACCT_TYPE" property="payeeAcctType" /><!--收款方账户类型  -->	
		<result column="PAYEE_BRANCH_NAME" property="payeeBranchName" /><!--收款方开户行名称  -->	
		<result column="PAYEE_ACCT_PROVINCE_N" property="payeeAcctProvinceName" /><!--收款方省份  -->
		<result column="PAYEE_ACCT_CITY_N" property="payeeAcctCityName" /><!--收款方城市  -->
		<result column="PAYEE_ACCT_PROVINCE" property="payeeAcctProvince" />	
		<result column="PAYEE_ACCT_CITY" property="payeeAcctCity" />	
		
		<result column="PAYEE_MOBILE" property="payeeMobile" />	
		
		<result column="FIR_CHECK_OPERATOR" property="firCheckOperator" /><!--第一复核人  -->
		<result column="FIR_CHECK_DATE" property="firCheckDate" /><!--第一复核时间  -->
		<result column="FIR_CHECK_DESC" property="firCheckDesc" /><!--第一复核信息  -->
		<result column="SEC_CHECK_OPERATOR" property="secCheckOpertor" /><!--第二复核人  -->
		<result column="SEC_CHECK_DATE" property="secCheckDate" /><!--第二复核时间 -->
		<result column="SEC_CHECK_DESC" property="secCheckDesc" /><!--第二复核信息  -->		
		<result column="STATUS" property="payoutStatus" />	
		<result column="REMIT_METHOD" property="remitMethod" />	
		<result column="USE_DESC" property="useDesc" />	
		<result column="SUMMARY" property="summary" />	
		<result column="RTN_BANK_CODE" property="rtnBankCode" />	
		<result column="RTN_BANK_MSG" property="rtnBankMsg" />	
		<result column="BATCH_CODE" property="batchCode" />	
		<result column="MSG_FLAG" property="msgFlag" />	
		<result column="PAYOUT_NO" property="payoutNo" />
		<result column="BUSINESS_SN" property="businessSn" />	
		<result column="REQ_BANK_SN" property="reqBankSN" />
		<result column="PAYEE_ACCT_TYPE" property="payeeAcctType" />
		<result column="PAYOUT_BUS_TYPE" property="payoutBusType" />		
		<result column="SYSTEM_SOURCE" property="systemSource" />
		<result column="TRADE_OUT_NO" property="tradeOutNo" />
		<result column="OLD_STATUS" property="oldStatus" />
		<result column="OFFLINE_FLAG" property="offlineFlag" />
		<result column="OFFLINE_REMARK" property="offlineRemark" />
		<result column="OFFLINE_OPER" property="offlineOper" />
		<result column="OFFLINE_DATE" property="offlineDate"  jdbcType="TIMESTAMP"/>		
		<result column="DEDUCTION_OPER" property="deductionOper" />
		<result column="DEDUCTION_DATE" property="deducationDate"  jdbcType="TIMESTAMP"/>
		<result column="SHOULD_AMT" property="shouldAmt" jdbcType="NUMERIC" />
		<result column="DEDUCTION_AMT" property="deductionAmt" jdbcType="NUMERIC" />
		<result column="OUT_DESC_FIR" property="outDescFir" />
		<result column="OUT_DESC_SEC" property="outDescSec" />
		<result column="DEDUCTION_REMARK" property="deductionRemark" />
		<result column="OLD_TRADE_DATE" property="oldTradeDate"  jdbcType="TIMESTAMP"/>	
		<result column="FREEZE_FLAG" property="freezeFlag" />	
		<result column="TRADE_OUT_BUSSINESS_NO" property="tradeOutBussinessNo" />
		
		<result column="OFFLINE_DATE" property="freezeDate"/>
	</resultMap>
	
	
	<resultMap id="payoutRltMap" type="com.sfpay.acquirer.domain.PayoutRlt">
		<id column="ID" property="id" />
		<result column="PAYOUT_NO" property="payoutNo" />
		<result column="BATCH_CODE" property="batchCode" />	
		<result column="MSG_FLAG" property="msgFlag" />	
		<result column="STATUS" property="payoutStatus" />	
		<result column="BEGIN_TIME" property="createDate" />	
		<result column="END_TIME" property="transDate" />
		<result column="EXPECT_PAY_DATE" property="expectPayDate" />
		<result column="AMT" property="amt" />	
		<result column="CCY" property="ccy" />
		<result column="PAYER_ORG_CODE" property="payerBankCode" />	
		<result column="PAYER_ACCT_NO" property="payerAcctNo" />
		<result column="PAYER_ACCT_NAME" property="payerAcctName" />
		<result column="PAYEE_ACCT_NO" property="payeeAcctNo" />	
		<result column="PAYEE_ACCT_NAME" property="payeeAcctName" />
		<result column="PAYEE_ACCT_TYPE" property="payeeAcctType" />
		<result column="PAYEE_ACCT_PROVINCE_N" property="payeeAcctProvinceName" />	
		<result column="PAYEE_ACCT_CITY_N" property="payeeAcctCityName" />
		<result column="PAYEE_ACCT_PROVINCE" property="payeeAcctProvince" />	
		<result column="PAYEE_ACCT_CITY" property="payeeAcctCity" />	
		<result column="PAYEE_BRANCH_NAME" property="payeeBranchName" />
		<result column="PAYEE_BRANCH_CODE" property="payeeBranchCode" />	
		<result column="PAYEE_EMAIL" property="payeeEmail" />	
		<result column="PAYEE_MOBILE" property="payeeMobile" />		
		<result column="PAYEE_ACCT_ADDR" property="payeeAcctAddr" />
		<result column="PAYEE_ORG_CODE" property="payeeOrgCode" />	
		<result column="REQ_BANK_SN" property="bankTxSn" />
		<result column="REMIT_METHOD" property="remitMethod" />	
		<result column="USE_DESC" property="useDesc" />	
		<result column="SUMMARY" property="summary" />
		<result column="REMARKS" property="remark" />
		<result column="TRADE_OUT_NO" property="tradeOutNo" />
		
		<result column="DEDUCTION_OPER" property="deductionOper" />
		<result column="DEDUCTION_DATE" property="deducationDate" jdbcType="TIMESTAMP"/>
		<result column="SHOULD_AMT" property="shouldAmt" jdbcType="NUMERIC" />
		<result column="DEDUCTION_AMT" property="deductionAmt" jdbcType="NUMERIC" />
		<result column="OUT_DESC_FIR" property="outDescFir" />
		<result column="OUT_DESC_SEC" property="outDescSec" />
		<result column="DEDUCTION_REMARK" property="deductionRemark" />
		<result column="OFFLINE_FLAG" property="offlineFlag" />
		<result column="version" property="version" />
	</resultMap>
	
	<!-- 外部查询结果，不要随便改动 -->
	<resultMap id="PayoutRltExt" type="com.sfpay.acquirer.domain.PayoutRlt4Ext">
		<result column="PAYOUT_NO" property="payoutNo" />
		<result column="MSG_FLAG" property="msgFlag" />
		<result column="STATUS" property="payoutStatus" />
		<result column="BEGIN_TIME" property="createDate" jdbcType="TIMESTAMP" />
		<result column="END_TIME" property="transDate" jdbcType="TIMESTAMP" />
		<result column="EXPECT_PAY_DATE" property="expectPayDate" jdbcType="TIMESTAMP" />
		<result column="AMT" property="amt" jdbcType="NUMERIC" />
		<result column="CCY" property="ccy" />
		<result column="PAYEE_ACCT_NO" property="payeeAcctNo" />
		<result column="PAYEE_ACCT_NAME" property="payeeAcctName" />
		<result column="PAYEE_ACCT_TYPE" property="payeeAcctType" />
		<result column="PAYEE_ACCT_PROVINCE_N" property="payeeAcctProvinceName" />
		<result column="PAYEE_ACCT_CITY_N" property="payeeAcctCityName" />
		<result column="PAYEE_ACCT_PROVINCE" property="payeeAcctProvince" />
		<result column="PAYEE_ACCT_CITY" property="payeeAcctCity" />
		<result column="PAYEE_BRANCH_NAME" property="payeeBranchName" />
		<result column="PAYEE_BRANCH_CODE" property="payeeBranchCode" />
		<result column="PAYEE_EMAIL" property="payeeEmail" />
		<result column="PAYEE_MOBILE" property="payeeMobile" />
		<result column="PAYEE_ACCT_ADDR" property="payeeAcctAddr" />
		<result column="PAYEE_ORG_CODE" property="payeeOrgCode" />
		<result column="REQ_BANK_SN" property="bankTxSn" />
		<result column="REMIT_METHOD" property="remitMethod" />
		<result column="USE_DESC" property="useDesc" />
		<result column="SUMMARY" property="summary" />
		<result column="REMARKS" property="remark" />
		<result column="TRADE_OUT_NO" property="tradeOutNo" />
		<result column="TRADE_OUT_BUSSINESS_NO" property="tradeOutBusinessNo" />
		<result column="OFFLINE_FLAG" property="offlineFlag" />
	</resultMap>
	
	<!-- add by sfhq270 付款明细详细列表 start 2014-12-15 -->
	<resultMap id="payoutQueryDetMap" type="com.sfpay.acquirer.domain.PayoutQueryRlt">
		<id column="ID" property="id" jdbcType="NUMERIC" />
		<result column="BEGIN_TIME" property="createDate" />	
		<result column="END_TIME" property="transDate" />
		<result column="AMT" property="amt" jdbcType="NUMERIC" />
		<result column="CCY" property="ccy" jdbcType="NUMERIC" />
		<result column="PAYER_BANK_CODE" property="payerBankCode" />	
		<result column="PAYER_ACCT_NO" property="payerAcctNo" />
		<result column="PAYER_ACCT_NAME" property="payerAcctName" />
		<result column="PAYEE_ORG_CODE" property="payeeBankCode" />
		
		<result column="PAYER_BRANCH_CODE" property="payerBranchCode" />	
		<result column="PAYER_BRANCH_NAME" property="payerBranchName" />
		
		<result column="PAYEE_ACCT_NO" property="payeeAcctNo" />	
		<result column="PAYEE_ACCT_NAME" property="payeeAcctName" />
		<result column="PAYEE_ORG_CODE" property="payeeBankCode" /><!--收款方银行  -->	
		<result column="PAYEE_ACCT_TYPE" property="payeeAcctType" /><!--收款方账户类型  -->	
		<result column="PAYEE_BRANCH_NAME" property="payeeBranchName" /><!--收款方开户行名称  -->	
		<result column="PAYEE_ACCT_PROVINCE_N" property="payeeAcctProvinceName" /><!--收款方省份  -->
		<result column="PAYEE_ACCT_CITY_N" property="payeeAcctCityName" /><!--收款方城市  -->
		<result column="PAYEE_ACCT_PROVINCE" property="payeeAcctProvince" />	
		<result column="PAYEE_ACCT_CITY" property="payeeAcctCity" />	
		
		<result column="PAYEE_MOBILE" property="payeeMobile" />	
		
		<result column="FIR_CHECK_OPERATOR" property="firCheckOperator" /><!--第一复核人  -->
		<result column="FIR_CHECK_DATE" property="firCheckDate" /><!--第一复核时间  -->
		<result column="FIR_CHECK_DESC" property="firCheckDesc" /><!--第一复核信息  -->
		<result column="SEC_CHECK_OPERATOR" property="secCheckOpertor" /><!--第二复核人  -->
		<result column="SEC_CHECK_DATE" property="secCheckDate" /><!--第二复核时间 -->
		<result column="SEC_CHECK_DESC" property="secCheckDesc" /><!--第二复核信息  -->		
		<result column="STATUS" property="payoutStatus" />	
		<result column="REMIT_METHOD" property="remitMethod" />	
		<result column="USE_DESC" property="useDesc" />	
		<result column="SUMMARY" property="summary" />	
		<result column="RTN_BANK_CODE" property="rtnBankCode" />	
		<result column="RTN_BANK_MSG" property="rtnBankMsg" />	
		<result column="BATCH_CODE" property="batchCode" />	
		<result column="MSG_FLAG" property="msgFlag" />	
		<result column="PAYOUT_NO" property="payoutNo" />
		<result column="BUSINESS_SN" property="businessSn" />	
		<result column="REQ_BANK_SN" property="reqBankSN" />
		<result column="PAYEE_ACCT_TYPE" property="payeeAcctType" />
		<result column="PAYOUT_BUS_TYPE" property="payoutBusType" />		
		<result column="SYSTEM_SOURCE" property="systemSource" />
		<result column="TRADE_OUT_NO" property="tradeOutNo" />
		<result column="OLD_STATUS" property="oldStatus" />
		<result column="OFFLINE_FLAG" property="offlineFlag" />
		<result column="OFFLINE_REMARK" property="offlineRemark" />
		<result column="OFFLINE_OPER" property="offlineOper" />
		<result column="OFFLINE_DATE" property="offlineDate"  jdbcType="TIMESTAMP"/>		
		<result column="DEDUCTION_OPER" property="deductionOper" />
		<result column="DEDUCTION_DATE" property="deducationDate"  jdbcType="TIMESTAMP"/>
		<result column="SHOULD_AMT" property="shouldAmt" jdbcType="NUMERIC" />
		<result column="DEDUCTION_AMT" property="deductionAmt" jdbcType="NUMERIC" />
		<result column="OUT_DESC_FIR" property="outDescFir" />
		<result column="OUT_DESC_SEC" property="outDescSec" />
		<result column="DEDUCTION_REMARK" property="deductionRemark" />
		<result column="OLD_TRADE_DATE" property="oldTradeDate"  jdbcType="TIMESTAMP"/>	
		<result column="FREEZE_FLAG" property="freezeFlag" />	
		<result column="TRADE_OUT_BUSSINESS_NO" property="tradeOutBussinessNo" />
		<result column="BANK_CODE" property="channelCode" />
		<result column="AGENT_FLAG" property="agentFlag" />
		<result column="AGENT_NAME" property="agentName" />
		<result column="AGENT_ACCT_NO" property="agentAcctNo" />
	</resultMap>
		<!-- add by sfhq270 付款明细详细列表end 2014-12-15 -->
	<!-- 添加 -->
	<insert id="addPayoutInfo" parameterType="com.sfpay.acquirer.domain.PayoutInfo">
		<selectKey keyProperty="payoutNo" resultType="string" order="BEFORE">  
            select to_char(sysdate, 'yyMMdd') || lpad(mod(dm_acq.SEQ_PAYOUT_NO.nextval,10000000000),10,'0') from dual
   		</selectKey>
		insert into  dm_acq.PAYOUT_INFO t (
			 t.id,t.payout_no,t.bank_code,t.channel_code,t.order_type,t.trade_no,t.pay_no
			,t.business_sn,t.fund_way,t.amt,t.ccy,t.fee,t.payer_member_no,t.payer_org_code
			,t.payer_branch_code,t.payer_acct_no,t.payer_acct_name,t.payer_acct_type
			,t.payer_acct_province,t.payer_acct_city,t.payer_acct_addr,t.payer_email
			,t.payer_mobile,t.payee_member_no,t.payee_org_code,t.payee_branch_code
			,t.payee_acct_no,t.payee_acct_name,t.payee_acct_type,t.payee_acct_province
			,t.payee_acct_city,t.payee_acct_addr,t.payee_email,t.payee_mobile,t.status
			,t.rtn_pay_code,t.rtn_bank_code,t.rtn_bank_msg,t.begin_time,t.end_time
			,t.req_bank_sn,t.rtn_bank_sn,t.batch_code,t.remit_method,t.use_desc
			,t.summary,t.msg_flag,t.old_payout_no,t.remark,t.create_date,t.create_operator
			,t.payee_branch_name,t.payee_acct_province_n,t.payee_acct_city_n
			,t.payer_branch_name,t.payer_acct_province_n,t.payer_acct_city_n
			,t.expect_pay_date,t.payout_bus_type,t.trade_out_no,t.system_source,t.offline_flag,t.SHOULD_AMT,t.DEDUCTION_AMT
			,t.FREEZE_FLAG,t.TRADE_OUT_BUSSINESS_NO,AGENT_FLAG,AGENT_NAME,AGENT_ACCT_NO, USE_TYPE
		) values (
			dm_acq.SEQ_PAYOUT_INFO.Nextval,#{payoutNo,jdbcType=VARCHAR},#{bankCode,jdbcType=VARCHAR},#{channelCode,jdbcType=VARCHAR}
			,#{orderType,jdbcType=VARCHAR},#{tradeNo,jdbcType=VARCHAR},#{payNo,jdbcType=VARCHAR},#{businessSn,jdbcType=VARCHAR}
			,#{fundWay,jdbcType=VARCHAR},#{amt,jdbcType=VARCHAR},'CNY',#{fee,jdbcType=VARCHAR}
			,#{payerMemberNo,jdbcType=VARCHAR},#{payerOrgCode,jdbcType=VARCHAR},#{payerBranchCode,jdbcType=VARCHAR},#{payerAcctNo,jdbcType=VARCHAR}
			,#{payerAcctName,jdbcType=VARCHAR},#{payerAcctType,jdbcType=VARCHAR},#{payerAcctProvince,jdbcType=VARCHAR},#{payerAcctCity,jdbcType=VARCHAR}
			,#{payerAcctAddr,jdbcType=VARCHAR},#{payerEmail,jdbcType=VARCHAR},#{payerMobile,jdbcType=VARCHAR},#{payeeMemberNo,jdbcType=VARCHAR}
			,#{payeeOrgCode,jdbcType=VARCHAR},#{payeeBranchCode,jdbcType=VARCHAR},#{payeeAcctNo,jdbcType=VARCHAR},#{payeeAcctName,jdbcType=VARCHAR}
			,#{payeeAcctType,jdbcType=VARCHAR},#{payeeAcctProvince,jdbcType=VARCHAR},#{payeeAcctCity,jdbcType=VARCHAR},#{payeeAcctAddr,jdbcType=VARCHAR}
			,#{payeeEmail,jdbcType=VARCHAR},#{payeeMobile,jdbcType=VARCHAR},#{status,jdbcType=VARCHAR},#{rtnPayCode,jdbcType=VARCHAR}
			,#{rtnBankCode,jdbcType=VARCHAR},#{rtnBankMsg,jdbcType=VARCHAR},systimestamp,#{endTime,jdbcType=VARCHAR}
			,#{reqBankSn,jdbcType=VARCHAR},#{rtnBankSn,jdbcType=VARCHAR},#{batchCode,jdbcType=VARCHAR},#{remitMethod,jdbcType=VARCHAR}
			,#{useDesc,jdbcType=VARCHAR},#{summary,jdbcType=VARCHAR},#{msgFlag,jdbcType=VARCHAR},#{oldPayoutNo,jdbcType=VARCHAR}
			,#{remark,jdbcType=VARCHAR}
			,systimestamp,#{createOperator,jdbcType=VARCHAR}
			,#{payeeBranchName,jdbcType=VARCHAR},#{payeeAcctProvinceName,jdbcType=VARCHAR},#{payeeAcctCityName,jdbcType=VARCHAR}
			,#{payerBranchName,jdbcType=VARCHAR},#{payerAcctProvinceName,jdbcType=VARCHAR},#{payerAcctCityName,jdbcType=VARCHAR}
			,#{expectPayDate,jdbcType=VARCHAR},#{payoutBusType,jdbcType=VARCHAR}
			,#{tradeOutNo,jdbcType=VARCHAR}
			,#{systemSource,jdbcType=VARCHAR},'N',#{shouldAmt,jdbcType=NUMERIC},#{deductionAmt,jdbcType=NUMERIC},'N',#{tradeOutBussinessNo,jdbcType=VARCHAR}
			,#{agentFlag,jdbcType=VARCHAR},#{agentName,jdbcType=VARCHAR},#{agentAcctNo,jdbcType=VARCHAR},#{useType,jdbcType=VARCHAR}
		)
	</insert>
	
	<!-- 分页查询  modify sfhq270-->
	<sql id="sqlQueryPayout">
		 from dm_acq.PAYOUT_INFO t left join dm_acq.BATCH_INFO t1 on t.batch_code=t1.batch_code
		   	 
		where t.delete_flag='0'
		<if test="param.bankCode != null and param.bankCode != ''"> and t.PAYER_ORG_CODE=#{param.bankCode}</if>
		<if test="param.accountNo != null and param.accountNo != ''"> and t.payer_acct_no=#{param.accountNo}</if>
		<if test="param.dateQueryType != null"><choose><when test="param.dateQueryType.name() == 'BY_CREATE'">
			<if test="param.beginDate != null"><![CDATA[ and t.begin_time >= #{param.beginDate,jdbcType=DATE}]]></if>
			<if test="param.endDate != null "><![CDATA[ and t.begin_time < #{param.endDate,jdbcType=DATE}+1]]></if>
		</when><otherwise>
			<if test="param.beginDate != null"><![CDATA[ and t1.sec_check_date >= #{param.beginDate,jdbcType=DATE}]]></if>
			<if test="param.endDate != null "><![CDATA[ and t1.sec_check_date < #{param.endDate,jdbcType=DATE}+1]]></if>
		</otherwise></choose></if>
		<if test="param.payoutStatus != null"> and t.status=#{param.payoutStatus}</if>
		<if test="param.batchCode != null and param.batchCode != ''"> and t.batch_code=#{param.batchCode}</if>
		<if test="param.payeeAcctCode != null and param.payeeAcctCode != ''"> and t.payee_acct_no=#{param.payeeAcctCode}</if>
		<if test="param.bankTxSn != null and param.bankTxSn != ''"> and t.req_bank_sn=#{param.bankTxSn}</if>
		<if test="param.minAmt != null "> <![CDATA[ and t.amt >=#{param.minAmt, jdbcType=NUMERIC}]]></if>
		<if test="param.maxAmt != null "> <![CDATA[ and t.amt <=#{param.maxAmt, jdbcType=NUMERIC}]]></if>
		<if test="param.payeeAcctName != null and param.payeeAcctName != ''"> and instr(t.PAYEE_ACCT_NAME, #{param.payeeAcctName}) > 0</if>
		<if test="param.totalBatchCode!=null and param.totalBatchCode!=''"> and t1.total_batch_code=#{param.totalBatchCode}</if>
		<if test="param.freezeFlag != null and param.freezeFlag != '' "> and t.freeze_flag=#{param.freezeFlag,jdbcType=VARCHAR}</if>		
		<if test="param.useDesc != null and param.useDesc != '' "> and instr(t.use_desc, #{param.useDesc}) > 0</if>
		<if test="param.summary != null and param.summary != '' "> and instr(t.summary, #{param.summary}) > 0</if>
		<if test="param.tradeOutNo != null and param.tradeOutNo != '' "> and instr(t.TRADE_OUT_NO, #{param.tradeOutNo}) > 0</if>
		<if test="param.oldStatus != null and param.oldStatus != '' "> and t.OLD_STATUS = #{param.oldStatus}</if>
		<if test="param.systemSource != null and param.systemSource != '' ">and t.SYSTEM_SOURCE = #{param.systemSource}</if>
		<if test="param.channelCode != null and param.channelCode != '' "> and t.BANK_CODE = #{param.channelCode}</if>
	</sql>
	<select id="countPayoutPage" resultType="java.util.HashMap">
		select count(1) as TOTAL_NUM, sum(t.amt)/100 as TOTAL_AMT <include refid="sqlQueryPayout"/>
	</select>
	<select id="queryPayoutPage"  resultMap="payoutQueryDetMap">
		select tt.* from (
			select rownum rn, t2.* from (
				select
				t.ID, 
				t.BEGIN_TIME,
				t.END_TIME,
				t.STATUS,
				t.AMT,
				t.CCY, 
				t.PAYER_ACCT_NO,
				t.PAYER_ACCT_NAME,
				t.PAYEE_ORG_CODE,
				t.PAYEE_ACCT_NO,
				t.PAYEE_ACCT_NAME,
				t.PAYEE_ACCT_TYPE,
				t.PAYEE_BRANCH_NAME,
				t.PAYEE_ACCT_PROVINCE_N,
				t.PAYEE_ACCT_CITY_N,
				t.REMIT_METHOD,
				t.USE_DESC,
				t.SUMMARY,
				decode(t.RTN_BANK_CODE,null,t1.rtn_bank_code,t.RTN_BANK_CODE) as RTN_BANK_CODE ,
				decode(t.RTN_BANK_MSG,null,t1.RTN_BANK_MSG,t.RTN_BANK_MSG) as  RTN_BANK_MSG,
				t.MSG_FLAG,
				t.BATCH_CODE,
				t.PAYOUT_NO,
				t.REQ_BANK_SN,
				t.SYSTEM_SOURCE,
				t.PAYOUT_BUS_TYPE,
				t.TRADE_OUT_NO,
				t.TRADE_OUT_BUSSINESS_NO,
				t.OLD_STATUS,
				t.OLD_TRADE_DATE,
				t.OFFLINE_FLAG,
				t.OFFLINE_DATE,
				t.OFFLINE_OPER,
				t.OFFLINE_REMARK,
				t.FREEZE_FLAG,
				t1.PAY_BATCH_DATE, 
				t1.FIR_CHECK_OPERATOR,
				t1.FIR_CHECK_DATE,
				t1.FIR_CHECK_DESC,
				t1.SEC_CHECK_OPERATOR,
				t1.SEC_CHECK_DATE,
				t1.SEC_CHECK_DESC,
				t.BANK_CODE ,
				t.PAYER_ORG_CODE  AS PAYER_BANK_CODE ,
				t.AGENT_FLAG,
				t.AGENT_NAME,
				t.AGENT_ACCT_NO 
				<include refid="sqlQueryPayout"/>
				order by t.id desc
			) t2 where <![CDATA[ rownum <= #{end} ]]>
		) tt where <![CDATA[ tt.rn > #{start} ]]>
	</select>
		
	<!-- 修改状态 -->
	<update id="updateStatusByBatchCode">
		update dm_acq.PAYOUT_INFO t
		<set>
		   <if test="status != null and status != ''">		
				t.status=#{status,jdbcType=VARCHAR},
				<if test="status.name() == 'FIR_CHECK_REFUSE' or status.name() == 'SEC_CHECK_REFUSE'">
					t.end_time=systimestamp,
				</if>
			</if>
			t.UPDATE_DATE=systimestamp
		</set>		
		where t.BATCH_CODE=#{batchCode,jdbcType=VARCHAR}
		and t.status=#{oldStatus,jdbcType=VARCHAR}
		and t.freeze_flag='N'
	</update>
	
	<!--根据银行流水号修改付款指令状态,修改状态(异常处理：状态调整使用) -->
	<update id="updateExceptionProcess">
		update dm_acq.PAYOUT_INFO t
		<set>
		   <if test="status != null and status != ''">		
			t.status=#{status,jdbcType=VARCHAR},
			<if test="status.name()=='SUCCESS' or status.name()=='FAILURE' or status.name()=='UNKOWN'">
			t.end_time=systimestamp,	
			t.rtn_bank_code=null,
			t.rtn_bank_msg=null,
			t.OLD_TRADE_DATE=t.end_time,
			</if>
			</if>
			<if test="remark!=null and remark!=''">
			t.remark=t.remark||'exceptionProcess:rtn_bank_code='||nvl(t.rtn_bank_code,'')||',rtn_bank_msg='||nvl(t.rtn_bank_msg,'')||';'||#{remark,jdbcType=VARCHAR},
			</if>
			<if test="offlineRemark!=null and offlineRemark!=''">
			t.offline_remark=#{offlineRemark,jdbcType=VARCHAR},
			</if>
			<if test="offlineFlag!=null and offlineFlag!=''">
			t.offline_flag=#{offlineFlag,jdbcType=VARCHAR},
			t.offline_date=systimestamp,
			</if>
			t.old_status=t.status,
			t.UPDATE_DATE=systimestamp
		</set>		
		where t.req_bank_sn=#{reqBankSn,jdbcType=VARCHAR}
		and	(t.status='UNKOWN' or t.status='SEC_CHECK_PASS' or t.status='RECEIVED')		
		and t.status=#{oldStatus,jdbcType=VARCHAR}
	</update>
	
	
	<select id="queryPayoutByBatch" resultMap="payoutInfoMap">
		select t.* from dm_acq.PAYOUT_INFO t 
		where  t.batch_code=#{batchCode,jdbcType=VARCHAR}
		<if test="status != null">
		and t.status=#{status,jdbcType=VARCHAR} 
		</if>
		and t.delete_flag=0
	</select>
	
	<select id="queryPay" resultMap="payoutInfoMap">
		select t.* ,f.union_bank_code, f.union_bank_name,a.ob_no as sub_bank_no from dm_acq.PAYOUT_INFO t 
		left join dm_ebank.account_info a on a.account_no = t.payer_acct_no
		left join  dm_acq.affiliate_channel_ref f on f.bank_code=t.payee_org_code and f.pay_channel_code=#{bankCode,jdbcType=VARCHAR}
		where  t.batch_code=#{batchCode,jdbcType=VARCHAR}
		<if test="status != null">
		and t.status=#{status,jdbcType=VARCHAR} 
		</if>
		and freeze_flag='N'
		and t.delete_flag=0
	</select>
	
	<!-- 更新生成批次信息 -->
	<update id="batchUpdatePayout">
		update dm_acq.PAYOUT_INFO t
		<set>	
			<if test="payoutInfo.szfsFlag != null and payoutInfo.szfsFlag != ''">
				t.szfs_flag=#{payoutInfo.szfsFlag,jdbcType=VARCHAR},
			</if>
			t.batch_code=#{payoutInfo.batchCode,jdbcType=VARCHAR},	
			t.status=#{payoutInfo.status,jdbcType=VARCHAR},
			t.payer_org_code=#{payoutInfo.payerOrgCode,jdbcType=VARCHAR},	
			t.bank_code=#{payoutInfo.bankCode,jdbcType=VARCHAR},
			t.payer_branch_code=#{payoutInfo.payerBranchCode,jdbcType=VARCHAR},	
			t.payer_acct_no=#{payoutInfo.payerAcctNo,jdbcType=VARCHAR},	
			t.payer_acct_name=#{payoutInfo.payerAcctName,jdbcType=VARCHAR},	
			t.payer_acct_type=#{payoutInfo.payerAcctType,jdbcType=VARCHAR},	
			t.payer_acct_province=#{payoutInfo.payerAcctProvince,jdbcType=VARCHAR},	
			t.payer_acct_city=#{payoutInfo.payerAcctCity,jdbcType=VARCHAR},	
			t.payer_acct_addr=#{payoutInfo.payerAcctAddr,jdbcType=VARCHAR},	
			t.payer_email=#{payoutInfo.payerEmail,jdbcType=VARCHAR},	
			t.payer_mobile=#{payoutInfo.payerMobile,jdbcType=VARCHAR},	
			t.payer_branch_name=#{payoutInfo.payerBranchName,jdbcType=VARCHAR},	
      		t.payer_acct_province_n=#{payoutInfo.payerAcctProvinceName,jdbcType=VARCHAR},	
       		t.payer_acct_city_n=#{payoutInfo.payerAcctCityName,jdbcType=VARCHAR},	
       		t.req_bank_sn=PKG_B2C_GENERATE.get_generate_b2e(20),
			t.update_date=systimestamp
		</set>		
		where t.status=#{oldStatus, jdbcType=VARCHAR} 
		and t.delete_flag=0
		and t.freeze_flag='N'
		and t.payout_no in 
		<foreach collection="payoutNos"  open="(" close=")" item="pNo" separator=",">#{pNo, jdbcType=VARCHAR}</foreach>
	</update>
	
	<!-- 查询总金额和总笔数 -->
	<select id="totalAmtAndNum" resultType="com.sfpay.acquirer.domain.BatchTotal">
		select count(1) totalNum, nvl(sum(t.amt), 0) totalAmt from dm_acq.PAYOUT_INFO t
		where t.delete_flag=0 
		and t.batch_code=#{batchCode,jdbcType=VARCHAR}
	</select>
	
	<!-- 更新银行返回信息 -->
	<update id="updateBankRtn">
		update dm_acq.PAYOUT_INFO t
		<set>	
		<if test="payoutInfo.status != null ">
			t.status=#{payoutInfo.status,jdbcType=VARCHAR},	
		</if>
		<if test="payoutInfo.rtnBankCode != null and payoutInfo.rtnBankCode != ''">
			t.rtn_bank_code=#{payoutInfo.rtnBankCode,jdbcType=VARCHAR},	
		</if>
		<if test="payoutInfo.rtnBankMsg != null and payoutInfo.rtnBankMsg != ''">
			t.rtn_bank_msg=#{payoutInfo.rtnBankMsg,jdbcType=VARCHAR},	
		</if>
		t.end_time=systimestamp,	
		<if test="payoutInfo.rtnBankSn != null and payoutInfo.rtnBankSn !=''">
			t.rtn_bank_sn = #{payoutInfo.rtnBankSn,jdbcType=VARCHAR},
		</if>
		t.update_date=systimestamp
		</set>		
		where t.req_bank_sn=#{payoutInfo.reqBankSn,jdbcType=VARCHAR}
		and (t.status='RECEIVED' or t.status='SEC_CHECK_PASS' or t.status='UNKOWN')
	</update>
	
	<select id="queryByStatus" resultMap="payoutInfoMap">
		select t.* from dm_acq.PAYOUT_INFO t
		where t.batch_code=#{batchCode,jdbcType=VARCHAR}
		and t.status=#{status, jdbcType=VARCHAR}
		and t.delete_flag=0
	</select> 
	
	<select id="queryByStatusNew" resultMap="payoutInfoMap">
		select t.* from dm_acq.PAYOUT_INFO t
		where t.batch_code=#{batchCode,jdbcType=VARCHAR}
		and t.status in ('RECEIVED', 'UNKOWN')
		and t.delete_flag=0
	</select> 
		
	<!-- 更新按批次号更新状态 -->
	<update id="updateStatusByBatchReq">
		update dm_acq.PAYOUT_INFO t
		<set>	
		t.status=#{status,jdbcType=VARCHAR},	
		t.update_date=systimestamp
		</set>	
		where 
		 t.batch_code=(select b.batch_code from dm_acq.batch_info b where b.req_bank_sn=#{batchReqBankSn,jdbcType=VARCHAR})  
		and t.status=#{oldStatus,jdbcType=VARCHAR}
	</update>
	
	
	<!-- 查询生成批次前的付款信息  总条数-->
	<select id="countQueryByRule" resultType="java.lang.Long">
			select count(1) from (<include refid="sqlQueryByRuleSelect"/>)
	</select>
	
	<!-- 查询生成批次前的付款信息 -->
	<select id="queryByRule" resultMap="payoutInfoMap">
		select tt.* from (
			select rownum rn, b.* from (
				<include refid="sqlQueryByRuleSelect"/>
	        ) b <![CDATA[ where rownum <= #{end} ]]>
		) tt where <![CDATA[ tt.rn > #{start} ]]>
		
	</select>
	
	 <sql id="sqlQueryByRuleSelect">
		 select * from (
				<if test="param.ruleCode == null or param.ruleCode == ''">
					select <include refid="queryByRuleSelFrag"/> from dm_acq.PAYOUT_INFO t
				</if>
				<if test="param.ruleCode != null and param.ruleCode != ''">
					select <include refid="queryByRuleSelFrag"/>, t1.bank_code, t1.account_no, t2.account_name from dm_acq.PAYOUT_INFO t
					inner join dm_acq.BATCH_RULE t1 on 
					<![CDATA[
					instr('|'||t1.bank_group||'|','|'||t.payee_org_code||'|')>0
					and t1.rule_code=#{param.ruleCode, jdbcType=VARCHAR}
					 and (t1.min_amt is null or t.amt > t1.min_amt) 
 					 and (t1.max_amt is null or t.amt <= t1.max_amt)
 					 and (t.payer_acct_no is null or t.payer_acct_no = t1.account_no)
					]]>
					
					<if test='param.bankCode.name()=="CMB" '>
						<![CDATA[
							and ((t.payee_org_code = 'CMB' ) 
							or 
							(t.payee_org_code <> 'CMB' and t.payee_acct_city_n is not null and t.payee_branch_name is not null))
						]]>
					</if>
					
					<if test="oppAcctType != null and oppAcctType.name() !='ALL'">
					and t.payee_acct_type=t1.opp_acct_type
					</if>
					<if test="param.tradeOutNo != null and param.tradeOutNo !=''">
					<![CDATA[
					and instr(t.TRADE_OUT_NO , #{param.tradeOutNo, jdbcType=VARCHAR}) > 0
					]]>
					</if>
					left join dm_ebank.account_info t2 on t1.account_no=t2.account_no
				</if>
				
				 <include refid="sqlQueryByRuleWhere"/>
	        ) a 
	        	<if test="param.ruleCode != null and param.ruleCode != '' and flag=='on'">
	        	 where (a.bank_code!='SZFS' and a.system_source!='SYPAY') or (a.bank_code='SZFS') 
	        	 <!-- 顺手付对公提现可以从工行通道出款 add by sfhq272 20150528 -->
	        	 or (a.bank_code='ICBC' and a.system_source='SYPAY' and a.payee_acct_type='COMPANY')
	        	</if>
	</sql>
	
	<!-- 查询生成批次前的付款信息　条件 -->
	<sql id="sqlQueryByRuleWhere">
		where t.batch_code is null and t.delete_flag=0 and t.freeze_flag='N' and t.status=#{status, jdbcType=VARCHAR}
		and t.PAYOUT_BUS_TYPE <![CDATA[<>]]> 'OFFLINE'
		<if test="param.agentFlag != null"> and nvl(t.agent_flag, 'N')=#{param.agentFlag, jdbcType=VARCHAR}</if>
		<if test="param.beginDate != null"><![CDATA[and t.create_date >= #{param.beginDate,jdbcType=TIMESTAMP}]]></if>
		<if test="param.endDate != null "><![CDATA[and t.create_date < #{param.endDate,jdbcType=TIMESTAMP}+1/(24*60*60)]]></if>
		<if test="param.payeeAcctName != null and param.payeeAcctName != ''"> and instr(t.payee_acct_name, #{param.payeeAcctName}) > 0</if>
		<if test="param.systemSource != null"> and t.system_source = #{param.systemSource}</if>
		<if test="param.useDesc != null and param.useDesc != ''"> and instr(t.use_desc, #{param.useDesc}) > 0</if>
		<if test="param.summary != null and param.summary != ''"> and instr(t.summary, #{param.summary}) > 0</if>
		<if test="param.queryType != null and param.queryType.name() == 'BY_CUSTOM'">
			<if test="param.payeeAcctNo != null and param.payeeAcctNo != ''"> and t.payee_acct_no=#{param.payeeAcctNo}</if>
			<if test="param.payeeOrgCode != null and param.payeeOrgCode != ''"> and t.payee_org_code=#{param.payeeOrgCode}</if>
			<if test="param.beginAmt != null"><![CDATA[ and t.amt >= #{param.beginAmt}]]></if>
			<if test="param.endAmt != null"><![CDATA[ and t.amt <= #{param.endAmt}]]></if>
		</if>
		<!--增加汇款方式  add by sfhq814 20150625 -->
		<if test="param.remitMethod != null and param.remitMethod != ''">
			and t.remit_method=#{param.remitMethod}
		</if>
		<if test="param.tradeOutNo != null and param.tradeOutNo !=''">
			<![CDATA[
			and instr(t.TRADE_OUT_NO , #{param.tradeOutNo, jdbcType=VARCHAR}) > 0
			]]>
		</if>
		   and (t.expect_pay_date is null or trunc(sysdate)>=trunc(t.expect_pay_date)) order by t.id desc
	</sql>
	
	<!-- 查询生成批次前的付款信息使用，不能共用  -->
	<sql id="queryByRuleSelFrag">
	 t.id                    ,
	  t.payout_no            ,
	  t.bank_code      payout_bank_code,
	  t.channel_code         ,
	  t.order_type           ,
	  t.trade_no             ,
	  t.pay_no               ,
	  t.business_sn          ,
	  t.fund_way             ,
	  t.amt                  ,
	  t.ccy                  ,
	  t.fee                  ,
	  t.payer_member_no      ,
	  t.payer_org_code       ,
	  t.payer_branch_code    ,
	  t.payer_acct_no        ,
	  t.payer_acct_name      ,
	  t.payer_acct_type      ,
	  t.payer_acct_province  ,
	  t.payer_acct_city      ,
	  t.payer_acct_addr      ,
	  t.payer_email          ,
	  t.payer_mobile         ,
	  t.payee_member_no      ,
	  t.payee_org_code       ,
	  t.payee_branch_code    ,
	  t.payee_acct_no        ,
	  t.payee_acct_name      ,
	  t.payee_acct_type      ,
	  t.payee_acct_province  ,
	  t.payee_acct_city      ,
	  t.payee_acct_addr      ,
	  t.payee_email          ,
	  t.payee_mobile         ,
	  t.status               ,
	  t.rtn_pay_code         ,
	  t.rtn_bank_code        ,
	  t.rtn_bank_msg         ,
	  t.begin_time           ,
	  t.end_time             ,
	  t.req_bank_sn          ,
	  t.rtn_bank_sn          ,
	  t.batch_code           ,
	  t.remit_method         ,
	  t.use_desc             ,
	  t.summary              ,
	  t.msg_flag             ,
	  t.old_payout_no        ,
	  t.remark               ,
	  t.create_operator      ,
	  t.create_date          ,
	  t.update_date          ,
	  t.payer_branch_name    ,
	  t.payer_acct_province_n,
	  t.payer_acct_city_n    ,
	  t.payee_branch_name    ,
	  t.payee_acct_province_n,
	  t.payee_acct_city_n    ,
	  t.expect_pay_date      ,
	  t.payout_bus_type      ,
	  t.trade_out_no         ,
	  t.system_source        ,
	  t.delete_flag          ,
	  t.old_status           ,
	  t.offline_remark       ,
	  t.offline_flag         ,
	  t.should_amt           ,
	  t.deduction_amt        ,
	  t.deduction_oper       ,
	  t.deduction_date       ,
	  t.out_desc_fir         ,
	  t.out_desc_sec         ,
	  t.deduction_remark	 ,
	  t.offline_oper         ,
	  t.offline_date         ,
	  t.old_trade_date      ,
	  t.total_batch_code     
	</sql>
	
	<!-- 查询付款信息 -->
	<select id="queryPayoutInfo" resultMap="payoutInfoMap">
		select * from dm_acq.PAYOUT_INFO t
		where t.req_bank_sn=#{reqBankSn,jdbcType=VARCHAR}
		<if test="batchCode != null and batchCode != '' ">
			and t.batch_code=#{batchCode,jdbcType=VARCHAR}
		</if>
		and t.delete_flag=0
	</select>
	
	<!-- 查询已生成批次的笔数 -->
	<select id="hasBuildBatch" resultType="java.lang.Long">
		select count(1) from dm_acq.PAYOUT_INFO t
		where t.bank_code is not null
		and t.payout_no in 
		<foreach collection="payoutNos"  open="(" close=")" item="payoutNo" separator=","> 
			#{payoutNo, jdbcType=VARCHAR}
		</foreach>
		and t.delete_flag=0
	</select>
	
	<!-- 检查账户 -->
	<select id="checkAcctType"  resultType="java.lang.Long">
		select count(1) from dm_acq.PAYOUT_INFO t
		where t.payout_no in 
		<foreach collection="payoutNos"  open="(" close=")" item="payoutNo" separator=","> 
			#{payoutNo, jdbcType=VARCHAR}
		</foreach>
		and t.payee_acct_type=#{payeeAcctType, jdbcType=VARCHAR}
		and t.delete_flag=0
	</select>
	
	<!-- 查询付款信息 -->
	<select id="queryPayoutByBatchCode"  resultMap="payoutInfoMap">
		select * from dm_acq.PAYOUT_INFO t
		where t.batch_code=#{batchCode,jdbcType=VARCHAR}
		and t.delete_flag=0
	</select>
	<!-- 查询付款明细信息 -->
	<select id="queryPayoutDtlByBatchCode"  resultMap="payoutQueryRltMap">
		select t.*,t1.fir_check_operator,t1.fir_check_date,t1.fir_check_desc,t1.sec_check_operator,t1.sec_check_date,t1.sec_check_desc,t1.pay_batch_date from dm_acq.PAYOUT_INFO t,dm_acq.batch_info t1
		where t.batch_code=t1.batch_code and t.batch_code=#{batchCode,jdbcType=VARCHAR}
		and t.delete_flag=0
	</select>
	<!-- 根据路由规则支付收款银行过滤付款信息条数 -->
	<select id="filterByBankGroup" resultType="java.lang.Long">
		select count(1) from dm_acq.PAYOUT_INFO t, batch_rule r
		where t.delete_flag=0 and t.payout_no in 
		<foreach collection="payoutNoList"  open="(" close=")" item="pNo" separator=",">#{pNo, jdbcType=VARCHAR}</foreach>
		and instr(r.bank_group,t.payee_org_code)>0
		and r.rule_code=#{ruleCode,jdbcType=VARCHAR}
		
	</select>
	

	<!-- 过滤顺手付的流水   2014-11-28 sfhq270-->
	<!-- 顺手付对公的可以走工行通道，也可以走结算中心，顺手付对私的只能走结算中心  modify by sfhq272 20150610-->
	<select id="filterTradeOut" resultType="java.lang.Long">
		select count(1) from dm_acq.PAYOUT_INFO t
		where  t.payout_no in 
		<foreach collection="payoutNoList"  open="(" close=")" item="pNo" separator=",">#{pNo, jdbcType=VARCHAR}</foreach>
		and t.delete_flag=0 and (t.system_source!='SYPAY' or (t.system_source='SYPAY' and t.payee_acct_type='COMPANY'))
	</select>
	
	<!-- 查询付款信息 -->
	<select id="queryMaxTime"  resultMap="payoutInfoMap">
		select * from dm_acq.PAYOUT_INFO where create_date = (
			select max( create_date) from dm_acq.PAYOUT_INFO 
			where system_source=#{systemSource,jdbcType=VARCHAR} 
			and (trade_out_no=#{tradeOutNo,jdbcType=VARCHAR} 
				<if test="tradeOutBussinessNo != null and tradeOutBussinessNo != '' ">
					or trade_out_bussiness_no=#{tradeOutBussinessNo,jdbcType=VARCHAR}
				</if>
			)
			and delete_flag=0
		)
		
	</select>
	<!-- 按付款编号查询(外部系统使用,不要随便改动) -->
	<select id="queryPayoutByPayoutNo"  resultMap="payoutRltMap">
		select b.batch_code,
       b.pay_batch_date,
       decode(t.status,
              'FIR_CHECK_REFUSE',
              b.fir_check_desc,
              decode(t.status, 'FIR_CHECK_PASS', b.fir_check_desc,
                      decode(t.status,'SEC_CHECK_REFUSE',b.sec_check_desc,
                               decode(t.status,'SEC_CHECK_PASS',b.sec_check_desc,
                                      nvl(t.rtn_bank_msg,'')   
                               )
                      )
               )
        ) REMARKS,t.*
		  from dm_acq.PAYOUT_INFO t, dm_acq.batch_info b
		 where t.payout_no = #{payoutNo,jdbcType=VARCHAR}
		   and t.delete_flag=0
		   and t.batch_code = b.batch_code(+)
	</select>
	
	<!-- 查询付款信息(外部系统使用,不要随便改动) -->
	<select id="queryPayoutByExt" resultMap="PayoutRltExt">
		select t.*, b.batch_code, b.pay_batch_date, decode(t.status, 'FIR_CHECK_REFUSE', b.fir_check_desc,
			decode(t.status, 'FIR_CHECK_PASS', b.fir_check_desc,
				decode(t.status, 'SEC_CHECK_REFUSE', b.sec_check_desc, 
					decode(t.status, 'SEC_CHECK_PASS', b.sec_check_desc, nvl(t.rtn_bank_msg, '')
				)
			)
		)) remarks
		from dm_acq.payout_info t left join dm_acq.batch_info b on t.batch_code = b.batch_code
		where t.delete_flag=0
		<if test="payoutNo != null and payoutNo != ''"> and t.payout_no = #{payoutNo, jdbcType=VARCHAR}</if>
		<if test="src != null"> and t.system_source = #{src, jdbcType=VARCHAR}</if>
		<if test="tradeNo != null and tradeNo != ''"> and t.trade_out_no = #{tradeNo, jdbcType=VARCHAR}</if>
		<if test="businessNo != null and businessNo != ''"> and t.trade_out_bussiness_no = #{businessNo, jdbcType=VARCHAR}</if>
	</select>
	
	
	<!-- 按付款编号查询 -->
	<select id="findByPayoutNo"  resultMap="payoutInfoMap">
		select t.*
		  from dm_acq.PAYOUT_INFO t
		 where t.payout_no = #{payoutNo,jdbcType=VARCHAR}
		   and t.delete_flag=0
		   <if test="freezeFlag != null">and t.freeze_flag=#{freezeFlag,jdbcType=VARCHAR}</if>
	</select>
	
	<!-- 计算已删除的付款信息 -->
	<select id="countDelPayout" resultType="java.lang.Long">
		select count(1) from dm_acq.PAYOUT_INFO t where t.delete_flag != '0' and t.payout_no in 
		<foreach collection="payoutNos" open="(" close=")" item="pNo" separator=",">#{pNo, jdbcType=VARCHAR}</foreach>
	</select>
	
	
	
	<!-- 根据ID查询-->
	<select id="queryById" resultMap="payoutInfoMap">
		select t.* from dm_acq.PAYOUT_INFO t
		where t.id=#{id, jdbcType=NUMERIC}
		and t.delete_flag=0
	</select>
	
	<!-- 修改付款信息 -->
	<update id="updatePayoutById">
		update dm_acq.PAYOUT_INFO t 
		<set>
			<if test="param.payoutNo != null and param.payoutNo != ''">
				t.payout_no=#{param.payoutNo, jdbcType=VARCHAR},
			</if>
			<if test="param.bankCode != null and param.bankCode != ''">
				t.bank_code=#{param.bankCode, jdbcType=VARCHAR},
			</if>
			<if test="param.channelCode != null and param.channelCode != ''">
				t.channel_code=#{param.channelCode, jdbcType=VARCHAR},
			</if>
			<if test="param.orderType != null and param.orderType != ''">
				t.order_type=#{param.orderType, jdbcType=VARCHAR},
			</if>
			<if test="param.tradeNo != null and param.tradeNo != ''">
				t.trade_no=#{param.tradeNo, jdbcType=VARCHAR},
			</if>
			<if test="param.payNo != null and param.payNo != ''">
				t.pay_no=#{param.payNo, jdbcType=VARCHAR},
			</if>
			<if test="param.businessSn != null and param.businessSn != ''">
				t.business_sn=#{param.businessSn, jdbcType=VARCHAR},
			</if>
			<if test="param.fundWay != null and param.fundWay != ''">
				t.fund_way=#{param.fundWay, jdbcType=VARCHAR},
			</if>
			<if test="param.amt != null and param.amt != ''">
				t.amt=#{param.amt, jdbcType=VARCHAR},
			</if>
			<if test="param.ccy != null and param.ccy != ''">
				t.ccy=#{param.ccy, jdbcType=VARCHAR},
			</if>
			<if test="param.fee != null and param.fee != ''">
				t.fee=#{param.fee, jdbcType=VARCHAR},
			</if>
			<if test="param.payerMemberNo != null and param.payerMemberNo != ''">
				t.payer_member_no=#{param.payerMemberNo, jdbcType=VARCHAR},
			</if>
			<if test="param.payerOrgCode != null and param.payerOrgCode != ''">
				t.payer_org_code=#{param.payerOrgCode, jdbcType=VARCHAR},
			</if>
			<if test="param.payerBranchCode != null and param.payerBranchCode != ''">
				t.payer_branch_code=#{param.payerBranchCode, jdbcType=VARCHAR},
			</if>
			<if test="param.payerAcctNo != null and param.payerAcctNo != ''">
				t.payer_acct_no=#{param.payerAcctNo, jdbcType=VARCHAR},
			</if>
			<if test="param.payerAcctName != null and param.payerAcctName != ''">
				t.payer_acct_name=#{param.payerAcctName, jdbcType=VARCHAR},
			</if>
			<if test="param.payerAcctType != null and param.payerAcctType != ''">
				t.payer_acct_type=#{param.payerAcctType, jdbcType=VARCHAR},
			</if>
			<if test="param.payerAcctProvince != null and param.payerAcctProvince != ''">
				t.payer_acct_province=#{param.payerAcctProvince, jdbcType=VARCHAR},
			</if>
			<if test="param.payerAcctCity != null and param.payerAcctCity != ''">
				t.payer_acct_city=#{param.payerAcctCity, jdbcType=VARCHAR},
			</if>
			<if test="param.payerAcctAddr != null and param.payerAcctAddr != ''">
				t.payer_acct_addr=#{param.payerAcctAddr, jdbcType=VARCHAR},
			</if>
			<if test="param.payerEmail != null and param.payerEmail != ''">
				t.payer_email=#{param.payerEmail, jdbcType=VARCHAR},
			</if>
			<if test="param.payerMobile != null and param.payerMobile != ''">
				t.payer_mobile=#{param.payerMobile, jdbcType=VARCHAR},
			</if>
			<if test="param.payeeMemberNo != null and param.payeeMemberNo != ''">
				t.payee_member_no=#{param.payeeMemberNo, jdbcType=VARCHAR},
			</if>
			<if test="param.payeeOrgCode != null and param.payeeOrgCode != ''">
				t.payee_org_code=#{param.payeeOrgCode, jdbcType=VARCHAR},
			</if>
			<if test="param.payeeBranchCode != null and param.payeeBranchCode != ''">
				t.payee_branch_code=#{param.payeeBranchCode, jdbcType=VARCHAR},
			</if>
			<if test="param.payeeAcctNo != null and param.payeeAcctNo != ''">
				t.payee_acct_no=#{param.payeeAcctNo, jdbcType=VARCHAR},
			</if>
			<if test="param.payeeAcctName != null and param.payeeAcctName != ''">
				t.payee_acct_name=#{param.payeeAcctName, jdbcType=VARCHAR},
			</if>
			<if test="param.payeeAcctType != null and param.payeeAcctType != ''">
				t.payee_acct_type=#{param.payeeAcctType, jdbcType=VARCHAR},
			</if>
			<if test="param.payeeAcctProvince != null and param.payeeAcctProvince != ''">
				t.payee_acct_province=#{param.payeeAcctProvince, jdbcType=VARCHAR},
			</if>
			<if test="param.payeeAcctCity != null and param.payeeAcctCity != ''">
				t.payee_acct_city=#{param.payeeAcctCity, jdbcType=VARCHAR},
			</if>
			<if test="param.payeeAcctAddr != null and param.payeeAcctAddr != ''">
				t.payee_acct_addr=#{param.payeeAcctAddr, jdbcType=VARCHAR},
			</if>
			<if test="param.payeeEmail != null and param.payeeEmail != ''">
				t.payee_email=#{param.payeeEmail, jdbcType=VARCHAR},
			</if>
			<if test="param.payeeMobile != null and param.payeeMobile != ''">
				t.payee_mobile=#{param.payeeMobile, jdbcType=VARCHAR},
			</if>
			<if test="param.status != null and param.status != ''">
				t.status=#{param.status, jdbcType=VARCHAR},
			</if>
			<if test="param.batchCode != null and param.batchCode != ''"> -->
				t.batch_code=#{param.batchCode, jdbcType=VARCHAR},
			</if>
			<if test="param.remitMethod != null and param.remitMethod != ''">
				t.remit_method=#{param.remitMethod, jdbcType=VARCHAR},
			</if>
			<if test="param.useDesc != null and param.useDesc != ''">
				t.use_desc=#{param.useDesc, jdbcType=VARCHAR},
			</if>
			<if test="param.summary != null and param.summary != ''">
				t.summary=#{param.summary, jdbcType=VARCHAR},
			</if>
			<if test="param.msgFlag != null and param.msgFlag != ''">
				t.msg_flag=#{param.msgFlag, jdbcType=VARCHAR},
			</if>
			<if test="param.remark != null and param.remark != ''">
				t.remark=#{param.remark, jdbcType=VARCHAR},
			</if>
			<if test="param.payeeBranchName != null and param.payeeBranchName != ''">
				t.payee_branch_name=#{param.payeeBranchName, jdbcType=VARCHAR},
			</if>
			<if test="param.payeeAcctProvinceName != null and param.payeeAcctProvinceName != ''">
				t.payee_acct_province_n=#{param.payeeAcctProvinceName, jdbcType=VARCHAR},
			</if>
			<if test="param.payeeAcctCityName != null and param.payeeAcctCityName != ''">
				t.payee_acct_city_n=#{param.payeeAcctCityName, jdbcType=VARCHAR},
			</if>
			<if test="param.payerBranchName != null and param.payerBranchName != ''">
				t.payer_branch_name=#{param.payerBranchName, jdbcType=VARCHAR},
			</if>
			<if test="param.payerAcctProvinceName != null and param.payerAcctProvinceName != ''">
				t.payer_acct_province_n=#{param.payerAcctProvinceName, jdbcType=VARCHAR},
			</if>
			<if test="param.payerAcctCityName != null and param.payerAcctCityName != ''">
				t.payer_acct_city_n=#{param.payerAcctCityName, jdbcType=VARCHAR},
			</if>
			<if test="param.expectPayDate != null and param.expectPayDate != ''">
				t.expect_pay_date=#{param.expectPayDate, jdbcType=VARCHAR},
			</if>
			
			<if test="agent == 1 ">
				t.agent_flag=#{param.agentFlag, jdbcType=VARCHAR},
				t.agent_name=#{param.agentName, jdbcType=VARCHAR},
				t.agent_acct_no=#{param.agentAcctNo, jdbcType=VARCHAR},
			</if>
			<if test="agent == 0 ">
				t.agent_flag=#{param.agentFlag, jdbcType=VARCHAR},
				t.agent_name='',
				t.agent_acct_no='',
			</if>
			
			t.update_date=systimestamp
		</set>
		where t.id=#{param.id, jdbcType=NUMERIC}
		and t.status='INIT'
	</update>
	
	
	
	<!-- 根据ID软删除（批量）  -->
	<update id="softDeleteByIds" >
		update dm_acq.PAYOUT_INFO 
		<set>
			delete_flag=1,
			update_date=systimestamp
		</set>
		WHERE ID IN 
		<foreach collection="ids"  open="(" close=")" item="id" separator=","> 
			#{id, jdbcType=NUMERIC}
		</foreach>
		and status=#{oldStatus, jdbcType=VARCHAR}
	</update>
	
	<!-- 更新线下操作信息 -->
	<update id="updateOfflineInfo" >
		update dm_acq.PAYOUT_INFO t
		<set>
			t.status=#{status, jdbcType=VARCHAR},
			t.old_status=t.status,
			t.offline_flag=#{offlineFlag, jdbcType=VARCHAR},
			t.offline_remark=#{offlineRemark, jdbcType=VARCHAR},
			t.offline_oper=#{offlineOper, jdbcType=VARCHAR},
			t.offline_date=systimestamp,
			t.end_time=systimestamp,
			t.old_trade_date=t.end_time,
			t.remark='offline:rtn_bank_code='||nvl(t.rtn_bank_code,'')||',rtn_bank_msg='||nvl(t.rtn_bank_msg,'')||';'||t.remark,
			update_date=systimestamp
		</set>
		WHERE t.payout_no=#{payoutNo, jdbcType=VARCHAR}
		and t.offline_flag=#{oldOfflineFlag, jdbcType=VARCHAR}
		and t.delete_flag=0
		and t.status=#{oldStatus, jdbcType=VARCHAR}
	</update>
	
	<!-- 根据payoutNos查询-->
	<select id="queryByPayoutNos" resultMap="payoutInfoMap">
		select t.* from dm_acq.PAYOUT_INFO t
		WHERE t.payout_no IN 
		<foreach collection="payoutNos"  open="(" close=")" item="payoutNo" separator=","> 
			#{payoutNo, jdbcType=VARCHAR}
		</foreach>
		and t.delete_flag=0
	</select>
	
	<!-- 分页查询 -->
	<sql id="sqlOfflineQueryPayout">
		from dm_acq.PAYOUT_INFO t ,dm_acq.BATCH_INFO t1  
		where t.batch_code=t1.batch_code
		and t.delete_flag=0
		and t.offline_flag='N'
		<if test="param.beginTime != null"><![CDATA[ and t1.sec_check_date >= #{param.beginTime,jdbcType=DATE}]]></if>
		<if test="param.endTime != null "><![CDATA[ and t1.sec_check_date < #{param.endTime,jdbcType=DATE}+1]]></if>
		<if test="param.payerOrgCode != null and param.payerOrgCode != ''"> and t.payer_org_code=#{param.payerOrgCode}</if>
		<if test="param.payerAcctNo != null and param.payerAcctNo != ''"> and t.payer_acct_no=#{param.payerAcctNo}</if>
		<if test="param.amt != null"> and t.amt=#{param.amt, jdbcType=NUMERIC}</if>
		<if test="param.status != null"> and t.status=#{param.status}</if>
		<if test="param.payeeAcctNo != null and param.payeeAcctNo != ''"> and t.payee_acct_no=#{param.payeeAcctNo}</if>
		<if test="param.payeeAcctName != null and param.payeeAcctName != ''"> and instr(t.PAYEE_ACCT_NAME, #{param.payeeAcctName}) > 0</if>
		<if test="param.systemSource != null"> and t.system_source=#{param.systemSource}</if>
		<if test="param.summary != null and param.summary != ''"> and instr(t.summary,#{param.summary,jdbcType=VARCHAR})>0 </if>
		
	</sql>
	<select id="countOfflinePayoutPage" resultType="java.lang.Long">
		select count(1) <include refid="sqlOfflineQueryPayout"/>
	</select>
	<select id="queryOfflinePayoutPage"  resultMap="payoutQueryRltMap">
		select tt.* from (
			select rownum rn, t2.* from (
				select 
				t.AMT,
				t.BATCH_CODE,
				t.BEGIN_TIME,
				t.BUSINESS_SN,
				t.CCY,
				t.DEDUCTION_AMT,
				t.DEDUCTION_DATE,
				t.DEDUCTION_OPER,
				t.DEDUCTION_REMARK,
				t.END_TIME,
				t.FREEZE_FLAG,
				t.ID,
				t.MSG_FLAG,
				t.OFFLINE_DATE,
				t.OFFLINE_FLAG,
				t.OFFLINE_OPER,
				t.OFFLINE_REMARK,
				t.OLD_STATUS,
				t.OLD_TRADE_DATE,
				t.OUT_DESC_FIR,
				t.OUT_DESC_SEC,
				t.PAYEE_ACCT_CITY,
				t.PAYEE_ACCT_CITY_N,
				t.PAYEE_ACCT_NAME,
				t.PAYEE_ACCT_NO,
				t.PAYEE_ACCT_PROVINCE,
				t.PAYEE_ACCT_PROVINCE_N,
				t.PAYEE_ACCT_TYPE,
				t.PAYEE_BRANCH_NAME,
				t.PAYEE_MOBILE,
				t.PAYEE_ORG_CODE,
				t.PAYER_ACCT_NAME,
				t.PAYER_ACCT_NO,
				t.PAYER_BRANCH_CODE,
				t.PAYER_BRANCH_NAME,
				t.PAYER_ORG_CODE,
				t.PAYOUT_BUS_TYPE,
				t.PAYOUT_NO,
				t.REMIT_METHOD,
				t.REQ_BANK_SN,
				decode(t.RTN_BANK_CODE,null,t1.rtn_bank_code,t.RTN_BANK_CODE) as RTN_BANK_CODE ,
				decode(t.RTN_BANK_MSG,null,t1.RTN_BANK_MSG,t.RTN_BANK_MSG) as  RTN_BANK_MSG,
				t.SHOULD_AMT,
				t.STATUS,
				t.SUMMARY,
				t.SYSTEM_SOURCE,
				t.TRADE_OUT_BUSSINESS_NO,
				t.TRADE_OUT_NO,
				t.USE_DESC,
				t1.PAY_BATCH_DATE, 
				t1.FIR_CHECK_OPERATOR,
				t1.FIR_CHECK_DATE,
				t1.FIR_CHECK_DESC,
				t1.SEC_CHECK_OPERATOR,
				t1.SEC_CHECK_DATE,
				t1.SEC_CHECK_DESC
				<include refid="sqlOfflineQueryPayout"/>
				order by t.id desc
			) t2 where <![CDATA[ rownum <= #{end} ]]>
		) tt where <![CDATA[ tt.rn > #{start} ]]>
	</select>
	
	<!--抵扣操作业务-->
	<sql id="queryDeductionCondition">
	   from dm_acq.payout_info t where t.status='INIT' and t.delete_flag='0' and t.freeze_flag='N'	   
	  <if test="param.payeeAcctName!=null and param.payeeAcctName!=''" > and instr(t.payee_acct_name,#{param.payeeAcctName})>0</if>
	  <if test="param.payeeAcctNo!=null and param.payeeAcctNo!=''"> and t.payee_acct_no=#{param.payeeAcctNo}</if>
	  <if test="param.tradeOutNo!=null and param.tradeOutNo!=''"> and instr(t.trade_out_no, #{param.tradeOutNo})>0</if>
	  <if test="param.systemSource!=null and param.systemSource!=''"> and t.system_source=#{param.systemSource}</if>
	  <if test="param.beginTime != null"><![CDATA[ and t.begin_time >= #{param.beginTime,jdbcType=DATE}]]></if>
	  <if test="param.endTime != null "><![CDATA[ and t.begin_time < #{param.endTime,jdbcType=DATE}+1]]></if>
	  <if test="param.operBeginDate != null"><![CDATA[ and t.deduction_date >= #{param.operBeginDate,jdbcType=DATE}]]></if>
	  <if test="param.operEndDate != null "><![CDATA[ and t.deduction_date < #{param.operEndDate,jdbcType=DATE}+1]]></if>
	</sql>
	<!-- 统计符合条件抵扣付款明细总记录条数 -->
	<select id="countNeedDeduction" resultType="java.lang.Long">
	   select count(1) <include refid="queryDeductionCondition"/>	   
	</select>	
	<!--查询抵扣付款明细-->
	<select id="queryNeedDeduction" resultMap="payoutQueryRltMap">
	    select tt.* from
		 (
		  select rownum rn,t2.* from
		  (
		   select t.payee_acct_name,
	        t.trade_out_no,
	        t.payee_acct_no,
	        t.deduction_remark,
	        t.should_amt,
	        t.deduction_amt,
	        t.amt,
	        t.begin_time,
	        t.system_source,
	        t.payout_no,
	        t.deduction_oper,
	        t.deduction_date	       
	        <include refid="queryDeductionCondition"/>	       
	        order by t.id desc
	      )t2 where <![CDATA[ rownum <= #{end} ]]>
	     )tt where <![CDATA[ tt.rn > #{start} ]]>
	</select>
	
	
	
	<!--抵扣信息更新-->	
	<update id="updateDeductionInfo">
	   update dm_acq.payout_info t
	   <set>
	      <if test="status!=null">
	           t.status=#{status},
	           t.end_time=systimestamp,
			   t.offline_flag='Y',
			   t.offline_oper=#{deductionOper,jdbcType=VARCHAR},
			   t.offline_remark='人工抵扣操作后实付金额为0无需进行支付',
			   t.offline_date=systimestamp,
			   t.old_status=t.status,
			   t.remark='人工抵扣成功',
	      </if>
	      t.amt=#{amt,jdbcType=NUMERIC},
	      t.deduction_amt=#{deductionAmt,jdbcType=NUMERIC},
	      t.deduction_remark=#{desc,jdbcType=VARCHAR},
	      t.deduction_oper=#{deductionOper,jdbcType=VARCHAR},
	      t.deduction_date=systimestamp, 
	      t.update_date=systimestamp     
	   </set>
	   where t.payout_no=#{payoutNo,jdbcType=VARCHAR} and t.status='INIT' 
	   <if test="freezeFlag != null">
	   and t.freeze_flag=#{freezeFlag,jdbcType=VARCHAR}
	   </if>
	</update>
	<!-- 根据支付编号查询支付信息 -->
	<select id="queryPayoutInfoByPayNo" resultMap="payoutInfoMap">
		select * from dm_acq.PAYOUT_INFO t
		where t.payout_No=#{payoutNo,jdbcType=VARCHAR}	
	</select>
	<!-- 批量生成批次更新记录总批次号 -->
	<update id="updateTotalBatchCode">
	  update dm_acq.payout_info t
	  <set>
	     t.total_batch_code=#{totalBatchCode,jdbcType=VARCHAR}
	  </set>
	  where t.status='BATCH' and t.batch_code in
	  <foreach collection="subBatchCode"  open="(" close=")" item="batch_code" separator=","> 
			#{batch_code, jdbcType=VARCHAR}
	  </foreach>
	</update>
	
	<!-- 冻结/解冻业务 -->
	  <sql id="queryFreezeInfosCondition">
	   from dm_acq.payout_info t where t.delete_flag='0' and t.STATUS in ('INIT','BATCH','FIR_CHECK_PASS')
	  <if test="param.payeeAcctName!=null and param.payeeAcctName!=''" > and instr(t.payee_acct_name,#{param.payeeAcctName})>0</if>
	  <if test="param.payeeAcctNo!=null and param.payeeAcctNo!=''"> and t.payee_acct_no=#{param.payeeAcctNo}</if>
	  <if test="param.payeeOrgCode!=null"> and t.payee_org_code=#{param.payeeOrgCode}</if>
	  <if test="param.systemSource!=null"> and t.system_source=#{param.systemSource}</if>
	  <if test="param.inputDay != null"><![CDATA[ and trunc(t.begin_time)=trunc(#{param.inputDay,jdbcType=DATE})]]></if>
	  <if test="param.state!=null and param.state!=''"> and t.freeze_flag=#{param.state}</if>
	  <if test="param.minAmt!=null "><![CDATA[ and t.amt>=#{param.minAmt,jdbcType=NUMERIC}]]></if>
	  <if test="param.maxAmt!=null"><![CDATA[ and t.amt<=#{param.maxAmt,jdbcType=NUMERIC}]]></if>
	  <if test="param.tradeOutNo != null and param.tradeOutNo != ''">
	  	and instr(t.trade_out_no,#{param.tradeOutNo,jdbcType=VARCHAR})=1
	  </if>
	  <if test="param.freezeStartDate != null "><![CDATA[ and trunc(t.offline_date) >= trunc(#{param.freezeStartDate,jdbcType=DATE})]]></if>
	  <if test="param.freezeEndDate != null "><![CDATA[ and trunc(t.offline_date) < trunc(#{param.freezeEndDate,jdbcType=DATE}) +1]]></if>
	  <if test="param.freezeEndDate != null or param.freezeEndDate != null">
	  	and t.offline_flag='N' and t.freeze_flag='Y'
	  </if>
	</sql>	
	<!-- 统计符合冻结条件付款明细总记录条数 -->
	<select id="countFreezeInfos" resultType="java.lang.Long">
	   select count(1) <include refid="queryFreezeInfosCondition"/>	   
	</select>
	
	<!--查询冻结操作付款明细-->
	<select id="queryFreezeInfos" resultMap="payoutQueryRltMap">
	    select tt.* from
		 (
		  select rownum rn,t2.* from
		  (
		   select t.payee_acct_name,
	        t.trade_out_no,
	        t.payee_acct_no,
	        t.deduction_remark,
	        t.should_amt,
	        t.deduction_amt,
	        t.amt,
	        t.begin_time,
	        t.system_source,
	        t.payout_no,
	        t.payee_org_code,
	        t.payee_acct_type,
	        t.payee_branch_name,	       
			t.payee_acct_province_n,
			t.payee_acct_city_n,
			t.remit_method,
			t.use_desc,
			t.summary,
			t.offline_date,
			t.ccy,
			t.payout_bus_type,
			t.freeze_flag	        
	        <include refid="queryFreezeInfosCondition"/>	       
	        order by t.id desc
	      )t2 where <![CDATA[ rownum <= #{end} ]]>
	     )tt where <![CDATA[ tt.rn > #{start} ]]>
	</select>
				
	<!-- 查询付款信息(冻结使用) -->
	<select id="findByStatus"  resultMap="payoutInfoMap">
		select * from dm_acq.PAYOUT_INFO 
		<where>
			payout_no in 
	  		<foreach collection="payoutNos"  open="(" close=")" item="payoutNo" separator=",">#{payoutNo, jdbcType=VARCHAR}</foreach>
			<if test="freezeFlag != null">and freeze_flag=#{freezeFlag,jdbcType=VARCHAR}</if> 
			<if test="status != null and status.size() > 0">
			and status in 
			<foreach collection="statusList"  open="(" close=")" item="status" separator=",">#{status, jdbcType=VARCHAR}</foreach>
			</if>
		</where>
	</select>
		
	<!-- 修改冻结/解冻信息 -->		
	<update id="updateFreeze">
	  update dm_acq.payout_info t
	  <set>
	  	<if test='status != null'>t.status= #{status, jdbcType=VARCHAR},</if>
	     t.total_batch_code=null,
	     t.batch_code=null,
	     t.bank_code=null,
	     t.req_bank_sn=null,
	     t.payer_org_code=null,	
		 t.payer_branch_code=null,	
		 t.payer_acct_no=null,	
		 t.payer_acct_name=null,	
		 t.payer_acct_type=null,	
		 t.payer_acct_province=null,	
		 t.payer_acct_city=null,	
		 t.payer_acct_addr=null,	
		 t.payer_email=null,	
		 t.payer_mobile=null,	
		 t.payer_branch_name=null,	
    	 t.payer_acct_province_n=null,	
     	 t.payer_acct_city_n=null,	
	     t.freeze_flag=#{freezeFlag, jdbcType=VARCHAR}
	  </set>
	  where t.payout_no in 
	  <foreach collection="payoutNos"  open="(" close=")" item="payoutNo" separator=",">#{payoutNo, jdbcType=VARCHAR}</foreach>
	  and t.freeze_flag=#{oldFreezeFlag, jdbcType=VARCHAR}
	  and t.status in ('INIT','BATCH','FIR_CHECK_PASS')
	</update>
	
	<!-- 查询重复的付款请求START sfhq270 2015-01-15 -->
	<select id="queryDuplicateTransfer"  resultType="java.lang.String">
		select  tt.trade_out_no
		  from dm_acq.Payout_Info tt
		 where tt.trade_out_no is not null
		   and tt.status in('INIT', 'FIR_CHECK_PASS', 'SEC_CHECK_PASS', 'UNKOWN', 'RECEIVED','SUCCESS')
		 group by tt.trade_out_no
		having count(*) > 1
	</select>
	<!-- 查询重复的付款请求END sfhq270 2015-01-15 -->
	
	<!-- 将重复的付款请求更新为失败START sfhq270 2015-01-16 -->
	<update id="updatesDuplicatePayoutStatus">
		update dm_acq.PAYOUT_INFO t
		<set>
			t.old_status='INIT',
			t.status=#{payoutInfo.status,jdbcType=VARCHAR},
			t.update_date=systimestamp,
			t.offline_flag='Y',
			t.rtn_bank_msg=#{payoutInfo.rtnBankMsg,jdbcType=VARCHAR}
		</set>		
		where t.trade_out_no=#{payoutInfo.tradeOutNo,jdbcType=VARCHAR}
		and t.payout_no=#{payoutInfo.payoutNo,jdbcType=VARCHAR}
		and t.status='INIT'
		and t.freeze_flag='N'
	</update>
	<!-- 将重复的付款请求更新为失败END sfhq270 2015-01-16 -->
		
	<!-- 查询重复的付款请求信息START sfhq270 2015-01-16 -->
	<select id="queryPayoutInfoByTradeOutNo"  resultMap="payoutInfoMap">
		select  * from dm_acq.PAYOUT_INFO t 
		where   t.trade_out_no=#{tradeOutNo,jdbcType=VARCHAR} and t.status='INIT'
	</select>
	<!-- 查询重复的付款请求信息END sfhq270 2015-01-16-->
	
	<!-- 根据付款请求流水号 查询付款信息START sfhq270 2015-01-21-->
	<select id="queryPayoutInfoByReqBankSn"  resultMap="payoutInfoMap">
		select  * from dm_acq.PAYOUT_INFO t 
		where t.req_bank_sn=#{reqBankSn,jdbcType=VARCHAR} 
	</select>
	<!-- 根据付款请求流水号 查询付款信息END sfhq270 2015-01-21-->
	
	
	<!-- 更新 付款状态    sfhq 270 2015-01-21 start-->
	<update id="updatePayoutStatusByReqBankSn">
		update dm_acq.PAYOUT_INFO t
		<set>
			t.STATUS=#{payoutInfo.status,jdbcType=VARCHAR},
			t.OLD_STATUS=#{payoutInfo.oldStatus,jdbcType=VARCHAR},
			t.UPDATE_DATE=systimestamp,
			t.end_time=systimestamp,
			t.REMARK=#{payoutInfo.remark,jdbcType=VARCHAR}
		</set>		
		where t.REQ_BANK_SN=#{payoutInfo.reqBankSn,jdbcType=VARCHAR}
	</update>
	<!-- 更新付款状态    sfhq 270 2015-01-21 end-->
	
	
	<!-- 更新 付款状态    sfhq 272 2015-04-28 start-->
	<update id="updatePayoutForFreeze">
		update dm_acq.PAYOUT_INFO t
		<set>
			t.STATUS='SEC_CHECK_REFUSE',
			t.OLD_STATUS='INIT',
			t.UPDATE_DATE=systimestamp
		</set>		
		where t.payout_no in  
		<foreach collection="payoutNos"  open="(" close=")" item="payoutNo" separator=",">#{payoutNo, jdbcType=VARCHAR}</foreach>
	</update>
	<!-- 更新付款状态    sfhq 272 2015-04-28 end-->
		<!-- 根据路由规则金额上下限过滤付款信息条数 -->
	<select id="filterByAmtRange" resultType="java.lang.Long">
		select count(1) from dm_acq.PAYOUT_INFO t, dm_acq.batch_rule r
		where t.delete_flag=0 and t.payout_no in 
		<foreach collection="payoutNoList"  open="(" close=")" item="pNo" separator=",">#{pNo, jdbcType=VARCHAR}</foreach>
		and r.rule_code=#{ruleCode,jdbcType=VARCHAR}
		<![CDATA[
			and (r.min_amt is null or t.amt > r.min_amt) 
 			and (r.max_amt is null or t.amt <= r.max_amt)
		]]>
	</select>
<update id="updateReceivedByReqBankSn">
		update dm_acq.PAYOUT_INFO t
		<set>
			t.STATUS=#{payoutInfo.status,jdbcType=VARCHAR},
			t.UPDATE_DATE = SYSTIMESTAMP
			<if test="payoutInfo.status.name()=='FAILURE'">
				<!-- ,t.OLD_STATUS = #{payoutInfo.oldStatus,jdbcType=VARCHAR}, -->
				,t.END_TIME=SYSTIMESTAMP,
				t.RTN_BANK_CODE = #{payoutInfo.rtnBankCode,jdbcType=VARCHAR},
				t.RTN_BANK_MSG = #{payoutInfo.rtnBankMsg,jdbcType=VARCHAR}
			</if>
			<if test="payoutInfo.rtnBankSn != null and payoutInfo.rtnBankSn !=''">
				,t.RTN_BANK_SN = #{payoutInfo.rtnBankSn,jdbcType=VARCHAR}
			</if>
		</set>		
		where t.REQ_BANK_SN=#{payoutInfo.reqBankSn,jdbcType=VARCHAR}
	</update>
	
	<select id="findBankRtn" resultMap="payoutInfoMap">
		select
		    decode(t.rtn_bank_code,null,b.rtn_bank_code,t.rtn_bank_code) rtn_bank_code,
		    decode(t.rtn_bank_msg,null,b.rtn_bank_msg,t.rtn_bank_msg) rtn_bank_msg
		from dm_acq.payout_info t, dm_acq.batch_info b 
		 where t.batch_code = b.batch_code(+)  
		       and T.PAYOUT_NO = #{payoutNo, jdbcType=VARCHAR}
	</select>
	
	<update id="updateBankRtnMsgById">
		update dm_acq.payout_info t
		set t.rtn_bank_msg=#{rtnBankMsg,jdbcType=VARCHAR}, t.update_date=systimestamp
		where t.id=#{id,jdbcType=NUMERIC}
	</update>
</mapper>