<?xml version="1.0" encoding="UTF-8" ?>
<!DOCTYPE mapper PUBLIC "-//mybatis.org//DTD Mapper 3.0//EN" "http://mybatis.org/dtd/mybatis-3-mapper.dtd" >
<mapper namespace="com.sfpay.acquirer.dao.IPayoutExchangeDao">
	<resultMap id="exchangeMap" type="com.sfpay.acquirer.domain.PayoutExchange">
		<id column="ID" property="id" jdbcType="NUMERIC"/>
		<result column="EXCHANGE_NO" property="exchangeNo" jdbcType="VARCHAR"/>
		<result column="PAYOUT_NO" property="payoutNo" jdbcType="VARCHAR"/>	
		<result column="EXCHANGE_TYPE" property="exchangeType" jdbcType="VARCHAR"/>	
		<result column="OUT_TRADE_NO" property="outTradeNo" jdbcType="VARCHAR"/>	
		<result column="AMT" property="amt" jdbcType="NUMERIC"/>	
		<result column="CCY" property="ccy" jdbcType="VARCHAR"/>	
		<result column="BEGIN_TIME" property="beginTime" jdbcType="DATE"/>	
		<result column="END_TIME" property="endTime" jdbcType="DATE"/>	
		<result column="STATUS" property="status" jdbcType="VARCHAR"/>	
		<result column="RTN_CODE" property="rtnCode" jdbcType="VARCHAR"/>	
		<result column="RTN_MSG" property="rtnMsg" jdbcType="VARCHAR"/>	
		<result column="APPEND_BUS_TYPE" property="appendBusType" jdbcType="VARCHAR"/>	
		<result column="OLD_EXCHANGE_NO" property="oldExchangeNo" jdbcType="VARCHAR"/>
		<result column="REV_EXCHANGE_NO" property="revExchangeNo" jdbcType="VARCHAR"/>
		<result column="REMARK" property="remark" />
		<result column="CREATE_DATE" property="createDate" />
		<result column="UPDATE_DATE" property="updateDate" />
	</resultMap>
	
	<!-- 添加 -->
	<insert id="saveExchange" parameterType="com.sfpay.acquirer.domain.PayoutExchange">
		<selectKey keyProperty="exchangeNo" resultType="string" order="BEFORE">  
            select to_char(sysdate, 'yyMMdd') || lpad(mod(dm_acq.SEQ_PAYOUT_EXCHANGE_NO.nextval,10000000000),10,'0') from dual
   		</selectKey>
		insert into  dm_acq.PAYOUT_EXCHANGE 
		(
		   ID,EXCHANGE_NO , PAYOUT_NO , CCY ,
		   AMT ,EXCHANGE_TYPE  , BEGIN_TIME ,
		   STATUS  ,REMARK, CREATE_DATE ,REV_EXCHANGE_NO
		)
		values
		(
			dm_acq.SEQ_PAYOUT_EXCHANGE.Nextval,#{exchangeNo,jdbcType=VARCHAR},#{payoutNo,jdbcType=VARCHAR},#{ccy,jdbcType=VARCHAR}
			,#{amt,jdbcType=NUMERIC},#{exchangeType,jdbcType=VARCHAR},systimestamp
			,#{status,jdbcType=VARCHAR},#{remark,jdbcType=VARCHAR},systimestamp,#{revExchangeNo,jdbcType=VARCHAR}
		)
	</insert>
	
	<sql id="selFrag">
		select 
			ID,
			PAYOUT_NO,
			EXCHANGE_NO,
			EXCHANGE_TYPE,
			OUT_TRADE_NO,
			AMT,
			CCY,
			BEGIN_TIME,
			END_TIME,
			STATUS,
			RTN_CODE,
			RTN_MSG,
			APPEND_BUS_TYPE,
			OLD_EXCHANGE_NO,
			REMARK,
			CREATE_DATE,
			UPDATE_DATE
		from dm_acq.PAYOUT_EXCHANGE 
	</sql>
	
	<!-- 查询交互信息 -->
	<select id="selectExchange" resultMap="exchangeMap">
		<include refid="selFrag"/>
		where PAYOUT_NO=#{payoutNo,jdbcType=VARCHAR}
		and EXCHANGE_TYPE=#{exchangeType,jdbcType=VARCHAR}
		<if test="revExchangeNo != null and revExchangeNo != ''">
		and REV_EXCHANGE_NO=#{revExchangeNo,jdbcType=VARCHAR}
		</if>
	</select>
	
	
	<!-- 修改订单返回信息 -->
	<update id="updateOrderResp">
		update dm_acq.PAYOUT_EXCHANGE
		<set>
			<if test="outTradeNo != null and outTradeNo != ''">OUT_TRADE_NO=#{outTradeNo,jdbcType=VARCHAR},</if>
			<if test="rtnCode != null and rtnCode != ''">RTN_CODE=#{rtnCode,jdbcType=VARCHAR},</if>
			<if test="rtnMsg != null and rtnMsg != ''">RTN_MSG=#{rtnMsg,jdbcType=VARCHAR},</if>
			<if test="status != null and status != ''">STATUS=#{status,jdbcType=VARCHAR},</if>
			END_TIME=systimestamp,
			UPDATE_DATE=systimestamp
		</set>		
		where EXCHANGE_NO=#{exchangeNo,jdbcType=VARCHAR}
		and STATUS='TRADING'
	</update>
	
	
	<!-- 根据付款编号查询交互信息(如交互类型不为空，则查询所属交互类类型的交互信息) -->
	<select id="queryExchange" resultMap="exchangeMap">
		<include refid="selFrag"/>
		where PAYOUT_NO=#{info.payoutNo,jdbcType=VARCHAR}
		<if test = 'exchangeTypes != null'>
		and EXCHANGE_TYPE IN 
			<foreach collection="exchangeTypes"  open="(" close=")" item="exchangeType" separator=","> 
				#{exchangeType,jdbcType=VARCHAR}
			</foreach>
		</if>
	</select>
</mapper>