<?xml version="1.0" encoding="UTF-8" ?>
<!DOCTYPE mapper PUBLIC "-//mybatis.org//DTD Mapper 3.0//EN" "http://mybatis.org/dtd/mybatis-3-mapper.dtd" >
<mapper namespace="com.sfpay.acquirer.dao.IPayoutReconDao">

	<!-- 对账记录实体 -->	
	<resultMap id="ReconPayoutRltMap" type="com.sfpay.acquirer.domain.ReconPayoutRlt">
		<result column="ID" property="id" jdbcType="NUMERIC"/>
		<result column="REMARK" property="remark" />	
		<result column="CREATE_DATE" property="createDate" jdbcType="DATE"/>	
		<result column="UPDATE_DATE" property="updateDate" jdbcType="DATE"/>
		
		<result column="PAYOUT_NO" property="payoutNo" />
		<result column="EXCHANGE_NO" property="exchangeNo" />
		<result column="EXCHANGE_TYPE" property="exchangeType"/>
		<result column="OUT_TRADE_NO" property="outTrade_no"/>
		<result column="AMT" property="amt" jdbcType="NUMERIC"/>
		<result column="CCY" property="ccy"/>

		<result column="TRADE_DATE" property="tradeDate" jdbcType="DATE"/>
		<result column="STATUS" property="status"/>
		<result column="OUT_EXCHANGE_NO" property="outExchangeNo"/>
		<result column="OUT_AMT" property="outAmt" jdbcType="NUMERIC"/>
		<result column="OUT_CCY" property="outCcy"/>
		<result column="OUT_TRADE_DATE" property="outTradeDate" jdbcType="DATE"/>
		<result column="OUT_STATUS" property="outStatus"/>
		<result column="RECON_STATUS" property="reconStatus"/>
		<result column="RECON_DATE" property="reconDate" jdbcType="DATE"/>
		<result column="CHANGE_RECON_FLAG" property="changeReconFlag"/>
		<result column="CHANGE_RECON_DATE" property="changeReconDate" jdbcType="DATE"/>
		<result column="CHANGE_RECON_TYPE" property="changeReconType"/>
		<result column="CHANGE_RECON_REMARK" property="changeReconRemark"/>
		<result column="CLEAR_FLAG" property="clearFlag"/>
		<result column="CLEAR_DATE" property="clearDate" jdbcType="DATE"/>
		<result column="CLEAR_REMARK" property="clearRemark"/>
	</resultMap>
	
	<!-- 外部数据的记录实体 -->	
	<resultMap id="ReconOut" type="com.sfpay.acquirer.domain.ReconPayoutOuterTemp">
		<result column="ID" property="id" jdbcType="NUMERIC"/>
		<result column="OUT_EXCHANGE_NO" property="outExchangeNo" />
		<result column="OUT_AMT" property="outAmt" jdbcType="NUMERIC"/>
		<result column="OUT_CCY" property="outCcy"/>
		<result column="OUT_TRADE_DATE" property="outTradeDate" jdbcType="TIMESTAMP"/>
		<result column="OUT_STATUS" property="outStatus"/>
		<result column="CREATE_DATE" property="createDate" jdbcType="TIMESTAMP"/>
	</resultMap>
	
	<!-- 对账: 批量插入外部记录对账临时表 -->
	<insert id="addReconOutList" parameterType="java.util.List">
		insert all
		<foreach collection="list" item="reconOutTmp">
		into dm_acq.RECON_PAYOUT_OUTER_TEMP(
			ID,OUT_EXCHANGE_NO,OUT_AMT,OUT_CCY,OUT_TRADE_DATE,OUT_STATUS,CREATE_DATE
		) values (
			dm_acq.get_id_by_seqname('SEQ_RECON_PAYOUT_OUTER_TEMP'), #{reconOutTmp.outExchangeNo,jdbcType=VARCHAR}, 
			 #{reconOutTmp.outAmt,jdbcType=NUMERIC}, #{reconOutTmp.outCcy,jdbcType=VARCHAR}, 
			#{reconOutTmp.outTradeDate,jdbcType=TIMESTAMP}
			,#{reconOutTmp.outStatus,jdbcType=VARCHAR}, systimestamp
		)
		</foreach>
		select 1 from dual
	</insert>
	
	<!-- 对账: 存储过程处理对账 -->
	<select id="saveRecon" statementType="CALLABLE">
		<![CDATA[{call dm_acq.PKG_PAYOUT_RECON.pro_payout_recon( #{tradeDate,mode=IN,jdbcType=TIMESTAMP})}]]>
	</select>
	
	<!-- 统计调账记录 -->
	<select id="totalReconPayoutRltCount" resultType="java.lang.Long">
	 SELECT COUNT(1) FROM dm_acq.RECON_PAYOUT_RLT T 
      WHERE (T.CHANGE_RECON_FLAG='Y' OR T.CLEAR_FLAG='CLEARED') 
            AND 
            <![CDATA[
            (
              (
	              T.TRADE_DATE>=trunc(#{tradeDate,jdbcType=DATE}) 
	              and T.TRADE_DATE<trunc(#{tradeDate,jdbcType=DATE}+1) 
              )
			or  
				(
					T.OUT_TRADE_DATE>=trunc(#{tradeDate,jdbcType=DATE}) 	
					and T.OUT_TRADE_DATE<trunc(#{tradeDate,jdbcType=DATE}+1) 	
				)
			)
		]]>
	</select>

	<!-- 统计对账结果 -->
	<select id="totalReconPayoutRlt" resultType="java.lang.String">
	 SELECT 
	 '总笔数:'||COUNT(1)||
     ',成功笔数:'||NVL(SUM(CASE WHEN T.RECON_STATUS='SUCCESS' THEN 1 ELSE 0 END),0)  ||
     ',失败笔数:'||NVL(SUM(CASE WHEN T.RECON_STATUS='FAILURE' THEN 1 ELSE 0 END),0)  ||
     ',丢单笔数:'||NVL(SUM(CASE WHEN T.RECON_STATUS='LOSE' THEN 1 ELSE 0 END),0)	  ||
     ',掉单笔数:'||NVL(SUM(CASE WHEN T.RECON_STATUS='LACK' THEN 1 ELSE 0 END),0)     ||
     ',时间差异笔数:'||NVL(SUM(CASE WHEN T.RECON_STATUS='TIMEEXP' THEN 1 ELSE 0 END),0)
     FROM dm_acq.RECON_PAYOUT_RLT T
     WHERE 
     <![CDATA[T.RECON_DATE>=trunc(#{nowDate,jdbcType=DATE}) 
			and  T.RECON_DATE<trunc(#{nowDate,jdbcType=DATE}+1) 	
		]]>
	</select>	
	
	
	<sql id="selFrag">
		select 
			ID,
			PAYOUT_NO,
			EXCHANGE_NO,
			EXCHANGE_TYPE,
			OUT_TRADE_NO,
			AMT,
			CCY,
			TRADE_DATE,
			STATUS,
			OUT_EXCHANGE_NO,
			OUT_AMT,
			OUT_CCY,
			OUT_TRADE_DATE,
			OUT_STATUS,
			RECON_STATUS,
			RECON_DATE,
			CHANGE_RECON_FLAG,
			CHANGE_RECON_DATE,
			CHANGE_RECON_TYPE,
			CHANGE_RECON_REMARK,
			CLEAR_FLAG,
			CLEAR_DATE,
			CLEAR_REMARK,
			REMARK,
			CREATE_DATE,
			UPDATE_DATE
		from dm_acq.RECON_PAYOUT_RLT 
	</sql>
	<!-- 查询丢单记录-->
	<select id="selectLose" resultMap="ReconPayoutRltMap">
	<include refid="selFrag"/>
     WHERE 
     <![CDATA[RECON_DATE>=trunc(#{reconDate,jdbcType=DATE}) 
			and  RECON_DATE<trunc(#{reconDate,jdbcType=DATE}+1) 	
		]]>
		and RECON_STATUS='LOSE'
	</select>	
	
	<!--根据单笔查询的反回结果判断是否是丢单情况，以此更改对账结果表状态为时间性差异-->
	<update id="updateReconPayoutRltState">
		UPDATE dm_acq.RECON_PAYOUT_RLT
		<set>
			RECON_STATUS=#{reconStatus,jdbcType=VARCHAR},
			UPDATE_DATE=systimestamp
		</set>		
		WHERE ID=#{id}
		and RECON_STATUS=#{oldStatus,jdbcType=VARCHAR}
	</update>      
</mapper>
