<?xml version="1.0" encoding="UTF-8" ?>
<!DOCTYPE mapper PUBLIC "-//mybatis.org//DTD Mapper 3.0//EN" "http://mybatis.org/dtd/mybatis-3-mapper.dtd" >
<mapper namespace="com.sfpay.acquirer.dao.IPayUseDao">
	<resultMap id="payUseMap" type="com.sfpay.acquirer.domain.PayUse">
		<id column="ID" property="id" jdbcType="NUMERIC"/>
		<result column="USE_DESC" property="useDesc"/>
		<result column="SHOW_INDEX" property="showIndex" jdbcType="NUMERIC"/>	
		<result column="REMARK" property="remark"/>	
	</resultMap>
	
	<!-- 添加 -->
	<insert id="addPayUse" parameterType="com.sfpay.acquirer.domain.PayUse">
		insert into  dm_acq.PAY_USE (
			ID,USE_DESC,SHOW_INDEX,REMARK
		) values (
			dm_acq.SEQ_PAY_USE.Nextval, #{useDesc, jdbcType=VARCHAR}, #{showIndex, jdbcType=NUMERIC}, #{remark, jdbcType=VARCHAR}
		)
	</insert>
	
	<!-- 删除  -->
	<delete id="deletePayUse" parameterType="java.lang.Long">
		delete from dm_acq.PAY_USE where id=#{id}
	</delete>	
	
	<!-- 分页查询 -->
	<sql id="sqlUsePage">
		<if test="param.useDesc != null and param.useDesc != ''"> and instr(t.use_desc, #{param.useDesc}) > 0</if>
		<if test="param.showIndex != null and param.showIndex != ''"> and t.show_index = #{param.showIndex}</if>
		<if test="param.remark != null and param.remark != ''"> and instr(t.remark, #{param.remark}) > 0</if>
	</sql>
	<select id="countUsePage" resultType="java.lang.Long">
		select count(1) from dm_acq.PAY_USE t <where><include refid="sqlUsePage"/></where>
	</select>
	<select id="queryUsePage" resultMap="payUseMap">
		select tt.* from (
			select rownum rn, t.id, t.use_desc, t.show_index, t.remark from dm_acq.pay_use t
			<where><include refid="sqlUsePage"/><![CDATA[ and rownum <= #{end}]]></where>
		) tt where <![CDATA[tt.rn > #{start}]]> 
		order by tt.show_index
	</select>
	
	<!-- 查询所有付款用途 -->
	<select id="queryUseAll" resultMap="payUseMap">
		select t.id, t.use_desc, t.show_index, t.remark from dm_acq.pay_use t order by t.show_index 	
	</select>
	
	<!-- 查询用途记录数  添加时用来判断是否有重复 -->
	<select id="queryUseCount" resultType="java.lang.Long">
		select count(1) from dm_acq.PAY_USE t where t.use_desc = #{useDesc,jdbcType=VARCHAR}
		<if test="id != null ">and t.ID!=#{id}</if>
	</select>
	
	<!-- 修改 -->
	<update id="updatePayUse">
		update dm_acq.PAY_USE
		<set>
			<if test="showIndex != null and showIndex != ''">SHOW_INDEX=#{showIndex},</if>
			<if test="remark != null and remark != ''">REMARK=#{remark},</if>
			<if test="useDesc != null and useDesc != ''">USE_DESC=#{useDesc,jdbcType=VARCHAR},</if>				
		</set>		
		where ID=#{id}
	</update>
	
	<!-- 根据ID修改 -->
	<update id="updatePayUseById">
		update dm_acq.PAY_USE
		<set>
			<if test="showIndex != null and showIndex != ''">SHOW_INDEX=#{showIndex,jdbcType=NUMERIC},</if>
			<if test="remark != null and remark != ''">REMARK=#{remark,jdbcType=VARCHAR},</if>
			<if test="useDesc != null and useDesc != ''">USE_DESC=#{useDesc,jdbcType=VARCHAR},</if>			
		</set>		
		where ID=#{id}
	</update>
	
	<!-- 按条件查询 -->
	<select id="queryUse" resultMap="payUseMap">
		select t.id, t.use_desc, t.show_index, t.remark from dm_acq.pay_use t
		<where>
			<if test="id > 0"> and t.ID=#{id}</if>
			<if test="useDesc != null and useDesc != ''"> and instr(t.USE_DESC, #{useDesc}) > 0</if>
			<if test="remark != null and remark != ''"> and instr(t.REMARK, #{remark}) > 0</if>
		</where>
		order by t.show_index
	</select>
	
	<!-- 根据ID查询 -->
	<select id="queryUseById" resultMap="payUseMap">
		select t.id, t.use_desc, t.show_index, t.remark from dm_acq.pay_use t where t.id=#{id}
	</select>
</mapper>