<?xml version="1.0" encoding="UTF-8" ?>
<!DOCTYPE mapper PUBLIC "-//mybatis.org//DTD Mapper 3.0//EN" "http://mybatis.org/dtd/mybatis-3-mapper.dtd" >
<mapper namespace="com.sfpay.acquirer.dao.IReconLogDao">
	<resultMap id="ReconLog" type="com.sfpay.acquirer.domain.ReconLog">
		<id column="ID" property="id" />
		<result column="LOG_LEVEL" property="logLevel" />
		<result column="LOG_CONTENT" property="logContent" />
		<result column="CREATE_TIME" property="createTime" />
	</resultMap>
	<!--插入到对账日志表中  -->
	<insert id="insertReconLog">
	 INSERT INTO dm_acq.RECON_LOG 
	 (ID,LOG_LEVEL,LOG_CONTENT,CREATE_TIME)
      values						
     (dm_acq.SEQ_RECON_LOG.NEXTVAL,#{logLevel},#{logContent},systimestamp)	
	</insert>
	
	<!-- 统计对账结果 -->
	<select id="totalReconCollectRlt" resultType="java.lang.String">
		select '总笔数:'||count(1)||
		    ',成功笔数:'||nvl(sum(case when t.recon_status='SUCCESS' then 1 else 0 end),0) ||
		    ',失败笔数:'||nvl(sum(case when t.recon_status='FAILURE' then 1 else 0 end),0) ||
		    ',丢单笔数:'||nvl(sum(case when t.recon_status='LOSE' then 1 else 0 end),0)	||
		    ',掉单笔数:'||nvl(sum(case when t.recon_status='LACK' then 1 else 0 end),0) ||
		    ',时间差异笔数:'||NVL(SUM(CASE WHEN T.RECON_STATUS='TIMEEXP' THEN 1 ELSE 0 END),0)
		from dm_acq.recon_collect_rlt t
		where <![CDATA[t.recon_date >= to_date(#{nowDate}, 'yyyy-MM-dd') and t.recon_date < to_date(#{nowDate}, 'yyyy-MM-dd')+1]]>
		and t.bank_code=#{bankCode} and t.channel_code=#{channelCode}
	</select>
	
	
	<select id="totalReconCollectRltCount" resultType="java.lang.Long">
		select count(1) from dm_acq.recon_collect_rlt t 
		where (t.change_recon_flag='Y' or t.clear_flag='CLEARED') and (
			<![CDATA[(t.TRADE_DATE >= to_date(#{tradeDate}, 'yyyy-MM-dd') and t.TRADE_DATE < to_date(#{tradeDate}, 'yyyy-MM-dd')+1)]]>
			or 
			<![CDATA[(t.OUT_TRADE_DATE >= to_date(#{tradeDate}, 'yyyy-MM-dd') and t.OUT_TRADE_DATE < to_date(#{tradeDate}, 'yyyy-MM-dd')+1)]]>
		) and t.bank_code=#{bankCode} and t.channel_code=#{channelCode}
	</select>
	
	<!-- 对账日志查询 -->
	<select id="queryReconLogCount" resultType="java.lang.Long">
		select count(1) from dm_acq.RECON_LOG t
		<where><if test="createTime != null "><![CDATA[ and ( t.CREATE_TIME >= #{createTime, jdbcType=DATE} and t.CREATE_TIME < #{createTime, jdbcType=DATE}+1 ) ]]> </if></where>
	</select>
	<select id="queryReconLogList" resultMap="ReconLog">
		select * from (			
		   select rownum rn, t.id, t.log_level, t.log_content, t.create_time from dm_acq.recon_log t
		   <where>
			   <if test="createTime != null "><![CDATA[ and ( t.CREATE_TIME >= #{createTime, jdbcType=DATE} and t.CREATE_TIME < #{createTime, jdbcType=DATE}+1 )]]></if>
			   <![CDATA[ and rownum <= #{end}]]>
		   </where>
		) where <![CDATA[rn > #{start}]]> order by id
	</select>
	
</mapper>