<?xml version="1.0" encoding="UTF-8" ?>
<!DOCTYPE mapper PUBLIC "-//mybatis.org//DTD Mapper 3.0//EN" "http://mybatis.org/dtd/mybatis-3-mapper.dtd" >
<mapper namespace="com.sfpay.acquirer.dao.IReconDao">
	<resultMap id="ReconResult" type="com.sfpay.acquirer.domain.ReconCollectRlt">
		<result column="ID" property="id" jdbcType="NUMERIC"/>
		<result column="BANK_CODE" property="bankCode"/>
		<result column="CHANNEL_CODE" property="channelCode"/>
		<result column="ORDER_TYPE" property="orderType"/>
		<result column="FUND_WAY" property="fundWay"/>
		<result column="ACCT_CODE" property="acctCode"/>
		<result column="ACCT_NAME" property="acctName"/>
		<result column="COLLECT_NO" property="collectNo"/>
		<result column="BUSINESS_SN" property="businessSn"/>
		<result column="AMT" property="amt" jdbcType="NUMERIC"/>
		<result column="TRADE_DATE" property="tradeDate" jdbcType="TIMESTAMP"/>
		<result column="STATUS" property="status"/>
		<result column="REQ_BANK_SN" property="reqBankSn"/>
		<result column="OUT_SEQNO" property="outSeqno"/>
		<result column="OUT_AMT" property="outAmt" jdbcType="NUMERIC"/>
		<result column="OUT_FEE" property="outFee" jdbcType="NUMERIC"/>
		<result column="OUT_TRADE_DATE" property="outTradeDate" jdbcType="TIMESTAMP"/>
		<result column="OUT_STATUS" property="outStatus"/>
		<result column="RECON_STATUS" property="reconStatus"/>
		<result column="RECON_DATE" property="reconDate" jdbcType="TIMESTAMP"/>				
		<result column="CHANGE_RECON_FLAG" property="changeReconFlag"/>
		<result column="CHANGE_RECON_DATE" property="changeReconDate" jdbcType="TIMESTAMP"/>
		<result column="CHANGE_RECON_TYPE" property="changeReconType"/>
		<result column="CHANGE_RECON_REMARK" property="changeReconRemark"/>
		<result column="CLEAR_FLAG" property="clearFlag"/>
		<result column="CLEAR_DATE" property="clearDate" jdbcType="TIMESTAMP"/>
		<result column="CLEAR_REMARK" property="clearRemark"/>		
		<result column="REMARK" property="remark"/>
		<result column="OUT_TRADE_CARD_TYPE" property="outTradeCardType"/>
		<result column="OUT_ORDER_TYPE" property="outOrderType"/>
		<result column="SYSTEM_SOURCE" property="systemSource"/>
	</resultMap>
	<resultMap id="ReconDetailQueryRlt" type="com.sfpay.acquirer.domain.ReconDetailQueryRlt">
		<result column="ID" property="id" jdbcType="NUMERIC"/>
		<result column="TRADE_DATE" property="tradeDate" jdbcType="TIMESTAMP"/>
		<result column="OUT_TRADE_DATE" property="outTradeDate" jdbcType="TIMESTAMP"/>
		<result column="CHANNEL_CODE" property="channel"/>
		<result column="BANK_CODE" property="bank"/>
		<result column="BANK_NAME" property="bankName"/>
		<result column="OB_NAME" property="openBankName"/>
		<result column="ACCOUNT_NO" property="accountNo"/>
		<result column="REQ_BANK_SN" property="reqBankSn"/>
		<result column="BIZ_SN" property="bizSn"/>
		<result column="OUT_AMT" property="outAmt" jdbcType="NUMERIC"/>
		<result column="OUT_STATUS" property="outStatus"/>
		<result column="AMT" property="amt" jdbcType="NUMERIC"/>
		<result column="STATUS" property="status"/>
		<result column="RECON_RESULT" property="reconResult"/>
		<result column="EXP_AMT" property="expAmt" jdbcType="NUMERIC"/>
		<result column="EXP_TYPE" property="expType"/>
		<result column="REMARK" property="remark"/>
	</resultMap>
	<resultMap id="ReconExpDetailQueryRlt" type="com.sfpay.acquirer.domain.ReconExpDetailQueryRlt">
		<result column="ID" property="id" jdbcType="NUMERIC"/>
		<result column="TRADE_DATE" property="tradeDate" jdbcType="TIMESTAMP"/>
		<result column="OUT_TRADE_DATE" property="outTradeDate" jdbcType="TIMESTAMP"/>
		<result column="CHANNEL_CODE" property="channel"/>
		<result column="BANK_CODE" property="bank"/>
		<result column="BANK_NAME" property="bankName"/>
		<result column="OB_NAME" property="openBankName"/>
		<result column="ACCOUNT_NO" property="accountNo"/>
		<result column="REQ_BANK_SN" property="reqBankSn"/>
		<result column="BIZ_SN" property="bizSn"/>
		<result column="OUT_AMT" property="outAmt" jdbcType="NUMERIC"/>
		<result column="OUT_STATUS" property="outStatus"/>
		<result column="AMT" property="amt" jdbcType="NUMERIC"/>
		<result column="STATUS" property="status"/>
		<result column="RECON_RESULT" property="reconResult"/>
		<result column="EXP_AMT" property="expAmt" jdbcType="NUMERIC"/>
		<result column="EXP_TYPE" property="expType"/>
		<result column="CHANGE_RECON_FLAG" property="changeReconFlag"/>
		<result column="CHANGE_RECON_TYPE" property="changeReconType"/>
		<result column="CHANGE_RECON_DATE" property="changeReconDate" jdbcType="TIMESTAMP"/>
		<result column="RECON_CLEAR_FLAG" property="reconClearFlag"/>
		<result column="RECON_CLEAR_DATE" property="reconClearDate" jdbcType="TIMESTAMP"/>
		<result column="REMARK" property="remark"/>
	</resultMap>
	<resultMap id="ReconExpClearQueryRlt" type="com.sfpay.acquirer.domain.ReconExpClearQueryRlt">
		<result column="ID" property="id" jdbcType="NUMERIC"/>
		<result column="TRADE_DATE" property="tradeDate" jdbcType="TIMESTAMP"/>
		<result column="OUT_TRADE_DATE" property="outTradeDate" jdbcType="TIMESTAMP"/>
		<result column="CHANNEL_CODE" property="channel"/>
		<result column="BANK_CODE" property="bank"/>
		<result column="BANK_NAME" property="bankName"/>
		<result column="OB_NAME" property="openBankName"/>
		<result column="ACCOUNT_NO" property="accountNo"/>
		<result column="REQ_BANK_SN" property="reqBankSn"/>
		<result column="BIZ_SN" property="bizSn"/>
		<result column="OUT_AMT" property="outAmt" jdbcType="NUMERIC"/>
		<result column="OUT_STATUS" property="outStatus"/>
		<result column="AMT" property="amt" jdbcType="NUMERIC"/>
		<result column="STATUS" property="status"/>
		<result column="RECON_RESULT" property="reconResult"/>
		<result column="EXP_AMT" property="expAmt" jdbcType="NUMERIC"/>
		<result column="EXP_TYPE" property="expType"/>
		<result column="CHANGE_RECON_FLAG" property="changeReconFlag"/>
		<result column="CHANGE_RECON_TYPE" property="changeReconType"/>
		<result column="CHANGE_RECON_DATE" property="changeReconDate" jdbcType="TIMESTAMP"/>
		<result column="RECON_CLEAR_FLAG" property="reconClearFlag"/>
		<result column="RECON_CLEAR_DATE" property="reconClearDate" jdbcType="TIMESTAMP"/>
		<result column="REMARK" property="remark"/>
	</resultMap>
	<resultMap id="ReconReportQueryRlt" type="com.sfpay.acquirer.domain.ReconReportQueryRlt">
		<result column="TRADE_DATE" property="tradeDate" />
		<result column="BANK_CODE" property="bankCode"/>
		<result column="BANK_NAME" property="bankName"/>
		<result column="CHANNEL_CODE" property="channelCode"/>
		<result column="OB_NAME" property="openBankName"/>
		<result column="ACCOUNT_NO" property="accountNo"/>
		<result column="TOTAL" property="total" jdbcType="NUMERIC"/>
		<result column="TOTAL_AMT" property="totalAmt" jdbcType="NUMERIC"/>
		<result column="SUCCESS" property="success" jdbcType="NUMERIC"/>
		<result column="SUCCESS_AMT" property="successAmt" jdbcType="NUMERIC"/>
		<result column="LACK" property="lack" jdbcType="NUMERIC"/>
		<result column="LACK_AMT" property="lackAmt" jdbcType="NUMERIC"/>
		<result column="LOSE" property="lose" jdbcType="NUMERIC"/>
		<result column="LOSE_AMT" property="loseAmt" jdbcType="NUMERIC"/>
		<result column="FAIL" property="fail" jdbcType="NUMERIC"/>
		<result column="FAIL_AMT" property="failAmt" jdbcType="NUMERIC"/>
		<result column="TIME_EXP" property="timeExp" jdbcType="NUMERIC"/>
		<result column="TIME_EXP_AMT" property="timeExpAmt" jdbcType="NUMERIC"/>
		<result column="DIFF" property="diff" jdbcType="NUMERIC"/>
		<result column="DIFF_AMT" property="diffAmt" jdbcType="NUMERIC"/>
		<result column="REMARK" property="remark"/>
	</resultMap>
	
	<!-- 需调账的记录实体 -->	
	<resultMap id="ReconChangeQueryRlt" type="com.sfpay.acquirer.domain.ReconChangeQueryRlt">
		<result column="ID" property="id" jdbcType="NUMERIC"/>
		<result column="TRADE_DATE" property="tradeDate" jdbcType="TIMESTAMP"/>
		<result column="OUT_TRADE_DATE" property="outTradeDate" jdbcType="TIMESTAMP"/>
		<result column="RECON_DATE" property="reconDate" jdbcType="TIMESTAMP"/>
		<result column="CHANNEL_CODE" property="channel"/>
		<result column="BANK_CODE" property="bank"/>
		<result column="BANK_NAME" property="bankName"/>
		<result column="OB_NAME" property="openBankName"/>
		<result column="ACCOUNT_NO" property="accountNo"/>
		<result column="REQ_BANK_SN" property="reqBankSn"/>
		<result column="BIZ_SN" property="bizSn"/>
		<result column="OUT_AMT" property="outAmt" jdbcType="NUMERIC"/>
		<result column="OUT_STATUS" property="outStatus"/>
		<result column="AMT" property="amt" jdbcType="NUMERIC"/>
		<result column="STATUS" property="status"/>
		<result column="RECON_STATUS" property="reconStatus"/>
		<result column="EXP_AMT" property="expAmt" jdbcType="NUMERIC"/>	
		<result column="REMARK" property="remark"/>	
		<result column="OUT_TRADE_CARD_TYPE" property="outTradeCardType"/>
		<result column="OUT_ORDER_TYPE" property="outOrderType"/>
		<result column="SYSTEM_SOURCE" property="systemSource"/>
		<result column="CHANGE_RECON_STATUS" property="changeStatus"/>
		<result column="CHANGE_RECON_REASON" property="changeFailReason"/>
	</resultMap>
	
	<!-- EcsRecon的记录实体 -->
	<resultMap id="EcsRecon" type="com.sfpay.acquirer.domain.paycenter.EcsRecon">
		<result column="acct_set_no" property="agentSetNo" />
		<result column="acct_name" property="acquireName" />
		<result column="amt" property="acquireAmt" jdbcType="NUMERIC"/>
		<result column="trade_out_no" property="payoutNo" />
		<result column="pay_business_no" property="ecsNo" />
		<result column="begin_time" property="bankDate" />
		<result column="status" property="payoutStatus"/>
		<result column="pay_begin_time" property="ecsDate" jdbcType="VARCHAR"/>
		<result column="acct_no" property="acquireNo" />
	</resultMap>
	
	
	
	<!-- 对账: 批量插入外部记录对账临时表 -->
	<insert id="addTradeOrderList" parameterType="java.util.List">
		insert all
		<foreach collection="list" item="reconOutTmp">
		into dm_acq.RECON_OUT_TEMP(
			ID, CHANNEL_CODE, BANK_CODE, OUT_SEQNO, OUT_AMT, OUT_STATUS, OUT_TRADE_DATE, CREATE_DATE
			,OUT_TRADE_CARD_TYPE,OUT_ORDER_TYPE,OUT_FEE
		) values (
			dm_acq.get_id_by_seqname('SEQ_RECON_OUT_TEMP'), #{reconOutTmp.channelCode,jdbcType=VARCHAR}, #{reconOutTmp.bankCode,jdbcType=VARCHAR},
			#{reconOutTmp.outSeqNo,jdbcType=VARCHAR}, #{reconOutTmp.amt,jdbcType=NUMERIC}, #{reconOutTmp.outStatus,jdbcType=VARCHAR}, 
			#{reconOutTmp.outTradeDate,jdbcType=TIMESTAMP}, systimestamp
			,#{reconOutTmp.outCardType,jdbcType=VARCHAR},#{reconOutTmp.outOrderType,jdbcType=VARCHAR},#{reconOutTmp.outFee,jdbcType=NUMERIC}
		)
		</foreach>
		select 1 from dual
	</insert>
	
	<!-- 对账: 存储过程处理对账 -->
	<select id="saveRecon" statementType="CALLABLE">
		<![CDATA[{call dm_acq.PKG_B2C_RECON.pro_b2c_recon(#{bank,mode=IN,jdbcType=VARCHAR}, #{channel,mode=IN,jdbcType=VARCHAR}, #{tradeDate,mode=IN,jdbcType=TIMESTAMP})}]]>
	</select>
	
	<!-- 查询对账记录总数 -->
	<select id="queryReconCount" resultType="java.lang.Long">
		SELECT COUNT(1) FROM (
			SELECT 1 FROM dm_acq.RECON_COLLECT_RLT t WHERE t.BANK_CODE=#{bank} AND t.CHANNEL_CODE=#{channel}
			<if test="fundWay != null and fundWay != ''"> AND t.FUND_WAY = #{fundWay} </if>
		)
	</select>
	
	<!-- 查询对账分页信息 -->
	<select id="queryReconPageList" resultMap="ReconResult">
		select * from (
			select rownum pos, t.bank_code, t.channel_code, t.order_type, t.fund_way, t.acct_code, t.acct_name,
				t.collect_no, t.amt, t.trade_date, t.status, t.req_bank_sn, t.out_seqno, t.out_amt, t.out_trade_date,
				t.out_status, t.recon_status, t.recon_date, t.remark, t.out_trade_card_type, t.out_order_type
			from dm_acq.recon_collect_rlt t
			where t.bank_code=#{bank} and t.channel_code=#{channel}
			<if test="fundWay != null and fundWay != ''"> and t.fund_way = #{fundWay} </if>
			<![CDATA[ and rownum < #{end} ]]>
		) r where <![CDATA[ r.pos >= #{start} ]]> order by r.bank_code
	</select>
	
	<!-- 对账明细查询 -->	
	<sql id="sqlReconDetail">
		recon_collect_rlt t
	    inner join dm_acq.bank_info b on b.bank_code=t.bank_code
	    left join dm_ebank.account_info ai on t.acct_code=ai.account_no
	    where 1=1
	    <if test="param.channel != null"> and t.channel_code = #{param.channel}</if>
		<if test="param.bank != null"> and t.bank_code = #{param.bank}</if>
		<if test="param.reconResult != null and param.reconResult.name() == 'RECON_SUCCESS'"> and t.recon_status = 'SUCCESS'</if>
		<if test="param.reconResult != null and param.reconResult.name() == 'RECON_EXP' "> and t.recon_status != 'SUCCESS'</if>
		<if test="param.reconStatus "> and t.recon_status = #{param.reconStatus}</if>
		<if test="param.beginDate != null "><![CDATA[ and ( t.trade_date >= #{param.beginDate, jdbcType=DATE} or t.out_trade_date >= #{param.beginDate, jdbcType=DATE} ) ]]> </if>
		<if test="param.endDate != null "><![CDATA[ and ( t.trade_date < #{param.endDate, jdbcType=DATE}+1  or t.out_trade_date < #{param.endDate, jdbcType=DATE}+1 ) ]]> </if>
	</sql>                                                               
	<select id="queryReconDetailCount" resultType="java.lang.Long">
		select count(1) from <include refid="sqlReconDetail" />
	</select>
	<select id="queryReconDetail" resultMap="ReconDetailQueryRlt">
		select * from (
			select rownum rn, t.id, t.trade_date, t.out_trade_date, t.channel_code, t.bank_code, b.bank_name, ai.account_no, ai.ob_name, 
			    decode(t.recon_status,'LACK',t.out_seqno,t.req_bank_sn)req_bank_sn, t.business_sn biz_sn,
				t.out_amt, t.out_status, t.amt, t.status, 
				decode(t.recon_status, 'SUCCESS', 'RECON_SUCCESS', 'RECON_EXP') recon_result, 
				decode(recon_status, 'FAILURE', abs(nvl(t.out_amt,0)-nvl(t.amt,0)), 'LACK', t.out_amt, 'LOSE', t.amt, 'TIMEEXP', t.amt, 'SUCCESS', 0) exp_amt,
			    t.recon_status exp_type, t.remark
			    ,t.out_trade_card_type,t.out_order_type  
		    from <include refid="sqlReconDetail" /><![CDATA[ and rownum <= #{end}]]>
		) where <![CDATA[rn > #{start}]]> order by trade_date desc,channel_code,bank_code
	</select>
	
	<!-- 对账差异明细 -->
	<sql id="sqlReconExp">
	    recon_collect_rlt t
	    inner join dm_acq.bank_info b on b.bank_code=t.bank_code
	    left join dm_ebank.account_info ai on t.acct_code=ai.account_no
		where 1=1 and t.recon_status not in ('SUCCESS','TIMEEXP') 
		<if test="param.channel != null"> and t.channel_code = #{param.channel}</if>
		<if test="param.bank != null"> and t.bank_code = #{param.bank}</if>		
		<if test="param.reconStatus != null"> and t.recon_status = #{param.reconStatus}</if>
		<if test="param.beginDate != null "><![CDATA[ and ( t.trade_date >= #{param.beginDate, jdbcType=DATE} or t.out_trade_date >= #{param.beginDate, jdbcType=DATE} ) ]]> </if>
		<if test="param.endDate != null "><![CDATA[ and ( t.trade_date < #{param.endDate, jdbcType=DATE}+1  or t.out_trade_date < #{param.endDate, jdbcType=DATE}+1 ) ]]> </if>
	</sql>
	<select id="queryReconExpCount" resultType="java.lang.Long">
		select count(1) from <include refid="sqlReconExp" />
		
	</select>
	<select id="queryReconExp" resultMap="ReconExpDetailQueryRlt">
		select * from (
			select rownum rn, t.id, t.trade_date, t.out_trade_date, t.channel_code, t.bank_code, b.bank_name, ai.account_no, ai.ob_name, 
			    decode(t.recon_status,'LACK',t.out_seqno,t.req_bank_sn)req_bank_sn, t.business_sn biz_sn,
				t.out_amt, t.out_status, t.amt, t.status, 
				'RECON_EXP' recon_result, t.remark,
				decode(recon_status, 'FAILURE', abs(nvl(t.out_amt,0)-nvl(t.amt,0)), 'LACK', t.out_amt, 'LOSE', t.amt, 'TIMEEXP', t.amt, 'SUCCESS', 0) exp_amt,
			    t.recon_status exp_type, t.clear_flag, t.clear_date, t.change_recon_flag, t.change_recon_date, t.change_recon_type
			    ,t.out_trade_card_type,t.out_order_type 
			from <include refid="sqlReconExp" /><![CDATA[ and rownum <= #{end}]]>
		) where <![CDATA[rn > #{start}]]> order by trade_date desc,channel_code,bank_code
	</select>
	
	<!-- 对账差异清理前的明细查询 -->
	<sql id="sqlReconExpClear">
	    recon_collect_rlt t
	    inner join dm_acq.bank_info b on b.bank_code=t.bank_code
	    left join dm_ebank.account_info ai on t.acct_code=ai.account_no
		where 1=1 and t.recon_status not in ('SUCCESS','TIMEEXP') and  ( t.clear_flag=''  or  t.clear_flag is null )  
		<if test="param.channel != null"> and t.channel_code = #{param.channel}</if>
		<if test="param.bank != null"> and t.bank_code = #{param.bank}</if>		
		<if test="param.reconStatus != null"> and t.recon_status = #{param.reconStatus}</if>
		<if test="param.reqBankSn != null and param.reqBankSn != '' "> and ( t.req_bank_sn = #{param.reqBankSn} or t.out_seqno = #{param.reqBankSn} ) </if>
		<if test="param.beginDate != null "><![CDATA[ and ( t.trade_date >= #{param.beginDate, jdbcType=DATE} or t.out_trade_date >= #{param.beginDate, jdbcType=DATE} ) ]]> </if>
		<if test="param.endDate != null "><![CDATA[ and ( t.trade_date < #{param.endDate, jdbcType=DATE}+1  or t.out_trade_date < #{param.endDate, jdbcType=DATE}+1 ) ]]> </if>
	</sql>
	<select id="queryReconExpClearCount" resultType="java.lang.Long">
		select count(1) from <include refid="sqlReconExpClear" />
	</select>
	<select id="queryReconExpClear" resultMap="ReconExpClearQueryRlt">
		select * from (
			select rownum rn, t.id, t.trade_date, t.out_trade_date, t.channel_code, t.bank_code, b.bank_name, ai.account_no, ai.ob_name, 
			    decode(t.recon_status,'LACK',t.out_seqno,t.req_bank_sn)req_bank_sn, t.business_sn biz_sn,
				t.out_amt, t.out_status, t.amt, t.status, 
				'RECON_EXP' recon_result, t.remark,
				decode(recon_status, 'FAILURE', abs(nvl(t.out_amt,0)-nvl(t.amt,0)), 'LACK', t.out_amt, 'LOSE', t.amt, 'TIMEEXP', t.amt, 'SUCCESS', 0) exp_amt,
			    t.recon_status exp_type, t.clear_flag, t.clear_date, t.change_recon_flag, t.change_recon_date, t.change_recon_type
			    ,t.out_trade_card_type,t.out_order_type 
			from <include refid="sqlReconExpClear" /><![CDATA[ and rownum <= #{end}]]>
		) where <![CDATA[rn > #{start}]]> order by trade_date desc,channel_code,bank_code
	</select>
	
	
	<!-- 对账报表 -->
	<sql id="sqlReconRptFlag">
		 dm_acq.recon_collect_rlt t
         inner join dm_acq.bank_info b on b.bank_code = t.bank_code
         left join dm_ebank.account_info ai on t.acct_code = ai.account_no
		<where>
			<if test="param.beginDate != null "><![CDATA[ and ( t.trade_date >= #{param.beginDate, jdbcType=DATE} or t.out_trade_date >= #{param.beginDate, jdbcType=DATE} ) ]]> </if>
			<if test="param.endDate != null "><![CDATA[ and ( t.trade_date < #{param.endDate, jdbcType=DATE}+1  or t.out_trade_date < #{param.endDate, jdbcType=DATE}+1 ) ]]> </if>
			<if test="param.bank != null"> and t.bank_code = #{param.bank}</if>
		</where>
	</sql>
	<select id="queryReconReportCount" resultType="java.lang.Long">
		select count(1) from <include refid="sqlReconRptFlag" />
	</select>
	<select id="queryReconReport" resultMap="ReconReportQueryRlt">		 
		select * from (select rownum rn, bt.* from (
			select to_char(t.trade_date, 'yyyy-mm-dd') trade_date,
			       t.bank_code,b.bank_name,
			       t.channel_code,
			       t.acct_code ACCOUNT_NO,ai.ob_name,
			       count(1) TOTAL,
			       nvl(sum(decode(t.recon_status, 'SUCCESS',t.amt,'TIMEEXP',t.amt,t.out_amt)),0) TOTAL_AMT,        
			       sum(decode(t.recon_status, 'LOSE', 1, 'LACK', 1,'FAILURE', 1,0)) DIFF,
			       nvl(sum(decode(t.recon_status, 'LOSE', t.amt, 'LACK', t.out_amt,'FAILURE',t.amt,0)),0 ) DIFF_AMT,
			       sum(decode(t.recon_status, 'SUCCESS', 1, 'TIMEEXP', 1, 0)) SUCCESS,
			       nvl(sum(decode(t.recon_status, 'SUCCESS', t.amt, 'TIMEEXP', t.amt, 0)),0) SUCCESS_AMT,
			       sum(decode(t.recon_status, 'LOSE', 1, 0)) LOSE,
			       nvl(sum(decode(t.recon_status, 'LOSE', t.amt,0)),0) LOSE_AMT,
			       sum(decode(t.recon_status, 'LACK', 1, 0)) LACK,
			       nvl(sum(decode(t.recon_status, 'LACK', t.Out_Amt,0)),0) LACK_AMT,  
			       sum(decode(t.recon_status, 'FAILURE', 1, 0)) FAIL,
			       nvl(sum(decode(t.recon_status, 'FAILURE', t.amt,0)),0) FAIL_AMT,
			       sum(decode(t.recon_status, 'TIMEEXP', 1, 0)) TIME_EXP,
			       nvl(sum(decode(t.recon_status, 'TIMEEXP', t.amt,0)),0) TIME_EXP_AMT  
			from <include refid="sqlReconRptFlag" />
			group by to_char(t.trade_date, 'yyyy-mm-dd'),t.bank_code,t.channel_code, t.acct_code,b.bank_name,ai.ob_name
		) bt where <![CDATA[ rownum <= #{end}]]>
		) where <![CDATA[rn > #{start}]]>
		order by trade_date desc,channel_code,bank_code
	</select>

	
	<!--差异清理  ids清理的记录主键-->
	<update id="clearReconExp">
		UPDATE dm_acq.RECON_COLLECT_RLT
		<set>
			CLEAR_FLAG=#{status},
			<if test="remark != null">REMARK=REMARK||#{remark},</if>
			CLEAR_DATE=systimestamp,
			UPDATE_DATE=systimestamp
		</set>		
		WHERE ID IN 
		<foreach collection="ids"  open="(" close=")" item="id" separator=","> 
			#{id, jdbcType=VARCHAR}
		</foreach>
	</update>

	<!-- 调账更新 - 更新对账结果表记录为已调账 -->
	<update id="updateReconChange">
		update dm_acq.RECON_COLLECT_RLT
		<set>
			<choose><when test="recon.status == 'SUCCESS'">
				CHANGE_RECON_FLAG = 'Y',
				CHANGE_RECON_DATE = systimestamp,
				CHANGE_RECON_TYPE = #{recon.changeType, jdbcType=VARCHAR},
				CHANGE_RECON_REASON = '',
				<if test="recon.remark != null and recon.remark != ''">CHANGE_RECON_REMARK = #{recon.remark, jdbcType=VARCHAR},</if>
			</when><otherwise>
				CHANGE_RECON_REASON = #{recon.failReason, jdbcType=VARCHAR},
			</otherwise></choose>
			CHANGE_RECON_STATUS = #{recon.status, jdbcType=VARCHAR},
			UPDATE_DATE=systimestamp
		</set>		
		where ID=#{recon.reconId, jdbcType=NUMERIC}
	</update>
	
	<!-- 根据主键id查询对账结果表信息 -->
	<select id="queryReconCollectRltById" resultMap="ReconResult">
		select t.id, t.bank_code, t.channel_code, t.order_type, t.fund_way,
			t.acct_code, t.acct_name, t.collect_no, t.amt, t.trade_date, t.status, t.req_bank_sn,
			t.out_seqno, t.out_amt, t.out_trade_date, t.out_status, t.recon_status, t.recon_date, 
			t.change_recon_flag, t.change_recon_date, t.change_recon_type, t.change_recon_remark,
			t.clear_flag, t.clear_date, t.clear_remark, t.remark, c.business_sn, t.out_trade_card_type,
			t.out_order_type, t.out_fee, c.system_source 				
		from dm_acq.recon_collect_rlt t
		left join dm_acq.collect_info c on c.req_bank_sn=nvl(t.out_seqno, t.req_bank_sn) and c.append_bus_type is null
		where t.id=#{reconRltId}
	</select>
	
	<!-- 分页查询需要调账的记录  -->
	<sql id="reconChangeSql">	
		dm_acq.recon_collect_rlt t
		inner join dm_acq.bank_info b on b.bank_code = t.bank_code
		left join dm_acq.collect_info c on c.req_bank_sn=nvl(t.out_seqno, t.req_bank_sn) and c.append_bus_type is null
		left join dm_ebank.account_info ai on t.acct_code = ai.account_no
		where nvl(t.CHANGE_RECON_FLAG,' ')!='Y' and nvl(t.CLEAR_FLAG,' ')!='CLEARED' and t.recon_status in('LOSE','LACK','FAILURE') 
		<if test="param.beginDate != null "><![CDATA[ and ( t.trade_date >= #{param.beginDate, jdbcType=DATE} or t.out_trade_date >= #{param.beginDate, jdbcType=DATE} ) ]]> </if>
		<if test="param.endDate != null "><![CDATA[ and ( t.trade_date < #{param.endDate, jdbcType=DATE}+1  or t.out_trade_date < #{param.endDate, jdbcType=DATE}+1 ) ]]> </if>
		<if test="param.channel != null"> and t.channel_code = #{param.channel}</if>
		<if test="param.bank != null"> and t.bank_code = #{param.bank}</if>
		<if test="param.reqBankSn != null and param.reqBankSn != '' "> and ( t.req_bank_sn = #{param.reqBankSn} or t.out_seqno = #{param.reqBankSn} ) </if>
		<if test="param.reconStatus != null"> and t.recon_status = #{param.reconStatus}</if>
		<if test="param.changeStatus != null and param.changeStatus != ''"> and t.change_recon_status = #{param.changeStatus}</if>
		<if test="param.systemSource != null"> and c.system_source=#{param.systemSource}</if>
	</sql>
	
	<select id="queryReconChangeCount" resultType="java.lang.Long">
		select count(1) from <include refid="reconChangeSql" />
	</select>
	
	<select id="queryReconChangeList" resultMap="ReconChangeQueryRlt">
		select * from (			
			select rownum rn, a.* from (
				select t.id, t.trade_date, t.out_trade_date, t.recon_date, t.channel_code, t.bank_code, b.bank_name,
					ai.account_no, ai.ob_name, decode(t.recon_status,'LACK', t.out_seqno, t.req_bank_sn) req_bank_sn,
					c.business_sn biz_sn, t.out_amt, t.out_status, t.amt, t.status, t.recon_status, t.remark,
					decode(t.recon_status, 'FAILURE', abs(nvl(t.out_amt, 0) - nvl(t.amt, 0)), 'LACK', nvl(t.out_amt, 0), 'LOSE', nvl(t.amt, 0), 'TIMEEXP', nvl(t.amt, 0), 'SUCCESS', 0) exp_amt,
					t.out_trade_card_type, t.out_order_type, c.system_source, t.change_recon_status, t.change_recon_reason 
			   from <include refid="reconChangeSql" />
			   order by t.trade_date desc
		   ) a where <![CDATA[ rownum <= #{end}]]>
		) where <![CDATA[rn > #{start}]]>
	</select>
	
	<!-- 查询对账成功记录，如外部金额为空则查原记录获取 -->
	<select id="selectFee"  resultMap="ReconResult">
		select decode(t.req_bank_sn,null,t.out_seqno,t.req_bank_sn) req_bank_sn
		,decode(t.out_fee,null,tt.out_fee,t.out_fee) out_fee,decode(t.OUT_TRADE_CARD_TYPE,null,tt.OUT_TRADE_CARD_TYPE,t.OUT_TRADE_CARD_TYPE) OUT_TRADE_CARD_TYPE
			from dm_acq.RECON_COLLECT_RLT t
			left join dm_acq.RECON_COLLECT_RLT tt
			on tt.out_seqno=t.req_bank_sn
			where t.bank_code=#{bankCode,jdbcType=VARCHAR}
				and t.channel_code=#{channelCode,jdbcType=VARCHAR}
				and 
				(
				(
				<![CDATA[t.trade_date >= to_date(#{tradeDate, jdbcType=VARCHAR}, 'yyyyMMdd') and t.trade_date < to_date(#{tradeDate, jdbcType=VARCHAR}, 'yyyyMMdd')+1]]>
				)
				or
				(
				<![CDATA[t.OUT_TRADE_DATE >= to_date(#{tradeDate, jdbcType=VARCHAR}, 'yyyyMMdd') and t.OUT_TRADE_DATE < to_date(#{tradeDate, jdbcType=VARCHAR}, 'yyyyMMdd')+1]]>
				)
				)
			    and t.recon_status='SUCCESS'
	</select>
	
	
	<!-- sfhq272 -->
	<!-- 分页查询需要调账的记录  -->
	<sql id="ecsReconSql">	
		 from  dm_acq.pay_business pb
  	     left join dm_acq.payout_info pi
    	 on pb.pay_business_no = pi.trade_out_bussiness_no where 1=1
    	 <if test="param.bankBeginDate != null "><![CDATA[ and trunc(pi.end_time) >= trunc(#{param.bankBeginDate,jdbcType=DATE})]]></if>
		 <if test="param.bankEndDate != null "><![CDATA[ and trunc(pi.end_time) < trunc(#{param.bankEndDate, jdbcType=TIMESTAMP}+1) ]]> </if>
		 <if test="param.ecsBeginDate != null "><![CDATA[ and trunc(pb.pay_begin_time) >= trunc(#{param.ecsBeginDate, jdbcType=DATE}) ]]> </if>
		 <if test="param.ecsEndDate != null "><![CDATA[ and trunc(pb.pay_begin_time) < trunc(#{param.ecsEndDate, jdbcType=DATE}+1) ]]> </if>
		 <if test="param.agentSetNo != null and param.agentSetNo != ''">and pb.acct_set_no = #{param.agentSetNo, jdbcType=VARCHAR}</if>
		 <if test="param.acquireAmt != null and param.acquireAmt != ''">and pb.amt = #{param.acquireAmt, jdbcType=NUMERIC}</if>
		 <if test="param.acquireName != null and param.acquireName != ''">and instr(pb.acct_name, #{param.acquireName}) > 0</if>
		 <if test="param.ecsNo != null and param.ecsNo != ''">and instr(pb.pay_business_no, #{param.ecsNo}) > 0</if>
		 <if test="param.acquireNo != null and param.acquireNo != ''">and pb.acct_no = #{param.acquireNo,jdbcType=VARCHAR}</if>
		 <if test="param.payoutNo != null and param.payoutNo != ''">and pb.trade_out_no = #{param.payoutNo,jdbcType=VARCHAR}</if>
		 <if test="param.payoutStatus == 'no' or param.payoutStatus == null or param.payoutStatus == '' ">
		 	and pi.status in ('SUCCESS','FAILURE')
		 </if>
		 <if test="param.payoutStatus == 'success'">
		 	and pi.status in ('SUCCESS')
		 </if>
		 <if test="param.payoutStatus == 'fail'">
		 	and pi.status in ('FAILURE')
		 </if>
		 
	</sql>
	
	<select id="queryEcsReconCount" resultType="java.lang.Long">
		select count(1) <include refid="ecsReconSql" />
	</select>
	
	<select id="queryECSReconList" resultMap="EcsRecon">
		select  tt.acct_set_no,
       			tt.acct_name,
       			tt.amt,
       			tt.trade_out_no,
       			tt.pay_business_no,
       			<!-- to_char(tt.update_date,'yyyy-MM-dd') as begin_time, -->
       			case 
             		when tt.status in ('SUCCESS','FAILURE') then to_char(tt.end_time,'yyyy-MM-dd HH24:mi:ss') 
           		end as begin_time,
       			tt.acct_no,
       			decode(tt.status, 'SUCCESS', '付款成功', '付款失败') as  status ,
       			to_char(tt.pay_begin_time,'yyyy-MM-dd HH24:mi:ss') as pay_begin_time from (
       				select rownum rn, t2.* from (
									SELECT pb.acct_set_no,
									       pb.acct_name,
									       pb.amt,
									       pb.trade_out_no,
									       pb.pay_business_no,
									       pi.begin_time,
									       pi.status,
									       pb.pay_begin_time,
									       pb.acct_no,
									       pi.end_time
						<include refid="ecsReconSql"/>
						order by pb.pay_begin_time desc 
					)t2  where <![CDATA[ rownum <= #{end} ]]>
				) tt where <![CDATA[ tt.rn > #{start} ]]> 
						
	</select>
	
	<select id="queryECSReconListExport" resultMap="EcsRecon">
		select  tt.acct_set_no,
       			tt.acct_name,
       			tt.amt,
       			tt.trade_out_no,
       			tt.pay_business_no,
       			<!-- to_char(tt.update_date,'yyyy-MM-dd') as begin_time,  -->
       			case 
             		when tt.status in ('SUCCESS','FAILURE') then to_char(tt.end_time,'yyyy-MM-dd HH24:mi:ss')
           		end as begin_time,
       			tt.acct_no,
       			decode(tt.status, 'SUCCESS', '付款成功', '付款失败') as  status ,
       			to_char(tt.pay_begin_time,'yyyy-MM-dd HH24:mi:ss') as pay_begin_time from (
						SELECT pb.acct_set_no,
									       pb.acct_name,
									       pb.amt,
									       pb.trade_out_no,
									       pb.pay_business_no,
									       pi.begin_time,
									       pi.status,
									       pb.pay_begin_time,
									       pb.acct_no,
									       pi.end_time
						<include refid="ecsReconSql"/>
						order by pb.pay_begin_time desc 
					) tt
	</select>
	<!--  -->
	
</mapper>
