<?xml version="1.0" encoding="UTF-8" ?>
<!DOCTYPE mapper PUBLIC "-//mybatis.org//DTD Mapper 3.0//EN" "http://mybatis.org/dtd/mybatis-3-mapper.dtd" >
<mapper namespace="com.sfpay.acquirer.dao.IReconGatewayFileDao">
	<resultMap id="reconGatewayFileMap" type="com.sfpay.acquirer.domain.ReconGatewayFile">
		<id column="ID" property="id" jdbcType="NUMERIC"/>
		<result column="REMARK" property="remark" jdbcType="VARCHAR"/>	
		<result column="CREATE_DATE" property="createDate" jdbcType="TIMESTAMP"/>
		<result column="UPDATE_DATE" property="updateDate" jdbcType="TIMESTAMP"/>
		
		<result column="RECON_DATE" property="reconDate" jdbcType="TIMESTAMP"/>	
		<result column="CLEAR_DATE" property="clearDate" jdbcType="DATE"/>	
		<result column="TOTAL_AMT" property="totalAmt" jdbcType="NUMERIC"/>
		<result column="TOTAL_NUM" property="totalNum" jdbcType="NUMERIC"/>
		<result column="FILE_PATH" property="filePath" jdbcType="VARCHAR"/>	
		<result column="BUILD_DATE" property="buildDate" jdbcType="TIMESTAMP"/>	
	</resultMap>
	
	<resultMap id="reconGateFileMap" type="com.sfpay.acquirer.domain.ReconGateFile">
		<result column="req_bank_sn" property="bankReqSn" jdbcType="TIMESTAMP"/>	
		<result column="amt" property="amt" jdbcType="NUMERIC"/>
		<result column="trade_date" property="tradeDate" jdbcType="NUMERIC"/>
		<result column="CLEAR_DATE" property="clearDate" jdbcType="TIMESTAMP"/>	
		<result column="status" property="status" jdbcType="VARCHAR"/>	
		<result column="APPEND_BUS_TYPE" property="appendBusType" jdbcType="TIMESTAMP"/>	
		
	</resultMap>
	
	<!-- 添加 -->
	<insert id="addReconGatewayFile" parameterType="com.sfpay.acquirer.domain.ReconGatewayFile">
		insert into  dm_acq.recon_gate_way_file 
		(
			 id,recon_date,clear_date,total_amt,total_num,file_path,build_date,remark,create_date
		)
		values
		(
			dm_acq.SEQ_RECON_GATE_WAY_FILE.Nextval,systimestamp,#{clearDate,jdbcType=DATE},#{totalAmt,jdbcType=NUMERIC},#{totalNum,jdbcType=NUMERIC}
			,#{filePath,jdbcType=VARCHAR},systimestamp,#{remark,jdbcType=VARCHAR},systimestamp
		)
	</insert>
	
	<!-- 根据对账日期修改 -->
	<update id="updateReconGatewayFile">
		update dm_acq.recon_gate_way_file
		<set>
			<if test="remark != null and remark != ''">REMARK=#{remark},</if>
			total_amt=#{totalAmt,jdbcType=NUMERIC},		
			total_num=#{totalNum,jdbcType=NUMERIC},			
			<if test="filePath != null and filePath != ''">file_path=#{filePath,jdbcType=VARCHAR},</if>
			recon_date=systimestamp,
			build_date=systimestamp,
			update_date=systimestamp
		</set>		
		where <![CDATA[clear_date>=trunc(#{clearDate,jdbcType=DATE}) 
			and  clear_date<trunc(#{clearDate,jdbcType=DATE}+1) 	
		]]>
	</update>
	
	<!-- 根据对账日期查询网关对账文件 -->
	<select id="selectReconGatewayFile" resultMap="reconGatewayFileMap">
		select * from dm_acq.RECON_GATE_WAY_FILE t 
		where <![CDATA[t.clear_date>=trunc(#{clearDate,jdbcType=DATE}) 
			and 	t.clear_date<trunc(#{clearDate,jdbcType=DATE}+1) 	
		]]>
		order by t.id desc 
	</select>
	
	<!-- 网关交易的银行 -->
	<select id="selectBank" parameterType="map"   resultType="java.util.HashMap">
		 select  t.bank_code BANKCODE from dm_acq.collect_info t 
		 where 
		 <![CDATA[  ( t.end_time < trunc(#{tradeDate, jdbcType=DATE}+1)  AND  t.end_time >= trunc(#{tradeDate, jdbcType=DATE}) ) ]]> 
		 and t.system_source=#{systemSource,jdbcType=VARCHAR} 
		 and t. append_bus_type is null 
		 group by t.bank_code 
	</select>
	
	<!-- 已对账银行 -->
	<select id="selectReconBank"  resultType="java.util.HashMap">
		 select t.bank_code BANKCODE from dm_acq.RECON_COLLECT_RLT t 
		 where (<![CDATA[  ( t.trade_date < trunc(#{tradeDate, jdbcType=DATE}+1)  AND  t.trade_date >= trunc(#{tradeDate, jdbcType=DATE}) ) ]]>
		 or <![CDATA[  ( t.out_trade_date < trunc(#{tradeDate, jdbcType=DATE}+1)  AND  t.out_trade_date >= trunc(#{tradeDate, jdbcType=DATE}) ) ]]>)
		 group by t.bank_code
	</select>
	
	<!-- 查询需要生成网关对账文件的数据 -->
	<select id="findGatyFileData" parameterType="Map" resultMap="reconGateFileMap">
		select t.out_seqno bankReqSn,
		       nvl(t.amt,out_amt) amt,
		       nvl(t.trade_date,t.out_trade_date) clear_date,
		       c.end_time trade_date,
		       to_char('SUCCESS')  status,
		       c.append_bus_type APPEND_BUS_TYPE
		  from dm_acq.RECON_COLLECT_RLT t, dm_acq.COLLECT_INFO c
		  where t.recon_status = 'SUCCESS'
		   and t.out_seqno = c.req_bank_sn
		   <![CDATA[ and ( t.out_trade_date < trunc(#{tradeDate, jdbcType=DATE}+1)  AND  t.out_trade_date >= trunc(#{tradeDate, jdbcType=DATE}) ) ]]>
		   and c.system_source=#{systemSource,jdbcType=VARCHAR} 
		
		UNION
		 
		 select c1.req_bank_sn bankReqSn,
	           c1.amt amt,
	           c3.end_time clear_date,
	           nvl(c1.end_time,c1.begin_time) trade_date,
	           to_char('SUCCESS')  status,
	           to_char('REVERSE') APPEND_BUS_TYPE
      	from dm_acq.COLLECT_INFO c1, 
      	   (select c2.* from dm_acq.COLLECT_INFO c2 
      	   		where
      	   		<![CDATA[  ( c2.end_time < trunc(#{tradeDate, jdbcType=DATE}+1)  AND  c2.end_time >= trunc(#{tradeDate, jdbcType=DATE}) ) ]]>
      	   		and  c2.append_bus_type = 'REVERSE') c3
	     where c1.collect_no=c3.old_collect_no   
	     and c1.system_source=#{systemSource,jdbcType=VARCHAR} 
		
		UNION
		
		select c4.req_bank_sn bankReqSn,
	           c4.amt amt,
	           c6.end_time clear_date,
	           nvl(c4.end_time,c4.begin_time) trade_date,
	           to_char('SUCCESS')  status,
	           to_char('RESUPPLY') APPEND_BUS_TYPE
      	from dm_acq.COLLECT_INFO c4,
           (select c5.* from dm_acq.COLLECT_INFO c5 
             	where 
             	<![CDATA[  ( c5.end_time < trunc(#{tradeDate, jdbcType=DATE}+1)  AND  c5.end_time >= trunc(#{tradeDate, jdbcType=DATE}) ) ]]>
             	and c5.append_bus_type = 'RESUPPLY') c6
	     where c4.req_bank_sn =c6.req_bank_sn 
	        and c4.system_source=#{systemSource,jdbcType=VARCHAR} 
	        and c4.collect_no not in (
	           select collect_no from dm_acq.COLLECT_INFO
             	where 
             	<![CDATA[  ( end_time < trunc(#{tradeDate, jdbcType=DATE}+1)  AND  end_time >= trunc(#{tradeDate, jdbcType=DATE}) ) ]]>
             	and append_bus_type = 'RESUPPLY'
	        )
	
	</select>
</mapper>