<?xml version="1.0" encoding="UTF-8" ?>
<!DOCTYPE mapper PUBLIC "-//mybatis.org//DTD Mapper 3.0//EN" "http://mybatis.org/dtd/mybatis-3-mapper.dtd" >
<mapper namespace="com.sfpay.acquirer.dao.IReconBankFileCreateDao">
	<resultMap id="reconBankFileCreateMap" type="com.sfpay.acquirer.domain.ReconBankFileCreate">
		<id column="ID" property="id" jdbcType="NUMERIC"/>
		<result column="CHANNEL_CODE" property="channelCode" jdbcType="VARCHAR"/>
		<result column="BANK_CODE" property="bankCode" jdbcType="VARCHAR"/>	
		<result column="TRADE_DATE" property="tradeDate" jdbcType="DATE"/>	
		<result column="FILE_GET_FLAG" property="fileGetFlag" jdbcType="VARCHAR"/>	
		<result column="FILE_GET_DATE" property="fileGetDate" jdbcType="TIMESTAMP"/>	
		<result column="FILE_SAVE_PATH" property="fileSavePath" jdbcType="VARCHAR"/>	
		<result column="FILE_GET_CNT" property="fileGetCnt" jdbcType="NUMERIC"/>	
		<result column="REMARK" property="remark" jdbcType="VARCHAR"/>	
		<result column="CREATE_DATE" property="createDate" jdbcType="TIMESTAMP"/>	
	</resultMap>
	
	<sql id="selFrag">
		select id,channel_code,bank_code,trade_date,file_get_flag
		,file_get_date,file_save_path,file_get_cnt,remark
		,create_date from dm_acq.RECON_BANK_FILE_CREATE 
	</sql>
	
	<!-- 添加 -->
	<insert id="save" parameterType="com.sfpay.acquirer.domain.ReconBankFileCreate">
		insert into dm_acq.RECON_BANK_FILE_CREATE (ID, CHANNEL_CODE, BANK_CODE
					, TRADE_DATE, FILE_GET_FLAG, FILE_GET_DATE
					, FILE_SAVE_PATH, FILE_GET_CNT, REMARK, CREATE_DATE)
		values (dm_acq.SEQ_RECON_BANK_FILE_CREATE.Nextval, #{channelCode,jdbcType=VARCHAR}, #{bankCode,jdbcType=VARCHAR}
		, #{tradeDate,jdbcType=DATE}, #{fileGetFlag,jdbcType=VARCHAR}, #{fileGetDate,jdbcType=TIMESTAMP}
		, #{fileSavePath,jdbcType=VARCHAR}, #{fileGetCnt,jdbcType=NUMERIC}, #{remark,jdbcType=VARCHAR}, systimestamp)
	</insert>
	
	<!-- 修改 -->
	<update id="update">
		update dm_acq.recon_bank_file_create t
		<set>
			<if test="fileGetDate != null">t.file_get_date=#{fileGetDate,jdbcType=TIMESTAMP},</if>
			<if test="fileGetFlag != null and fileGetFlag != ''">t.file_get_flag=#{fileGetFlag,jdbcType=VARCHAR},</if>
			<if test="fileGetFlag != null and fileGetFlag != ''">t.file_save_path=#{fileSavePath,jdbcType=VARCHAR},</if>
			<if test="fileGetCnt != null and fileGetCnt != ''">t.file_get_cnt=#{fileGetCnt,jdbcType=NUMERIC},</if>
			<if test="remark != null and remark != ''">t.remark=#{remark,jdbcType=VARCHAR} </if>			
		</set>		
		where t.bank_code=#{bankCode,jdbcType=VARCHAR}  
		and t.channel_code=#{channelCode,jdbcType=VARCHAR}  
		and t.trade_date=#{tradeDate,jdbcType=DATE} 
	</update>
	
	<!-- 查询 -->
	<select id="query" resultMap="reconBankFileCreateMap">
		<include refid="selFrag"/> 
		where bank_code=#{bankCode,jdbcType=VARCHAR} 
		and channel_code=#{channelCode,jdbcType=VARCHAR} 
		and trade_date=#{tradeDate,jdbcType=DATE} 
	</select>
	
	
</mapper>