<?xml version="1.0" encoding="UTF-8" ?>
<!DOCTYPE mapper PUBLIC "-//mybatis.org//DTD Mapper 3.0//EN" "http://mybatis.org/dtd/mybatis-3-mapper.dtd" >

<mapper namespace="com.sfpay.acquirer.dao.IRtnPayCodeDao">
	<resultMap id="ReconResult" type="com.sfpay.acquirer.domain.RtnPayCodeInfo">
		<result column="RTN_CODE" property="rtnCode"/>
		<result column="RTN_MSG" property="rtnMsg"/>
		<result column="REMARK" property="remark"/>
		<result column="CREATE_DATE" property="createDate"/>
		<result column="RTN_PAY_CODE" property="rtnPayCode"/>
		<result column="UPDATE_DATE" property="updateDate"/>
	</resultMap>
	
	<!-- 根据银行编码，渠道，错误返回码取得对照的系统错误返回码对象  -->
	<select id="findRtnPayCode" resultType="com.sfpay.acquirer.domain.RtnPayCodeInfo">
		SELECT A.RTN_CODE, A.RTN_MSG, A.REMARK, A.CREATE_DATE, A.UPDATE_DATE
		FROM dm_acq.RTN_PAY_CODE A, dm_acq.RTN_CHANNEL_CODE B
		WHERE A.RTN_CODE=B.RTN_PAY_CODE AND B.BANK_CODE=#{bank, jdbcType=VARCHAR} 
		AND B.CHANNEL_CODE=#{channel, jdbcType=VARCHAR} AND B.RTN_CODE=#{rtnCode, jdbcType=VARCHAR}
	</select>
	
</mapper>