<?xml version="1.0" encoding="UTF-8" ?>
<!DOCTYPE mapper PUBLIC "-//mybatis.org//DTD Mapper 3.0//EN" "http://mybatis.org/dtd/mybatis-3-mapper.dtd" >
<mapper namespace="com.sfpay.acquirer.dao.ISFPayBankDao">
	<resultMap id="SFPayBank" type="com.sfpay.acquirer.domain.SFPayBank">
		<result column="CHANNEL_CODE" property="channelCode"/>
		<result column="SFP_BANK_CODE" property="sfpBankCode"/>
		<result column="SFP_BANK_NAME" property="sfpBankName"/>
		<result column="BANK_CODE" property="bankCode"/>
		<result column="COVER_BANK_CODE" property="coverBankCode"/>
		<result column="STATUS" property="status"/>
		<result column="SHOW_INDEX" property="showIndex" jdbcType="INTEGER"/>
	</resultMap>
	
	<select id="findBank" resultMap="SFPayBank">
		select t.channel_code, t.sfp_bank_code, t.sfp_bank_name, t.bank_code, t.cover_bank_code, t.status, t.show_index
		from dm_acq.SFP_BANK t
		where t.channel_code=#{channel, jdbcType=VARCHAR} and t.sfp_bank_code=#{sfpBank, jdbcType=VARCHAR}
		and t.status='ENABLED'
	</select>
	
	<select id="queryBank" resultMap="SFPayBank"><!-- 供外部系统显示银行用,不读取其它属性 -->
		select t.channel_code, t.sfp_bank_code, t.sfp_bank_name, t.show_index
		from dm_acq.SFP_BANK t where t.status='ENABLED'
		<if test="channel != null"> and t.channel_code=#{channel, jdbcType=VARCHAR}</if>
	</select>
	
</mapper>




