<?xml version="1.0" encoding="UTF-8" ?>
<!DOCTYPE mapper PUBLIC "-//mybatis.org//DTD Mapper 3.0//EN" "http://mybatis.org/dtd/mybatis-3-mapper.dtd" >
<mapper namespace="com.sfpay.acquirer.dao.IThirdCoverBankDao">
	<resultMap id="thirdCoverBank" type="com.sfpay.acquirer.domain.ThirdCoverBank">
		<result column="CHANNEL_CODE" property="channelCode" jdbcType="VARCHAR"/>
		<result column="BANK_CODE" property="bankCode" jdbcType="VARCHAR"/>
		<result column="COVER_BANK_CODE" property="coverBankCode" jdbcType="VARCHAR"/>
		<result column="COVER_BANK_NAME" property="coverBankName" jdbcType="VARCHAR"/>
		<result column="LOGO_URL" property="logoUrl" jdbcType="VARCHAR"/>	
		<result column="STATUS" property="status" jdbcType="VARCHAR"/>	
		<result column="REMARK" property="remark" jdbcType="VARCHAR"/>	
		<result column="SHOW_INDEX" property="showIndex" jdbcType="INTEGER"/>	
		<result column="ID" property="id" jdbcType="INTEGER"/>				
	</resultMap>
	
	<!-- 分页查询第三方支持的银行 -->
	<sql id="sqlThirdCoverBankPage">
		<if test="param.channelCode != null and param.channelCode != ''"> and r.CHANNEL_CODE = #{param.channelCode}</if>
  		<if test="param.bankCode != null and param.bankCode != ''"> and r.BANK_CODE = #{param.bankCode}</if>
  		<if test="param.status != null and param.status != ''"> and r.STATUS = #{param.status}</if>
	</sql>
	<select id="countThirdCoverBankPage" resultType="java.lang.Long">
		select count(1) from dm_acq.THIRD_COVER_BANK r <where><include refid="sqlThirdCoverBankPage"/></where>
	</select>
	<select id="queryThirdCoverBankPage" resultMap="thirdCoverBank">
		select * from (
			select rownum pos, r.* from (
				select id, channel_code, bank_code, cover_bank_code, cover_bank_name, logo_url, show_index, status, remark
				from dm_acq.third_cover_bank order by channel_code, show_index
			) r <where><include refid="sqlThirdCoverBankPage"/><![CDATA[ and rownum <= #{end}]]></where>
		) t where <![CDATA[t.pos > #{start}]]>
	</select>
	
	<update id="updateStatus">
		update dm_acq.THIRD_COVER_BANK t 
		<set>	
			<if test="status != null">STATUS=#{status},</if>
			<if test="remark != null">REMARK=#{remark},</if>
		</set>		
		where ID=#{id}
	</update>
	
   <!-- 根据id 修改第三方表的属性 -->
	<update id="updateThirdCoverBankById">
		update dm_acq.THIRD_COVER_BANK t 
		<set>	
			<if test="param.channelCode != null">t.CHANNEL_CODE=#{param.channelCode},</if>
			<if test="param.bankCode != null">t.BANK_CODE=#{param.bankCode},</if>
			<if test="param.coverBankCode != null">t.COVER_BANK_CODE=#{param.coverBankCode},</if>
			<if test="param.coverBankName != null">t.COVER_BANK_NAME=#{param.coverBankName},</if>
			<if test="param.logoUrl != null">t.LOGO_URL=#{param.logoUrl},</if>
			<if test="param.showIndex != null">t.SHOW_INDEX=#{param.showIndex},</if>
			<if test="param.remark != null">t.REMARK=#{param.remark},</if>
			t.UPDATE_DATE=systimestamp
		</set>		
		where ID=#{param.id}
	</update>
	
	
	<select id="queryThirdCoverBankById" parameterType="java.lang.Long" resultMap="thirdCoverBank">
	select t.ID,t.CHANNEL_CODE,t.BANK_CODE,t.COVER_BANK_CODE,t.COVER_BANK_NAME,t.LOGO_URL,t.SHOW_INDEX,t.REMARK FROM dm_acq.THIRD_COVER_BANK t
	WHERE t.ID=#{id}
	</select>
	
	
	
	
	
	<!-- 分页查询第三方支持的银行 LIST -->
	<select id="queryThirdCoverBankList"  resultMap="thirdCoverBank">
		select ID,CHANNEL_CODE,BANK_CODE,COVER_BANK_CODE,COVER_BANK_NAME,LOGO_URL,STATUS,SHOW_INDEX,REMARK
		from dm_acq.THIRD_COVER_BANK r
	    where r.CHANNEL_CODE = #{channelCode} 
	    and r.BANK_CODE = #{bankCode}
	    and r.STATUS = 'ENABLED'	    				
		order by r.CHANNEL_CODE,r.SHOW_INDEX
	</select>
	
</mapper>