<?xml version="1.0" encoding="UTF-8" ?>
<!DOCTYPE mapper PUBLIC "-//mybatis.org//DTD Mapper 3.0//EN" "http://mybatis.org/dtd/mybatis-3-mapper.dtd" >
<mapper namespace="com.sfpay.acquirer.dao.ITotalBatchInfoDao">
	<resultMap id="TotalBatchInfo" type="com.sfpay.acquirer.domain.TotalBatchInfo">
		<id column="ID" property="id"  />
		<result column="RULE_CODE" property="ruleCode" />
		<result column="BANK_CODE" property="payerBankName"  />
		<result column="PAYER_ACCT_NAME" property="payerAcctName"  />
		<result column="PAYER_ACCT_NO" property="payerAcctNo"  />
		<result column="RULE_NAME" property="ruleName" />
		<result column="TOTAL_BATCH_CODE" property="totalBatchCode"  />
		<result column="TOTAL_BATCH_CNT" property="totalBatchCnt"  jdbcType="NUMERIC" />
		<result column="TOTAL_BATCH_AMT" property="totalBatchAmt"  jdbcType="NUMERIC" />
		<result column="STATUS" property="status" />
		<result column="CHECK_OPERATOR" property="checkOperator"  />
		<result column="CHECK_DATE" property="checkDate"  jdbcType="TIMESTAMP"/>
		<result column="CHECK_DESC" property="checkDesc"  />
		<result column="CREATE_TOTAL_BATCH_DATE" property="createTotalBatchDate"  jdbcType="TIMESTAMP"/>
		<result column="REMARK" property="remark"  />
		<result column="CREATE_OPERATOR" property="createOperator"  />		
	</resultMap>
		
	<!-- 追加批次信息 -->
	<insert id="saveTotalBatchInfo" parameterType="com.sfpay.acquirer.domain.TotalBatchInfo">
		<selectKey keyProperty="totalBatchCode" resultType="string" order="BEFORE">  
           select to_char(sysdate, 'yyyyMMdd') || lpad(mod(dm_acq.SEQ_TOTAL_BATCH_CODE.nextval,100000000),8,'0') from dual
   		</selectKey>
		insert into dm_acq.TOTAL_BATCH_INFO (
			id, rule_code, total_batch_code,total_batch_cnt,total_batch_amt,status,remark,
			create_operator, create_total_batch_date, create_date
		) values (
			dm_acq.SEQ_TOTAL_BATCH_INFO.nextval, #{ruleCode, jdbcType=VARCHAR}, #{totalBatchCode, jdbcType=VARCHAR},
			#{totalBatchCnt, jdbcType=NUMERIC}, #{totalBatchAmt, jdbcType=NUMERIC},
			#{status, jdbcType=VARCHAR},#{remark, jdbcType=VARCHAR},
			#{createOperator, jdbcType=VARCHAR}, systimestamp, systimestamp
		)
	</insert>
	
	<!-- 分页查询  查询参数 -->
	<sql id="queryPageCondition">
		<if test="param.ruleCode != null and param.ruleCode != ''">
			and t1.rule_Code=#{param.ruleCode}
		</if>		
		<if test="param.beginDate != null"><![CDATA[and t1.create_total_batch_date >= #{param.beginDate,jdbcType=DATE}]]></if>
		<if test="param.endDate != null "><![CDATA[and t1.create_total_batch_date < #{param.endDate,jdbcType=DATE}+1]]></if>
		<if test="param.payerAcctNo != null and param.payerAcctNo != ''">
			and t2.account_no=#{param.payerAcctNo}
		</if>
		<if test="param.payerAcctName != null and param.payerAcctName != ''">
			and instr(t2.account_name,#{param.payerAcctName, jdbcType=VARCHAR})>0
		</if>
		<if test="param.payerOrgCode != null and param.payerOrgCode != ''">
			and t2.bank_code=#{param.payerOrgCode}
		</if>
	</sql>	
	<!-- 分页查询 总条数 -->
	<select id="queryPayoutForCheckTotalBatchCount" resultType="java.lang.Long">
		 select count(1)
		 from dm_acq.TOTAL_BATCH_INFO t1
		 WHERE t1.status = 'INIT'
		   and t1.total_batch_cnt > 0
		   and t1.total_batch_amt > 0
		   AND (EXISTS (SELECT 1
		                  FROM dm_acq.BATCH_RULE t, dm_ebank.account_info t2
		                 WHERE t.RULE_CODE = T1.RULE_CODE
		                   AND t2.ACCOUNT_NO = t.account_no
		                   <include refid="queryPageCondition"/>
		                   ) OR EXISTS
		        (SELECT 1
		           FROM dm_ebank.batch_rule           abr,
		           dm_ebank.channel_rule					  r
		          WHERE abr.ID = T1.RULE_CODE
		          and abr.id = r.id
		          <include refid="queryPageConditionAutoFail"/>
		            ))
	</select>
	<sql id="queryPageConditionAutoFail">
		<if test="param.beginDate != null"><![CDATA[and t1.create_total_batch_date >= #{param.beginDate,jdbcType=DATE}]]></if>
		<if test="param.endDate != null "><![CDATA[and t1.create_total_batch_date < #{param.endDate,jdbcType=DATE}+1]]></if>
	</sql>
	<!-- 复核批次前的查询 -->
	<select id="queryPayoutForCheckTotalBatch" resultMap="TotalBatchInfo">
		select tt.* from (
			select rownum rn,a.*
			from 
			(
			select t1.*,
			      t2.bank_code,
			      t.account_no    PAYER_ACCT_NO,
			      t2.account_name PAYER_ACCT_NAME,
			      t.rule_name
			 from dm_acq.TOTAL_BATCH_INFO t1, dm_acq.BATCH_RULE t
			 left join dm_ebank.account_info t2
			   on t.account_no = t2.account_no
			where t.rule_code = t1.rule_code
			  and t1.status = 'INIT'
			  and t1.total_batch_cnt > 0
		   	  and t1.total_batch_amt > 0
				<include refid="queryPageCondition"/>
	       union  
	      select t1.*,
		       '' as bank_code,
		       '' as PAYER_ACCT_NO,
		       '' as PAYER_ACCT_NAME,
		       t.channel_rule_name rule_name
		  from dm_ebank.channel_rule t, dm_acq.total_batch_info t1, dm_ebank.batch_rule au
		 where au.id = t.id
		   and t1.rule_code = au.id
		   and t1.status = 'INIT' 
		   and t1.total_batch_cnt > 0
		   and t1.total_batch_amt > 0
		   <include refid="queryPageConditionAutoFail"/>
	        ) a     
			where <![CDATA[rownum <= #{endPosition} ]]> order by a.id desc
		) tt where <![CDATA[ tt.rn > #{startPosition} ]]>	
	</select>
	<!-- 更新总批次状态 -->
	<update id="updateTotalBatchStatus">
	   update dm_acq.total_batch_info t
	   <set>
	      t.status=#{status,jdbcType=VARCHAR},
	      t.check_operator=#{checkOperator,jdbcType=VARCHAR},
	      t.check_date=sysdate,
	      t.check_desc=#{checkDesc,jdbcType=VARCHAR}
	   </set>
	   where t.total_batch_code=#{totalBatchCode,jdbcType=VARCHAR} and t.status=#{oldStatus,jdbcType=VARCHAR}
	</update>
	
	<select id="queryBatchInfo" resultMap="TotalBatchInfo">
	   select rule_code,total_batch_code,total_batch_cnt,total_batch_amt,status,check_operator,check_desc,create_operator from dm_acq.total_batch_info t
	   where t.status='INIT' and t.total_batch_code=#{totalBatchCode,jdbcType=VARCHAR}
	</select>
	
	<!-- 修改冻结/解冻信息 -->		
	<update id="updateFreeze">
	  update dm_acq.total_batch_info t
	  <set>
	     (t.total_batch_cnt,t.total_batch_amt,t.status,t.remark,t.UPDATE_DATE)
	     =(select count(1),
	     		  nvl(sum(p.amt),0),
	     		  decode(count(1),0,'DONE',t.status),
	     		  decode(count(1),0,#{remark, jdbcType=VARCHAR},t.remark),
	     		  systimestamp 
	     	from dm_acq.payout_info p where p.total_batch_code=t.total_batch_code and p.freeze_flag='N')
	  </set>
	  where t.total_batch_code in 
	  <foreach collection="tbNos"  open="(" close=")" item="tbNo" separator=",">#{tbNo, jdbcType=VARCHAR}</foreach>
	  and t.status = 'INIT'
	</update>
</mapper>