<?xml version="1.0" encoding="UTF-8" ?>
<!DOCTYPE mapper PUBLIC "-//mybatis.org//DTD Mapper 3.0//EN" "http://mybatis.org/dtd/mybatis-3-mapper.dtd" >
<mapper namespace="com.sfpay.acquirer.dao.IUnkownCollectDao">
	
	<resultMap id="UnkownCollect" type="com.sfpay.acquirer.domain.UnkownCollect">
		<result column="ID" property="id" jdbcType="INTEGER"/>		
		<result column="COLLECT_NO" property="collectNo" jdbcType="VARCHAR"/>
		<result column="PAY_NO" property="payNo" jdbcType="VARCHAR"/>
		<result column="BANK_CODE" property="bankCode" jdbcType="VARCHAR"/>
		<result column="CHANNEL_CODE" property="channelCode" jdbcType="VARCHAR"/>
		<result column="ORDER_TYPE" property="orderType" jdbcType="VARCHAR"/>
		<result column="FUND_WAY" property="fundWay" jdbcType="VARCHAR"/>
		<result column="AMT" property="amt" jdbcType="INTEGER"/>
		<result column="CCY" property="ccy" jdbcType="VARCHAR"/>
		<result column="FEE" property="fee" jdbcType="INTEGER"/>
		<result column="STATUS" property="status" jdbcType="VARCHAR"/>
		<result column="REQ_BANK_SN" property="reqBankSn" jdbcType="VARCHAR"/>
		<result column="TRADE_DATE" property="tradeDate" jdbcType="TIMESTAMP"/>
		<result column="RTN_BANK_CODE" property="rtnBankCode" jdbcType="VARCHAR"/>
		<result column="RTN_BANK_MSG" property="rtnBankMsg" jdbcType="VARCHAR"/>
		<result column="RTN_PAY_CODE" property="rtnPayCode" jdbcType="VARCHAR"/>
		<result column="CYCLE_CNT" property="cycleCnt" jdbcType="INTEGER"/>
		<result column="CREATE_DATE" property="createDate" jdbcType="TIMESTAMP"/>
		<result column="UPDATE_DATE" property="updateDate" jdbcType="TIMESTAMP"/>
	</resultMap>
	
	<!-- 插入未知收单信息记录 从收单记录表中查询1小时前的状态为初始或是未知的记录 -->
	<select id="addUnkownCollectFromCollectInfo" statementType="CALLABLE">
		<![CDATA[{call dm_acq.PKG_UNKOWN_COLLECT.pro_makeunkowncollect()}]]>
	</select>
	
	
	<!-- 通过未知状态的变更，确定更新收单记录表 -->
	<select id="updateUnkownCollect" statementType="CALLABLE" parameterType="com.sfpay.acquirer.domain.UnkownCollectParam">
		<![CDATA[{call dm_acq.PKG_UNKOWN_COLLECT.pro_handleunkowncollect(#{collectNo,mode=IN,jdbcType=VARCHAR},#{rtnBankCode,mode=IN,jdbcType=VARCHAR},#{rtnBankMsg,mode=IN,jdbcType=VARCHAR},#{rtnPayCode,mode=IN,jdbcType=VARCHAR},#{status,mode=IN,jdbcType=VARCHAR},#{proRtnCode,mode=OUT,jdbcType=VARCHAR})}]]>
	</select>
	
	<!-- 按条件查询所有的未知状态的收单记录 -->
	<select id="queryUnkownCollectList" resultMap="UnkownCollect">
		select ID,COLLECT_NO,PAY_NO,BANK_CODE,CHANNEL_CODE,ORDER_TYPE,FUND_WAY,AMT,CCY,FEE,TRADE_DATE,REQ_BANK_SN,RTN_BANK_CODE,RTN_BANK_MSG,STATUS,RTN_PAY_CODE,CYCLE_CNT,CREATE_DATE,UPDATE_DATE
		from dm_acq.UNKOWN_COLLECT t
		where CHANNEL_CODE=#{channelCode} and BANK_CODE=#{bankCode} and FUND_WAY=#{fundWay}
 		<if test=" orderType != null ">
 		and ORDER_TYPE=#{orderType}
 		</if>
 	</select>
	
</mapper>