<?xml version="1.0" encoding="GBK"?>
<CMBSDKPGK>
	<INFO><!-- SingleNode -->
		<DATTYP>2</DATTYP>
		<ERRMSG/>
		<FUNNAM>NTSTLINF</FUNNAM>
		<LGNNAM>QueryPublic</LGNNAM>
		<RETCOD>0</RETCOD>
	</INFO>
	<NTQPAYQYZ>
		<ATHFLG>N</ATHFLG>
		<BNKFLG>Y</BNKFLG>
		<BUSCOD>N02031</BUSCOD>
		<BUSMOD>00001</BUSMOD>
		<BUSNAR>BUSNAR</BUSNAR>
		<BUSSTS>A</BUSSTS>
		<CCYNBR>10</CCYNBR>
		<CRTACC>6225880230001175</CRTACC>
		<CRTADR>CRTADR</CRTADR>
		<CRTBBK>23</CRTBBK>
		<CRTBNK>CRTBNK</CRTBNK>
		<CRTNAM>CRTNAM</CRTNAM>
		<DBTACC>591902896710917</DBTACC>
		<DBTADR>DBTADR</DBTADR>
		<DBTBBK>58</DBTBBK>
		<DBTBNK>DBTBNK</DBTBNK>
		<DBTNAM>DBTNAM</DBTNAM>
		<DBTREL>0000008365</DBTREL>
		<EPTDAT>20150821</EPTDAT>
		<EPTTIM>000000</EPTTIM>
		<FEETYP>N</FEETYP>
		<LGNNAM>LGNNAM</LGNNAM>
		<NUSAGE>NUSAGE</NUSAGE>
		<OPRDAT>20150129</OPRDAT>
		<RCVTYP>P</RCVTYP>
		<REGFLG>N</REGFLG>
		<REQNBR>0028694945</REQNBR>
		<REQSTS>NTE</REQSTS>
		<RTNFLG>F</RTNFLG>
		<STLCHN>N</STLCHN>
		<TRSAMT>0.02</TRSAMT>
		<TRSBRN>577575</TRSBRN>
		<TRSTYP>100001</TRSTYP>
		<USRNAM>USRNAM</USRNAM>
		<YURREF>20150128100015454558</YURREF>
	</NTQPAYQYZ>
	<NTQPAYQYZ>
		<ATHFLG>N</ATHFLG>
		<BNKFLG>Y</BNKFLG>
		<BUSCOD>N02031</BUSCOD>
		<BUSMOD>00001</BUSMOD>
		<BUSNAR>BUSNAR</BUSNAR>
		<BUSSTS>A</BUSSTS>
		<CCYNBR>10</CCYNBR>
		<CRTACC>6225880230001175</CRTACC>
		<CRTADR>CRTADR</CRTADR>
		<CRTBBK>23</CRTBBK>
		<CRTBNK>CRTBNK</CRTBNK>
		<CRTNAM>CRTNAM</CRTNAM>
		<DBTACC>591902896710917</DBTACC>
		<DBTADR>DBTADR</DBTADR>
		<DBTBBK>58</DBTBBK>
		<DBTBNK>DBTBNK</DBTBNK>
		<DBTNAM>DBTNAM</DBTNAM>
		<DBTREL>0000008365</DBTREL>
		<EPTDAT>20150821</EPTDAT>
		<EPTTIM>000000</EPTTIM>
		<FEETYP>N</FEETYP>
		<LGNNAM>LGNNAM</LGNNAM>
		<NUSAGE>NUSAGE</NUSAGE>
		<OPRDAT>20150129</OPRDAT>
		<RCVTYP>P</RCVTYP>
		<REGFLG>N</REGFLG>
		<REQNBR>0028694946</REQNBR>
		<REQSTS>NTE</REQSTS>
		<RTNFLG>F</RTNFLG>
		<STLCHN>N</STLCHN>
		<TRSAMT>0.02</TRSAMT>
		<TRSBRN>577575</TRSBRN>
		<TRSTYP>100001</TRSTYP>
		<USRNAM>TRSTYP</USRNAM>
		<YURREF>20150128100015454692</YURREF>
	</NTQPAYQYZ>
</CMBSDKPGK>