<?xml version="1.0" encoding="GBK"?>
<CMBSDKPGK>
	<INFO>
		<DATTYP>2</DATTYP>
		<ERRMSG/>
		<FUNNAM>GetAgentDetail</FUNNAM>
		<LGNNAM>QueryPrivate</LGNNAM>
		<RETCOD>0</RETCOD>
	</INFO>
	<NTQATDQYZ>
		<ACCNBR>6225880230001175</ACCNBR>
		<CLTNAM>CLTNAM</CLTNAM>
		<ERRDSP>SDK0032: aa</ERRDSP>
		<STSCOD>S</STSCOD>
		<TRSAMT>0.02</TRSAMT>
		<TRSDSP>TRSDSP</TRSDSP>
	</NTQATDQYZ>
	<NTQATDQYZ>
		<ACCNBR>6225880230001175</ACCNBR>
		<CLTNAM>CLTNAM</CLTNAM>
		<ERRDSP>SDK0032: aa</ERRDSP>
		<STSCOD>S</STSCOD>
		<TRSAMT>0.02</TRSAMT>
		<TRSDSP>TRSDSP</TRSDSP>
	</NTQATDQYZ>
</CMBSDKPGK>