<?xml version="1.0" encoding="GBK"?>
<CMBSDKPGK>
	<INFO><!-- SingleNode -->
		<DATTYP>2</DATTYP>
		<ERRMSG/>
		<FUNNAM>DCPAYMNT</FUNNAM>
		<LGNNAM>TransPublic</LGNNAM>
		<RETCOD>0</RETCOD>
	</INFO>
	<NTQPAYRQZ>
		<SQRNBR>0</SQRNBR>
		<YURREF>20150131100015227518</YURREF>
		<REQNBR>0028696451</REQNBR>
		<REQSTS>NTE</REQSTS>
		<RTNFLG>0</RTNFLG>
		<OPRSQN>0</OPRSQN>
		<OPRALS>0</OPRALS>
		<ERRCOD>SUC0000</ERRCOD>
		<ERRTXT>0000000000</ERRTXT>
	</NTQPAYRQZ>
	<NTQPAYRQZ>
		<SQRNBR>0</SQRNBR>
		<YURREF>20150131100015227517</YURREF>
		<REQNBR>0028696452</REQNBR>
		<REQSTS>NTE</REQSTS>
		<RTNFLG>0</RTNFLG>
		<OPRSQN>0</OPRSQN>
		<OPRALS>0</OPRALS>
		<ERRCOD>SUC0000</ERRCOD>
		<ERRTXT>0000000000</ERRTXT>
	</NTQPAYRQZ>
</CMBSDKPGK>