<?xml version="1.0" encoding="utf-8" ?>
<beans xmlns="http://www.springframework.org/schema/beans"
	xmlns:xsi="http://www.w3.org/2001/XMLSchema-instance" 
	xmlns:context="http://www.springframework.org/schema/context"
	xsi:schemaLocation="http://www.springframework.org/schema/beans 
		 http://www.springframework.org/schema/beans/spring-beans-3.0.xsd
		 http://www.springframework.org/schema/context   
     http://www.springframework.org/schema/context/spring-context-3.0.xsd">

	<bean id="multipartResolver" class="org.springframework.web.multipart.commons.CommonsMultipartResolver">
		<!-- <property name="maxUploadSize" value="${admin.upload.file.maxByte}"/> -->
	</bean>

	<bean id="dubboArtifactListener" class="com.pingan.pafa5.admin.pizza.listener.DubboArtifactReadServiceListener">
		<property name="artifactReadService" ref="defDubboArtifactReadService"/>
		<property name="exportService" value="true"/>
	</bean>
	
	<bean id="polaService" class="com.pingan.pafa.pola.http.HttpPolaService" />
	
</beans>