<?xml version="1.0" encoding="UTF-8"?>
<beans xmlns="http://www.springframework.org/schema/beans"
	xmlns:xsi="http://www.w3.org/2001/XMLSchema-instance"
	xsi:schemaLocation="http://www.springframework.org/schema/beans
		 http://www.springframework.org/schema/beans/spring-beans.xsd" >

	<bean id="wefiles" class=" com.pingan.pafa.stp.wefiles.nas.WefilesNasBean">
		<property name="fileMetaServices" ref="fileMetaServices" />
		<property name="rootPath" value="${nas.root.path}" />
	</bean>

	<bean id="multipartResolver" class="org.springframework.web.multipart.commons.CommonsMultipartResolver"></bean>

	<bean id="defMongoTemplate" class="com.pingan.pafa.mongodb.MongoTemplateFactoryBean">
			<property name="configureResource" value="pizza:mongodb/${sar.mongodb.key}" />
	</bean>

	
</beans>