<?xml  version="1.0" encoding="GBK" ?>
<CMS>
	<eb>
		<pub>
			<TransCode>QPAYPER</TransCode>
			<CIS>400090003203326</CIS>
			<ID>thwldsdf.y.4000</ID>
			<BankCode>102</BankCode>
			<TranDate>20151028</TranDate>
			<TranTime>145730344000</TranTime>
			<fSeqno>20151028116293734747</fSeqno>
			<RetCode>0</RetCode>
			<RetMsg></RetMsg>
		</pub>
		<out>
			<QryfSeqno>20151028116293661259</QryfSeqno>
			<QrySerialNo>CMN366221024</QrySerialNo>
			<OnlBatF>1</OnlBatF>
			<SettleMode>0</SettleMode>
			<BusType></BusType>
			<RepReserved1></RepReserved1>
			<RepReserved2></RepReserved2>
			<rd>
				<iSeqno></iSeqno>
				<QryiSeqno>20151028116293661376</QryiSeqno>
				<QryOrderNo></QryOrderNo>
				<ReimburseNo></ReimburseNo>
				<ReimburseNum></ReimburseNum>
				<StartDate></StartDate>
				<StartTime></StartTime>
				<PayType></PayType>
				<PayAccNo>
				</PayAccNo>
				<PayAccNameCN>
				</PayAccNameCN>
				<PayAccNameEN></PayAccNameEN>
				<RecAccNo>
				</RecAccNo>
				<RecAccNameCN>
				</RecAccNameCN>
				<RecAccNameEN></RecAccNameEN>
				<SysIOFlg></SysIOFlg>
				<IsSameCity></IsSameCity>
				<RecICBCCode></RecICBCCode>
				<RecCityName></RecCityName>
				<RecBankNo></RecBankNo>
				<RecBankName>
				</RecBankName>
				<CurrType></CurrType>
				<PayAmt></PayAmt>
				<UseCode></UseCode>
				<UseCN>
				</UseCN>
				<EnSummary></EnSummary>
				<PostScript>
				</PostScript>
				<Summary>
				</Summary>
				<Ref></Ref>
				<Oref></Oref>
				<ERPSqn></ERPSqn>
				<BusCode></BusCode>
				<ERPcheckno></ERPcheckno>
				<CrvouhType></CrvouhType>
				<CrvouhName></CrvouhName>
				<CrvouhNo></CrvouhNo>
				<iRetCode></iRetCode>
				<iRetMsg></iRetMsg>
				<Result>7</Result>
				<instrRetCode>0</instrRetCode>
				<instrRetMsg>1</instrRetMsg>
				<BankRetTime></BankRetTime>
				<RepReserved3></RepReserved3>
				<RepReserved4></RepReserved4>
			</rd>
			<rd>
				<iSeqno></iSeqno>
				<QryiSeqno>20151028116293661420</QryiSeqno>
				<QryOrderNo></QryOrderNo>
				<ReimburseNo></ReimburseNo>
				<ReimburseNum></ReimburseNum>
				<StartDate></StartDate>
				<StartTime></StartTime>
				<PayType></PayType>
				<PayAccNo></PayAccNo>
				<PayAccNameCN></PayAccNameCN>
				<PayAccNameEN></PayAccNameEN>
				<RecAccNo></RecAccNo>
				<RecAccNameCN></RecAccNameCN>
				<RecAccNameEN></RecAccNameEN>
				<SysIOFlg></SysIOFlg>
				<IsSameCity></IsSameCity>
				<RecICBCCode></RecICBCCode>
				<RecCityName></RecCityName>
				<RecBankNo></RecBankNo>
				<RecBankName></RecBankName>
				<CurrType></CurrType>
				<PayAmt></PayAmt>
				<UseCode></UseCode>
				<UseCN></UseCN>
				<EnSummary></EnSummary>
				<PostScript></PostScript>
				<Summary></Summary>
				<Ref></Ref>
				<Oref></Oref>
				<ERPSqn></ERPSqn>
				<BusCode></BusCode>
				<ERPcheckno></ERPcheckno>
				<CrvouhType></CrvouhType>
				<CrvouhName></CrvouhName>
				<CrvouhNo></CrvouhNo>
				<iRetCode></iRetCode>
				<iRetMsg></iRetMsg>
				<Result>7</Result>
				<instrRetCode>0</instrRetCode>
				<instrRetMsg>1</instrRetMsg>
				<BankRetTime></BankRetTime>
				<RepReserved3></RepReserved3>
				<RepReserved4></RepReserved4>
			</rd>
		</out>
	</eb>
</CMS>