<?xml  version="1.0" encoding="GBK" ?>
<CMS>
	<eb>
		<pub>
			<TransCode>QPAYENT</TransCode>
			<CIS>400090003203326</CIS>
			<ID>thwldsdf.y.4000</ID>
			<BankCode>102</BankCode>
			<TranDate>20151028</TranDate>
			<TranTime>151640522000</TranTime>
			<fSeqno>20151028116294768476</fSeqno>
			<RetCode>0</RetCode>
			<RetMsg></RetMsg>
		</pub>
		<out>
			<QryfSeqno>20151028116294077272</QryfSeqno>
			<QrySerialNo>CMM577116916</QrySerialNo>
			<OnlBatF>1</OnlBatF>
			<SettleMode>0</SettleMode>
			<BusType></BusType>
			<rd>
				<iSeqno></iSeqno>
				<QryiSeqno>20151028116294077714</QryiSeqno>
				<QryOrderNo></QryOrderNo>
				<ReimburseNo></ReimburseNo>
				<ReimburseNum></ReimburseNum>
				<StartDate></StartDate>
				<StartTime></StartTime>
				<PayType></PayType>
				<PayAccNo> </PayAccNo>
				<PayAccNameCN>  </PayAccNameCN>
				<PayAccNameEN></PayAccNameEN>
				<RecAccNo> </RecAccNo>
				<RecAccNameCN>  </RecAccNameCN>
				<RecAccNameEN></RecAccNameEN>
				<SysIOFlg> </SysIOFlg>
				<IsSameCity> </IsSameCity>
				<RecICBCCode> </RecICBCCode>
				<RecCityName> </RecCityName>
				<RecBankNo></RecBankNo>
				<RecBankName>  </RecBankName>
				<CurrType></CurrType>
				<PayAmt></PayAmt>
				<UseCode></UseCode>
				<UseCN> </UseCN>
				<EnSummary></EnSummary>
				<PostScript>  </PostScript>
				<Summary> </Summary>
				<Ref></Ref>
				<Oref></Oref>
				<ERPSqn></ERPSqn>
				<BusCode></BusCode>
				<ERPcheckno></ERPcheckno>
				<CrvouhType></CrvouhType>
				<CrvouhName></CrvouhName>
				<CrvouhNo></CrvouhNo>
				<BankType></BankType>
				<FileNames></FileNames>
				<Indexs></Indexs>
				<PaySubNo></PaySubNo>
				<RecSubNo></RecSubNo>
				<iRetCode></iRetCode>
				<iRetMsg></iRetMsg>
				<Result>7</Result>
				<instrRetCode>0</instrRetCode>
				<instrRetMsg>1</instrRetMsg>
				<BankRetTime></BankRetTime>
			</rd>
			<rd>
				<iSeqno></iSeqno>
				<QryiSeqno>20151028116294077810</QryiSeqno>
				<QryOrderNo>2</QryOrderNo>
				<ReimburseNo></ReimburseNo>
				<ReimburseNum></ReimburseNum>
				<StartDate></StartDate>
				<StartTime></StartTime>
				<PayType></PayType>
				<PayAccNo></PayAccNo>
				<PayAccNameCN>  </PayAccNameCN>
				<PayAccNameEN></PayAccNameEN>
				<RecAccNo></RecAccNo>
				<RecAccNameCN> </RecAccNameCN>
				<RecAccNameEN></RecAccNameEN>
				<SysIOFlg></SysIOFlg>
				<IsSameCity></IsSameCity>
				<RecICBCCode></RecICBCCode>
				<RecCityName></RecCityName>
				<RecBankNo></RecBankNo>
				<RecBankName></RecBankName>
				<CurrType></CurrType>
				<PayAmt></PayAmt>
				<UseCode></UseCode>
				<UseCN> </UseCN>
				<EnSummary></EnSummary>
				<PostScript> </PostScript>
				<Summary> </Summary>
				<Ref></Ref>
				<Oref></Oref>
				<ERPSqn></ERPSqn>
				<BusCode></BusCode>
				<ERPcheckno></ERPcheckno>
				<CrvouhType></CrvouhType>
				<CrvouhName></CrvouhName>
				<CrvouhNo></CrvouhNo>
				<BankType></BankType>
				<FileNames></FileNames>
				<Indexs></Indexs>
				<PaySubNo></PaySubNo>
				<RecSubNo></RecSubNo>
				<iRetCode></iRetCode>
				<iRetMsg></iRetMsg>
				<Result>7</Result>
				<instrRetCode>0</instrRetCode>
				<instrRetMsg>1</instrRetMsg>
				<BankRetTime></BankRetTime>
			</rd>

		</out>
	</eb>
</CMS>