<?xml version="1.0" encoding="UTF-8"?>
<Configuration status="info">
  <Appenders>
	
    <RollingRandomAccessFile name="logFile" fileName="${pafa.log.home}/dubbo-admin.log" filePattern="${pafa.log.home}/dubbo-admin.log.%d{yyyy-MM-dd}" immediateFlush="false" bufferSize="8192">
      <PatternLayout pattern="[%d{HH:mm:ss.SSS}] [%-3p] %x %c{1}:  %m%n"/>
      <Policies>
        <TimeBasedTriggeringPolicy interval="1" modulate="true"/>
      </Policies>
    </RollingRandomAccessFile>
   <Async name="Async">
    	<AppenderRef ref="logFile"/>
    </Async>
  </Appenders>
  <Loggers>
    <Logger name="org.apache" level="ERROR"/>
    <Logger name="com.alibaba.dubbo.registry.zookeeper.ZookeeperRegistry" level="ERROR"/>
    
    <Root level="INFO">
      <AppenderRef ref="Async"/>
    </Root>
  </Loggers>
</Configuration>