<?xml version="1.0" encoding="UTF-8" ?>  
<!DOCTYPE mapper   
  PUBLIC "-//mybatis.org//DTD Mapper 3.0//EN"   
  "http://mybatis.org/dtd/mybatis-3-mapper.dtd">
<mapper namespace="com.pingan.pafa5.sample.dao.UserDao">

	<resultMap id="UserMap" type="com.pingan.pafa5.sample.dao.model.UserModel" />

	<!-- 新增记录 -->
	<insert id="insertUser" parameterType="UserModel"
		useGeneratedKeys="true" keyProperty="id">
		insert into t_user(id,username,nickname,sex,age)
		values(#{id},#{username},#{nickname},#{sex},#{age})
	</insert>
	<!-- 查询单条记录 -->
	<select id="getUser" parameterType="java.lang.String" resultMap="UserMap">
		select * from t_user where id = #{id}
	</select>
	<!-- 修改记录 -->
	<update id="updateUser" parameterType="UserModel">
		update t_user set username = #{username},nickname = #{nickname},sex =
		#{sex},age = #{age} where id = #{id}
	</update>
	<!-- 查询所有记录 -->
	<select id="getAll" resultType="UserModel">
		select * from t_user
	</select>
	<!-- 删除记录 -->
	<delete id="deleteUser" parameterType="java.lang.String">
		delete from t_user where id = #{id}
	</delete>

</mapper> 