<?xml version="1.0" encoding="UTF-8"?>
<metadata modelVersion="1.1.0">
  <groupId>com.dianping.cat</groupId>
  <artifactId>cat-client</artifactId>
  <version>2.0.0-SNAPSHOT</version>
  <versioning>
    <snapshot>
      <timestamp>20171115.125142</timestamp>
      <buildNumber>1</buildNumber>
    </snapshot>
    <lastUpdated>20171115125142</lastUpdated>
    <snapshotVersions>
      <snapshotVersion>
        <extension>jar</extension>
        <value>2.0.0-20171115.125142-1</value>
        <updated>20171115125142</updated>
      </snapshotVersion>
      <snapshotVersion>
        <extension>pom</extension>
        <value>2.0.0-20171115.125142-1</value>
        <updated>20171115125142</updated>
      </snapshotVersion>
    </snapshotVersions>
  </versioning>
</metadata>
