<?xml version="1.0" encoding="UTF-8"?>
<beans xmlns="http://www.springframework.org/schema/beans"
	xmlns:xsi="http://www.w3.org/2001/XMLSchema-instance" xmlns:aop="http://www.springframework.org/schema/aop"
	xmlns:context="http://www.springframework.org/schema/context" xmlns:p="http://www.springframework.org/schema/p"
	xsi:schemaLocation="http://www.springframework.org/schema/context http://www.springframework.org/schema/context/spring-context-3.0.xsd          
      http://www.springframework.org/schema/beans http://www.springframework.org/schema/beans/spring-beans-3.0.xsd 
      http://www.springframework.org/schema/aop http://www.springframework.org/schema/aop/spring-aop-3.0.xsd">

	<bean id="propertyConfigurer"
		class="org.springframework.beans.factory.config.PropertyPlaceholderConfigurer">
		<property name="locations">
			<list>
				<value>classpath:${profile.properties}/*.properties</value>
			</list>
		</property>
	</bean>
	<bean class="com.sfpay.upc.ccb.utils.SpringContextHolder" lazy-init="false" />
	<context:component-scan base-package="com.sfpay.upc.ccb" />
	<import resource="classpath:beans/beans-*.xml" />
	<!-- 激活annotation功能 -->
	<context:annotation-config />
	<!-- 激活annotation功能 -->
	<context:spring-configured />
</beans> 

