<?xml version="1.0" encoding="UTF-8"?>
<beans xmlns="http://www.springframework.org/schema/beans"
	xmlns:xsi="http://www.w3.org/2001/XMLSchema-instance" 
	xsi:schemaLocation="http://www.springframework.org/schema/beans 
		 http://www.springframework.org/schema/beans/spring-beans-3.0.xsd">
     
	 <bean id="wequeue_def_redis"
			class="com.pingan.pafa.redis.RedisFactoryBean">
			<property name="configureResource" value="${redis.pizza.url}"></property>
	 </bean>  
	
	 
	  <bean id="receipt_queue"
			class="com.pingan.pafa.redis.queue.RedisQueueBean">
			<property name="redis" ref="wequeue_def_redis"></property>
			<property name="id" value="${receipt.queue.id}"></property>
			<property name="elementClazz" value="com.pingan.pafa.stp.wequeue.common.msg.WequeueReceiptMsg"></property>
	 </bean>  
	 
	 <bean id="receipt_queue_cl"
			class="com.pingan.pafa.stp.wequeue.server.ReceiptQueueConsumeListener">
			<property name="wequeueServer" ref="wequeueServer"></property>
	 </bean>
	 
	 <bean id="receipt_queue_clc"
			class="com.pingan.pafa.redis.queue.ConsumeListenerContainer">
			<property name="redisQueue" ref="receipt_queue"></property>
			<property name="disabled" value="false"></property>
			<property name="threadPoolSize" value="${receipt.queue.consume.thread.size}"></property>
			<property name="consumeListener" ref="receipt_queue_cl"></property>
	 </bean>
	  
	  <!--  -->
	  <bean id="wequeueServer"
			class="com.pingan.pafa.stp.wequeue.server.WequeueServerBean">
			<property name="configKey" value="${wequeue.config.key}"></property>
			<property name="defRedis" ref="wequeue_def_redis"></property>
	 </bean>  
	 
    <bean id="retry_job_lock" class="com.pingan.pafa.redis.lock.RedisLockFactoryBean">
        <property name="redis" ref="wequeue_def_redis"></property>
        <property name="namespace" value="GLOCK_${sar.name}"></property>
        <property name="objectId" value="retry_notice_job"></property>
    </bean>
    
    <bean id="def_mongo_template" class="com.pingan.pafa.mongodb.MongoTemplateFactoryBean" >
		<property name="configureResource" value="${mongo.pizza.url}"/>
	</bean>
	
</beans>