﻿<?xml version="1.0" encoding="UTF-8"?>
<bocb2e>
	<head>
		<termid>E210021226002</termid>
		<trnid>201610671484</trnid>
		<custid>133731419</custid>
		<cusopr>136136705</cusopr>
		<trncod>b2e0079</trncod>
		<token>RWiYDE0Juq_BwctsWjCUpkx</token>
	</head>
	<trans>
		<trn-b2e0079-rs>
			<status>
				<rspcod>B001</rspcod>
				<rspmsg>ok</rspmsg>
			</status>
			<obssid>2394738237</obssid>
			<insid>20161001115572269192</insid>
			<actacn>767958040603</actacn>
			<pybcur>001</pybcur>
			<pybamt>0.78</pybamt>
			<pybnum>1</pybnum>
			<crdtyp>7</crdtyp>
			<furinfo>FD</furinfo>
			<useinf>REIMBURSE</useinf>
			<trfdate>20161001</trfdate>
			<b2e0079-rs>
				<status>
					<rspcod>B001</rspcod>
					<rspmsg>ok</rspmsg>
				</status>
				<toibkn>44</toibkn>
				<tobank/>
				<toactn>6013822000638295959</toactn>
				<toname>王胜军</toname>
				<pydcur/>
				<pydamt>0.78</pydamt>
				<toidtp/>
				<toidet/>
				<purpose>FD</purpose>
				<furinfo>REIMBURSE</furinfo>
				<reserve1/>
				<reserve2/>
				<reserve3/>
				<reserve4/>
			</b2e0079-rs>
		</trn-b2e0079-rs>
	</trans>
</bocb2e>