<?xml version="1.0" encoding="UTF-8"?>
<bocb2e version="120" locale="zh_CN">
	<head>
		<termid>E210021226002</termid>
		<trnid>201611783559</trnid>
		<custid>133731419</custid>
		<cusopr>136136705</cusopr>
		<trncod>b2e0001</trncod>
		<token>_2gTrwPKi1Zm-gltr6G7h3x</token>
	</head>
	<trans>
		<trn-b2e0001-rs>
			<status>
				<rspcod>B001</rspcod>
				<rspmsg>ok</rspmsg>
			</status>
			<serverdt>20161109143624</serverdt>
			<token>_2gTrwPKi1Zm-gltr6G7h3x</token>
		</trn-b2e0001-rs>
	</trans>
</bocb2e>