<?xml version="1.0" encoding="UTF-8"?>
<bocb2e version="120" locale="zh_CN">
	<head>
		<termid>E210021226002</termid>
		<trnid>201610717381</trnid>
		<custid>133731419</custid>
		<cusopr>136136705</cusopr>
		<trncod>b2e0078</trncod>
		<token>RWiYDE0Juq_BwctsWjCUpkx</token>
	</head>
	<trans>
		<trn-b2e0078-rs>
			<status>
				<rspcod>B001</rspcod>
				<rspmsg>ok</rspmsg>
			</status>
			<b2e0078-rs>
				<status>
					<rspcod>B001</rspcod>
					<rspmsg>ok</rspmsg>
				</status>
				<insid>20161001115572269192</insid>
				<obssid>2394738237</obssid>
			</b2e0078-rs>
		</trn-b2e0078-rs>
	</trans>
</bocb2e>