<?xml version="1.0" encoding="UTF-8"?>
<beans xmlns="http://www.springframework.org/schema/beans"
	xmlns:xsi="http://www.w3.org/2001/XMLSchema-instance" xmlns:aop="http://www.springframework.org/schema/aop"
	xmlns:context="http://www.springframework.org/schema/context" xmlns:p="http://www.springframework.org/schema/p"
	xsi:schemaLocation="http://www.springframework.org/schema/context http://www.springframework.org/schema/context/spring-context-3.0.xsd          
      http://www.springframework.org/schema/beans http://www.springframework.org/schema/beans/spring-beans-3.0.xsd 
      http://www.springframework.org/schema/aop http://www.springframework.org/schema/aop/spring-aop-3.0.xsd">

	<bean id="propertyConfigurer" class="com.sfpay.framework2.config.properties.PropertyPlaceholderConfigurer">
		<property name="locations">
			<list>
				<value>classpath:${profile.properties}/*.properties</value>
			</list>
		</property>
	</bean>
	
	<bean id="filterChainProxy" class="com.sfpay.framework2.web.filter.SimpleFilterChainProxy">
		<property name="filters">
			<list>
    			<bean class="org.springframework.web.filter.CharacterEncodingFilter">
    				<property name="encoding" value="UTF-8" />
    				<property name="forceEncoding" value="true" />
    			</bean>
    			<bean class="com.sfpay.framework2.web.filter.HttpServletHolderFilter" />
    			<bean class="com.sfpay.framework2.web.filter.LoggerMDCFilter" /> 
			</list>
		</property>
	</bean>

	<!-- zookeeper -->
	<bean
		class="com.sfpay.framework2.remote.zookeeper.configuration.ZookeeperConfigurerPostProcessor">
		<property name="url" value="${zookeeperUrl}" />
		<property name="pathConfigs">
			<list>
				<bean class="com.sfpay.framework2.remote.zookeeper.PathConfig">
					<property name="path" value="${zookeeperNode}" />
				</bean>
				<bean class="com.sfpay.framework2.remote.zookeeper.PathConfig">
					<property name="path" value="/global" />
				</bean>
			</list>
		</property>
	</bean>

	<import resource="classpath*:beans/beans-*.xml" />

	<!-- 自动扫描了所有的XxxxMapper.java -->
	<bean class="org.mybatis.spring.mapper.MapperScannerConfigurer">
		<property name="basePackage" value="com.sfpay.*.dao" />
	</bean>

	<!-- 扫描指定package下所有带有如@controller,@services,@resource,并把所注释的注册为Spring Beans -->
	<context:component-scan base-package="com.sfpay.bill">
	</context:component-scan>
	<!-- task 所需配置 -->
	<context:component-scan  base-package="com.sfpay.module.schedule.client.service"/>
	<bean class="com.sfpay.module.schedule.client.service.util.SpringContextHolder" lazy-init="false" />
	
	
</beans> 

