<?xml version="1.0" encoding="GBK"?>
<CMS>
	<eb>
		<pub>
			<TransCode>PAYENT</TransCode>
			<CIS>400090003203326</CIS>
			<BankCode>102</BankCode>
			<ID>thwldsdf.y.4000</ID>
			<TranDate>20151028</TranDate>
			<TranTime>145431405000</TranTime>
			<fSeqno>20151028116294077272</fSeqno>
		</pub>
		<in>
			<OnlBatF>1</OnlBatF>
			<SettleMode>0</SettleMode>
			<TotalNum>2</TotalNum>
			<TotalAmt>30875</TotalAmt>
			<SignTime>20151028145431406</SignTime>
			<ReqReserved1></ReqReserved1>
			<ReqReserved2></ReqReserved2>
			<rd>
				<iSeqno>20151028116294077714</iSeqno>
				<ReimburseNo></ReimburseNo>
				<ReimburseNum></ReimburseNum>
				<StartDate></StartDate>
				<StartTime></StartTime>
				<PayType>2</PayType>
				<PayAccNo> </PayAccNo>
				<PayAccNameCN>  </PayAccNameCN>
				<PayAccNameEN></PayAccNameEN>
				<RecAccNo>04398800000160</RecAccNo>
				<RecAccNameCN>  </RecAccNameCN>
				<RecAccNameEN></RecAccNameEN>
				<SysIOFlg>2</SysIOFlg>
				<IsSameCity></IsSameCity>
				<Prop>0</Prop>
				<RecICBCCode></RecICBCCode>
				<RecCityName>  </RecCityName>
				<RecBankNo></RecBankNo>
				<RecBankName>  </RecBankName>
				<CurrType>001</CurrType>
				<PayAmt>19000</PayAmt>
				<UseCode></UseCode>
				<UseCN>  </UseCN>
				<EnSummary>transfer</EnSummary>
				<PostScript>  </PostScript>
				<Summary>  </Summary>
				<Ref>20151028116294077714</Ref>
				<Oref></Oref>
				<ERPSqn>20151028116294077714</ERPSqn>
				<BusCode></BusCode>
				<ERPcheckno></ERPcheckno>
				<CrvouhType></CrvouhType>
				<CrvouhName></CrvouhName>
				<CrvouhNo></CrvouhNo>
				<BankType></BankType>
				<FileNames></FileNames>
				<Indexs></Indexs>
				<ReqReserved3></ReqReserved3>
				<ReqReserved4></ReqReserved4>
			</rd>
			<rd>
				<iSeqno>20151028116294077810</iSeqno>
				<ReimburseNo></ReimburseNo>
				<ReimburseNum></ReimburseNum>
				<StartDate></StartDate>
				<StartTime></StartTime>
				<PayType>2</PayType>
				<PayAccNo>4000023029200798344</PayAccNo>
				<PayAccNameCN>  </PayAccNameCN>
				<PayAccNameEN></PayAccNameEN>
				<RecAccNo>400058338537</RecAccNo>
				<RecAccNameCN>  </RecAccNameCN>
				<RecAccNameEN></RecAccNameEN>
				<SysIOFlg>2</SysIOFlg>
				<IsSameCity></IsSameCity>
				<Prop>0</Prop>
				<RecICBCCode></RecICBCCode>
				<RecCityName>  </RecCityName>
				<RecBankNo></RecBankNo>
				<RecBankName>  </RecBankName>
				<CurrType>001</CurrType>
				<PayAmt>11875</PayAmt>
				<UseCode></UseCode>
				<UseCN> </UseCN>
				<EnSummary>transfer</EnSummary>
				<PostScript>  </PostScript>
				<Summary>  </Summary>
				<Ref>20151028116294077810</Ref>
				<Oref></Oref>
				<ERPSqn>20151028116294077810</ERPSqn>
				<BusCode></BusCode>
				<ERPcheckno></ERPcheckno>
				<CrvouhType></CrvouhType>
				<CrvouhName></CrvouhName>
				<CrvouhNo></CrvouhNo>
				<BankType></BankType>
				<FileNames></FileNames>
				<Indexs></Indexs>
				<ReqReserved3></ReqReserved3>
				<ReqReserved4></ReqReserved4>
			</rd>
		</in>
	</eb>
</CMS>