<?xml version="1.0" encoding="GBK"?>
<CMS>
	<eb>
		<pub>
			<TransCode>PAYPER</TransCode>
			<CIS>400090003203326</CIS>
			<BankCode>102</BankCode>
			<ID>thwldsdf.y.4000</ID>
			<TranDate>20151028</TranDate>
			<TranTime>144929291000</TranTime>
			<fSeqno>20151028116293661259</fSeqno>
		</pub>
		<in>
			<OnlBatF>1</OnlBatF>
			<SettleMode>0</SettleMode>
			<TotalNum>2</TotalNum>
			<TotalAmt>222200</TotalAmt>
			<SignTime>20151028144929293</SignTime>
			<ReqReserved1></ReqReserved1>
			<ReqReserved2></ReqReserved2>
			<rd>
				<iSeqno>20151028116293661376</iSeqno>
				<ReimburseNo></ReimburseNo>
				<ReimburseNum></ReimburseNum>
				<StartDate></StartDate>
				<StartTime></StartTime>
				<PayType>2</PayType>
				<PayAccNo>4000023029200798344</PayAccNo>
				<PayAccNameCN>AAAAAAAAAA</PayAccNameCN>
				<PayAccNameEN></PayAccNameEN>
				<RecAccNo>4367422871190302904</RecAccNo>
				<RecAccNameCN> </RecAccNameCN>
				<RecAccNameEN></RecAccNameEN>
				<SysIOFlg>2</SysIOFlg>
				<IsSameCity></IsSameCity>
				<RecICBCCode></RecICBCCode>
				<RecCityName>  </RecCityName>
				<RecBankNo></RecBankNo>
				<RecBankName>  </RecBankName>
				<CurrType>001</CurrType>
				<PayAmt>209000</PayAmt>
				<UseCode></UseCode>
				<UseCN> </UseCN>
				<EnSummary></EnSummary>
				<PostScript> </PostScript>
				<Summary> </Summary>
				<Ref>20151028116293661376</Ref>
				<Oref></Oref>
				<ERPSqn>20151028116293661376</ERPSqn>
				<BusCode></BusCode>
				<ERPcheckno></ERPcheckno>
				<CrvouhType></CrvouhType>
				<CrvouhName></CrvouhName>
				<CrvouhNo></CrvouhNo>
				<ReqReserved3></ReqReserved3>
				<ReqReserved4></ReqReserved4>
			</rd>
			<rd>
				<iSeqno>20151028116293661420</iSeqno>
				<ReimburseNo></ReimburseNo>
				<ReimburseNum></ReimburseNum>
				<StartDate></StartDate>
				<StartTime></StartTime>
				<PayType>2</PayType>
				<PayAccNo>4000023029200798344</PayAccNo>
				<PayAccNameCN> </PayAccNameCN>
				<PayAccNameEN></PayAccNameEN>
				<RecAccNo>6222021408017301817</RecAccNo>
				<RecAccNameCN> </RecAccNameCN>
				<RecAccNameEN></RecAccNameEN>
				<SysIOFlg>1</SysIOFlg>
				<IsSameCity></IsSameCity>
				<RecICBCCode></RecICBCCode>
				<RecCityName> </RecCityName>
				<RecBankNo></RecBankNo>
				<RecBankName> </RecBankName>
				<CurrType>001</CurrType>
				<PayAmt>13200</PayAmt>
				<UseCode></UseCode>
				<UseCN> </UseCN>
				<EnSummary></EnSummary>
				<PostScript> </PostScript>
				<Summary> </Summary>
				<Ref>20151028116293661420</Ref>
				<Oref></Oref>
				<ERPSqn>20151028116293661420</ERPSqn>
				<BusCode></BusCode>
				<ERPcheckno></ERPcheckno>
				<CrvouhType></CrvouhType>
				<CrvouhName></CrvouhName>
				<CrvouhNo></CrvouhNo>
				<ReqReserved3></ReqReserved3>
				<ReqReserved4></ReqReserved4>
			</rd>
		</in>
	</eb>
</CMS>