<?xml version="1.0" encoding="UTF-8"?>
<beans xmlns="http://www.springframework.org/schema/beans"
	xmlns:xsi="http://www.w3.org/2001/XMLSchema-instance" 
	xmlns:p="http://www.springframework.org/schema/p"
	xmlns:context="http://www.springframework.org/schema/context"
	xsi:schemaLocation="http://www.springframework.org/schema/beans 
		http://www.springframework.org/schema/beans/spring-beans.xsd
		http://www.springframework.org/schema/context 
		http://www.springframework.org/schema/context/spring-context-3.2.xsd">

	<bean id="javaMailSender" class="org.springframework.mail.javamail.JavaMailSenderImpl">
		<property name="host" value="${mail.host}" />
		<property name="port" value="${mail.port}" />
		<property name="defaultEncoding" value="UTF-8" />
		<property name="javaMailProperties">
			<props>
				<prop key="mail.smtp.auth">${mail.auth}</prop>
				<prop key="prop">true</prop>
				<prop key="mail.smtp.timeout">${mail.timeout}</prop>
			</props>
		</property>
	</bean>

	<!--线程池异步发送邮件 -->
	<bean id="taskExecutor" class="org.springframework.scheduling.concurrent.ThreadPoolTaskExecutor">
		<property name="corePoolSize" value="5" />
		<property name="maxPoolSize" value="10" />
		<property name="queueCapacity" value="25" />
	</bean>

	<!--FreeMarker模板 -->
	<bean id="freeMarkerConfigurer" class="org.springframework.web.servlet.view.freemarker.FreeMarkerConfigurer">
		<property name="templateLoaderPath" value="classpath:mailtemplate" />
		<property name="freemarkerSettings">
			<props>
				<prop key="locale">zh_CN</prop>
				<prop key="default_encoding">UTF-8</prop>
			</props>
		</property>
	</bean>

</beans>
