<?xml version="1.0" encoding="UTF-8"?>
<beans xmlns="http://www.springframework.org/schema/beans"
	xmlns:xsi="http://www.w3.org/2001/XMLSchema-instance" 
	xsi:schemaLocation="http://www.springframework.org/schema/beans 
		 http://www.springframework.org/schema/beans/spring-beans-3.0.xsd">
		 
     <bean id="cluster" class="com.pingan.pafa.redis.RedisFactoryBean">
        <property name="configureResource" value="${redis.resource}"></property>
     </bean>

    <!-- redis分布式锁 -->
    <bean id="redislock" class="com.pingan.pafa.redis.lock.RedisLockFactoryImpl">
        <!-- 命名空间，防Key重复 -->
        <property name="namespace" value="pafa5_sample_locks"/>
        <!-- 锁过期时间，单位:秒 -->
        <property name="lockExpireTime" value="86400"/>

        <property name="redis" ref="cluster"/>
    </bean>
    
    <!-- Redis分布式缓存 -->
    <bean id="sample_cache" class="com.pingan.pafa.redis.cache.RedisCacheFactory">
        <!-- 命名空间，防Key重复 -->
        <!--<property name="namespace" value=""/>-->
        <!-- cache对象 -->
        <property name="valueClazz" value="com.pingan.pafa5.sample.rediscluster.UserDTO"/>
        <property name="redis" ref="cluster"/>
    </bean>
    
    <!-- Redis分布式HashMap -->
    <bean id="sampleGlobalMapClusterFactory" class="com.pingan.pafa.redis.map.RedisMapFactoryBean">
        <property name="redis" ref="cluster"/>
        <!-- Map Key类型 -->
        <property name="keyClazz" value="java.lang.String"/>
        <!-- Map Value类型 -->
        <property name="valueClazz" value="com.pingan.pafa5.sample.rediscluster.UserDTO"/>
    </bean>
    
    <!-- Redis分布式HashMap -->
    <bean id="sampleGlobalMapCluster" class="com.pingan.pafa.redis.map.RedisClusterMapBean">
        <!-- 缓存对象ID -->
        <property name="id" value="pafa5_sample_map"/>
        <property name="redis" ref="cluster"/>
        <!-- Map Key类型 -->
        <property name="keyClazz" value="java.lang.String"/>
        <!-- Map Value类型 -->
        <property name="valueClazz" value="com.pingan.pafa5.sample.rediscluster.UserDTO"/>
    </bean>
    
    <!-- 队列 定义-->
    <bean id="sampleQueuefactory" class="com.pingan.pafa.redis.queue.RedisQueueFactory">
        <property name="redis" ref="cluster"/>
        <!-- 队列ID，自定义，redis全局唯一 -->
        <property name="id" value="pafa5_sample_Queue1"/>
        <!-- 队列存储对象类型 -->
        <property name="elementClazz" value="com.pingan.pafa5.sample.rediscluster.UserDTO"/>
    </bean>
    
    <!-- Redis分布式计数器 -->
    <bean id="sampleCounterInteger" class="com.pingan.pafa.redis.counter.RedisIntegerFactory">
        <property name="id" value="pafa5_sample_counter_integer"/>
        <property name="redis" ref="cluster"/>
    </bean>
    
    <!-- Redis分布式计数器 -->
    <bean id="sampleCounterLongfactory" class="com.pingan.pafa.redis.counter.RedisLongFactory">
        <property name="id" value="pafa5_sample_counter_long1"/>
        <property name="redis" ref="cluster"/>
    </bean>
	
</beans>