<?xml version="1.0" encoding="gb2312"?>
<BOCOMB2C>	
	<ApiURL>https://ebanktest.95559.com.cn/corporbank/NsTrans</ApiURL>				
	<OrderURL>https://pbanktest.95559.com.cn/netpay/MerPayB2C</OrderURL>					
	<EnableLog>true</EnableLog>														
	<LogPath>d:/1/</LogPath>										
	<SettlementFilePath>d:/1/</SettlementFilePath>				
	<MerchantCertFile>301310063009501.PFX</MerchantCertFile>		
	<MerchantCertPassword>12345678</MerchantCertPassword> 							
	<RootCertFile>test_root.cer</RootCertFile>					
</BOCOMB2C>