<?xml version="1.0" encoding="UTF-8"?>
<!DOCTYPE configuration PUBLIC "-//mybatis.org//DTD Config 3.0//EN" "http://mybatis.org/dtd/mybatis-3-config.dtd">
<configuration>
	<!-- 基础设置 -->
	<settings>
		<!-- changes from the defaults，全局启用或禁用延迟加载。当禁用时，所有关联对象都会即时加载。 -->
		<setting name="lazyLoadingEnabled" value="false" />
	</settings>
		 
	<!-- 别名定义 -->
	<typeAliases>
		<typeAlias alias="BatchInfo" type="com.sfpay.acquirer.domain.BatchInfo" />
		<typeAlias alias="BatchRule" type="com.sfpay.acquirer.domain.BatchRule" />
		<typeAlias alias="BatchRuleQueryParam" type="com.sfpay.acquirer.domain.BatchRuleQueryParam" />
		<typeAlias alias="BatchInfoQueryParam" type="com.sfpay.acquirer.domain.BatchInfoQueryParam" />
		<typeAlias alias="CardBindMobile" type="com.sfpay.acquirer.domain.CardBindMobile" />	
		<typeAlias alias="RtnChannelCodeInfo" type="com.sfpay.acquirer.domain.RtnChannelCodeInfo" />	
		<typeAlias alias="RtnPayCodeInfo" type="com.sfpay.acquirer.domain.RtnPayCodeInfo" />	
		<typeAlias alias="ChannelRateInfo" type="com.sfpay.acquirer.domain.ChannelRateInfo" />	
		<typeAlias alias="ChannelRateInfoQueryParam" type="com.sfpay.acquirer.domain.ChannelRateInfoQueryParam" />	
		<typeAlias alias="ReconCollectRlt" type="com.sfpay.acquirer.domain.ReconCollectRlt" />	
		<typeAlias alias="ReconLog" type="com.sfpay.acquirer.domain.ReconLog" />
		<typeAlias alias="OftenColInfo" type="com.sfpay.acquirer.domain.OftenColInfo" />
		<typeAlias alias="BatchRuleInfo" type="com.sfpay.acquirer.domain.BatchRuleInfo" />
		<typeAlias alias="DataTrans" type="com.sfpay.acquirer.domain.DataTrans" />				
	</typeAliases>
	      
</configuration>
