<?xml version="1.0" encoding="utf-8"?>
<beans xmlns="http://www.springframework.org/schema/beans"
	xmlns:xsi="http://www.w3.org/2001/XMLSchema-instance"
	xsi:schemaLocation="http://www.springframework.org/schema/beans  http://www.springframework.org/schema/beans/spring-beans-3.0.xsd">
	
	
	<bean id="sqlSessionFactory" class="org.mybatis.spring.SqlSessionFactoryBean">  
       <property name="dataSource" ref="dataSource" />  
       <property name="mapperLocations" value="classpath:com/pingan/pafa5/sample/sar/dao/mapper/*.xml" />  
       <property name="typeAliasesPackage" value="com.pingan.pafa5.sample.sar.dao.model" />  
    </bean> 
    
    <bean class="org.mybatis.spring.mapper.MapperScannerConfigurer">  
       <property name="basePackage" value="com.pingan.pafa5.sample.sar.dao" />  
       <property name="markerInterface" value="com.pingan.pafa5.sample.sar.utils.BaseMyBatisMapper"/>  
       <property name="sqlSessionFactoryBeanName" value="sqlSessionFactory"/>  
    </bean>
    
     <!-- Redis -->
	 <bean id="sample_redis"
			class="com.pingan.pafa.redis.RedisFactoryBean">
			<property name="configureResource" value="${redis.resource}"></property>
	 </bean>  
	
	<!-- redis分布式锁 -->
	<bean id="lock_factory"
			class="com.pingan.pafa.redis.lock.RedisLockFactoryImpl">
			<!-- 命名空间，防Key重复 -->
			<property name="namespace" value="sample_locks"></property>
			<!-- 锁过期时间，单位:秒 -->
			<property name="lockExpireTime" value="86400"></property>
			<property name="redis" ref="sample_redis"></property>
	</bean> 
	
</beans>