<?xml version="1.0" encoding="UTF-8"?>
<beans xmlns="http://www.springframework.org/schema/beans"
	xmlns:sfpay-mvc="http://www.sf-pay.com/schema/sfpay-mvc" xmlns:xsi="http://www.w3.org/2001/XMLSchema-instance"
	xmlns:aop="http://www.springframework.org/schema/aop" xmlns:context="http://www.springframework.org/schema/context"
	xmlns:p="http://www.springframework.org/schema/p"
	xsi:schemaLocation="http://www.springframework.org/schema/context http://www.springframework.org/schema/context/spring-context-3.0.xsd          
      http://www.springframework.org/schema/beans http://www.springframework.org/schema/beans/spring-beans-3.0.xsd 
      http://www.springframework.org/schema/aop http://www.springframework.org/schema/aop/spring-aop-3.0.xsd
      http://www.sf-pay.com/schema/sfpay-mvc http://www.sf-pay.com/schema/framework2-mvc.xsd">

	<sfpay-mvc:config>
		<sfpay-mvc:message-converter bean-name="jacksonHttpMessageConverter" />
		<sfpay-mvc:filter-chain-proxy bean-name="filterChainProxy">
			<list>
				<bean class="org.springframework.web.filter.CharacterEncodingFilter">
					<property name="encoding" value="UTF-8" />
					<property name="forceEncoding" value="true" />
				</bean>
				<bean class="com.sfpay.framework2.web.filter.HttpServletHolderFilter" />
				<bean class="com.sfpay.framework2.web.filter.LoggerMDCFilter" />
				<bean class="com.sfpay.framework2.web.filter.PageDigestFilter" />
				<ref local="distributedSessionFilter" />
			</list>
		</sfpay-mvc:filter-chain-proxy>
		<sfpay-mvc:message-exception-resolver
			order="20" />
	</sfpay-mvc:config>


	<bean id="propertyConfigurer"
		class="com.sfpay.framework.config.properties.PropertyPlaceholderConfigurer">
		<property name="locations">
			<list>
				<value>classpath:${profile.properties}/*.properties</value>
			</list>
		</property>
	</bean>


	<bean id="redisSentinelConfiguration"
		class="org.springframework.data.redis.connection.RedisSentinelConfiguration">
		<constructor-arg index="0" value="${master}" />
		<constructor-arg index="1">
			<set>
				<value>${redis1.url}</value>
				<value>${redis2.url}</value>
				<value>${redis3.url}</value>
			</set>
		</constructor-arg>
	</bean>


	<bean id="jedisConnectionFactory"
		class="org.springframework.data.redis.connection.jedis.JedisConnectionFactory"
		p:password="${redis.pass}" p:timeout="${redis.timeout}">
		<constructor-arg index="0" ref="redisSentinelConfiguration"></constructor-arg>
		<constructor-arg index="1" ref="jedisPoolConfig"></constructor-arg>
	</bean>
	<bean id="redisTemplate" class="org.springframework.data.redis.core.RedisTemplate"
		p:connection-factory-ref="jedisConnectionFactory" />

	<bean id="redisSessionDao"
		class="com.sfpay.framework2.web.session.SpringDataRedisSessionDao">
		<property name="redisTemplate" ref="redisTemplate"></property>
	</bean>
	<bean id="jedisPoolConfig" class="redis.clients.jedis.JedisPoolConfig">
		<property name="maxIdle" value="${redis.maxIdle}" />
		<property name="maxTotal" value="${redis.maxActive}" />
		<property name="minIdle" value="${redis.maxWait}" />
	</bean>

	<bean id="distributedSessionFilter"
		class="com.sfpay.framework2.web.session.DistributedSessionFilter">
		<property name="distributedSessionManager">
			<bean
				class="com.sfpay.framework2.web.session.DefaultDistributedSessionManager">
				<property name="distributedSessionDao">
					<ref bean="redisSessionDao" />
				</property>
				<property name="sessionCookieName" value="SFPAY_JSESSIONID" />
			</bean>
		</property>
	</bean>

	<!-- zookeeper -->
	<bean
		class="com.sfpay.framework2.remote.zookeeper.configuration.ZookeeperConfigurerPostProcessor">
		<property name="url" value="${zookeeperUrl}" />
		<property name="pathConfigs">
			<list>
				<bean class="com.sfpay.framework2.remote.zookeeper.PathConfig">
					<property name="path" value="${zookeeperNode}" />
				</bean>
				<bean class="com.sfpay.framework2.remote.zookeeper.PathConfig">
					<property name="path" value="/global" />
				</bean>
			</list>
		</property>
	</bean>

	<import resource="classpath:beans/beans-*.xml" />

	<!-- 扫描指定package下所有带有如@controller,@services,@resource,并把所注释的注册为Spring Beans -->
	<context:component-scan base-package="com.sfpay" />

	<!-- 通知商户定时任务 -->
<!-- 	<bean id="notifyTask" class="com.sfpay.mpay.task.MerNotifyTask" -->
<!-- 		init-method="execute" /> -->

	

	<bean
		class="com.sfpay.module.schedule.client.service.util.SpringContextHolder"
		lazy-init="false" />
	<!-- 扫描新高度任务客户端 -->
	<context:component-scan base-package="com.sfpay.module.schedule.client.service" />

</beans> 

