<?xml version="1.0" encoding="UTF-8"?>
<!DOCTYPE mapper PUBLIC "-//mybatis.org//DTD Mapper 3.0//EN" "http://mybatis.org/dtd/mybatis-3-mapper.dtd">
<mapper namespace="com.dashuf.dpbs.mapper.ChangeLogMapper">
  <resultMap id="BaseResultMap" type="com.dashuf.dpbs.model.ChangeLog">
    <!--
      WARNING - @mbg.generated
      This element is automatically generated by MyBatis Generator, do not modify.
    -->
    <id column="id" jdbcType="INTEGER" property="id" />
    <result column="change_no" jdbcType="VARCHAR" property="changeNo" />
    <result column="change_type" jdbcType="VARCHAR" property="changeType" />
    <result column="val_type" jdbcType="VARCHAR" property="valType" />
    <result column="before_val" jdbcType="VARCHAR" property="beforeVal" />
    <result column="after_val" jdbcType="VARCHAR" property="afterVal" />
    <result column="created_by" jdbcType="VARCHAR" property="createdBy" />
    <result column="created_date" jdbcType="TIMESTAMP" property="createdDate" />
    <result column="updated_by" jdbcType="VARCHAR" property="updatedBy" />
    <result column="updated_date" jdbcType="TIMESTAMP" property="updatedDate" />
  </resultMap>
  <sql id="Base_Column_List">
    <!--
      WARNING - @mbg.generated
      This element is automatically generated by MyBatis Generator, do not modify.
    -->
    id, change_no, change_type, val_type, before_val, after_val, created_by, created_date, 
    updated_by, updated_date
  </sql>
  <select id="selectByPrimaryKey" parameterType="java.lang.Integer" resultMap="BaseResultMap">
    <!--
      WARNING - @mbg.generated
      This element is automatically generated by MyBatis Generator, do not modify.
    -->
    select 
    <include refid="Base_Column_List" />
    from change_log
    where id = #{id,jdbcType=INTEGER}
  </select>
  <delete id="deleteByPrimaryKey" parameterType="java.lang.Integer">
    <!--
      WARNING - @mbg.generated
      This element is automatically generated by MyBatis Generator, do not modify.
    -->
    delete from change_log
    where id = #{id,jdbcType=INTEGER}
  </delete>
  <insert id="insert" parameterType="com.dashuf.dpbs.model.ChangeLog">
    <!--
      WARNING - @mbg.generated
      This element is automatically generated by MyBatis Generator, do not modify.
    -->
    <selectKey keyProperty="id" order="AFTER" resultType="java.lang.Integer">
      SELECT LAST_INSERT_ID()
    </selectKey>
    insert into change_log (change_no, change_type, val_type, 
      before_val, after_val, created_by, 
      created_date, updated_by, updated_date
      )
    values (#{changeNo,jdbcType=VARCHAR}, #{changeType,jdbcType=VARCHAR}, #{valType,jdbcType=VARCHAR}, 
      #{beforeVal,jdbcType=VARCHAR}, #{afterVal,jdbcType=VARCHAR}, #{createdBy,jdbcType=VARCHAR}, 
      #{createdDate,jdbcType=TIMESTAMP}, #{updatedBy,jdbcType=VARCHAR}, #{updatedDate,jdbcType=TIMESTAMP}
      )
  </insert>
  <insert id="insertSelective" parameterType="com.dashuf.dpbs.model.ChangeLog">
    <!--
      WARNING - @mbg.generated
      This element is automatically generated by MyBatis Generator, do not modify.
    -->
    <selectKey keyProperty="id" order="AFTER" resultType="java.lang.Integer">
      SELECT LAST_INSERT_ID()
    </selectKey>
    insert into change_log
    <trim prefix="(" suffix=")" suffixOverrides=",">
      <if test="changeNo != null">
        change_no,
      </if>
      <if test="changeType != null">
        change_type,
      </if>
      <if test="valType != null">
        val_type,
      </if>
      <if test="beforeVal != null">
        before_val,
      </if>
      <if test="afterVal != null">
        after_val,
      </if>
      <if test="createdBy != null">
        created_by,
      </if>
      <if test="createdDate != null">
        created_date,
      </if>
      <if test="updatedBy != null">
        updated_by,
      </if>
      <if test="updatedDate != null">
        updated_date,
      </if>
    </trim>
    <trim prefix="values (" suffix=")" suffixOverrides=",">
      <if test="changeNo != null">
        #{changeNo,jdbcType=VARCHAR},
      </if>
      <if test="changeType != null">
        #{changeType,jdbcType=VARCHAR},
      </if>
      <if test="valType != null">
        #{valType,jdbcType=VARCHAR},
      </if>
      <if test="beforeVal != null">
        #{beforeVal,jdbcType=VARCHAR},
      </if>
      <if test="afterVal != null">
        #{afterVal,jdbcType=VARCHAR},
      </if>
      <if test="createdBy != null">
        #{createdBy,jdbcType=VARCHAR},
      </if>
      <if test="createdDate != null">
        #{createdDate,jdbcType=TIMESTAMP},
      </if>
      <if test="updatedBy != null">
        #{updatedBy,jdbcType=VARCHAR},
      </if>
      <if test="updatedDate != null">
        #{updatedDate,jdbcType=TIMESTAMP},
      </if>
    </trim>
  </insert>
  <update id="updateByPrimaryKeySelective" parameterType="com.dashuf.dpbs.model.ChangeLog">
    <!--
      WARNING - @mbg.generated
      This element is automatically generated by MyBatis Generator, do not modify.
    -->
    update change_log
    <set>
      <if test="changeNo != null">
        change_no = #{changeNo,jdbcType=VARCHAR},
      </if>
      <if test="changeType != null">
        change_type = #{changeType,jdbcType=VARCHAR},
      </if>
      <if test="valType != null">
        val_type = #{valType,jdbcType=VARCHAR},
      </if>
      <if test="beforeVal != null">
        before_val = #{beforeVal,jdbcType=VARCHAR},
      </if>
      <if test="afterVal != null">
        after_val = #{afterVal,jdbcType=VARCHAR},
      </if>
      <if test="createdBy != null">
        created_by = #{createdBy,jdbcType=VARCHAR},
      </if>
      <if test="createdDate != null">
        created_date = #{createdDate,jdbcType=TIMESTAMP},
      </if>
      <if test="updatedBy != null">
        updated_by = #{updatedBy,jdbcType=VARCHAR},
      </if>
      <if test="updatedDate != null">
        updated_date = #{updatedDate,jdbcType=TIMESTAMP},
      </if>
    </set>
    where id = #{id,jdbcType=INTEGER}
  </update>
  <update id="updateByPrimaryKey" parameterType="com.dashuf.dpbs.model.ChangeLog">
    <!--
      WARNING - @mbg.generated
      This element is automatically generated by MyBatis Generator, do not modify.
    -->
    update change_log
    set change_no = #{changeNo,jdbcType=VARCHAR},
      change_type = #{changeType,jdbcType=VARCHAR},
      val_type = #{valType,jdbcType=VARCHAR},
      before_val = #{beforeVal,jdbcType=VARCHAR},
      after_val = #{afterVal,jdbcType=VARCHAR},
      created_by = #{createdBy,jdbcType=VARCHAR},
      created_date = #{createdDate,jdbcType=TIMESTAMP},
      updated_by = #{updatedBy,jdbcType=VARCHAR},
      updated_date = #{updatedDate,jdbcType=TIMESTAMP}
    where id = #{id,jdbcType=INTEGER}
  </update>
  <select id="countByModelSelective" parameterType="map" resultType="int">
    <!--
      WARNING - @mbg.generated
      This element is automatically generated by MyBatis Generator, do not modify.
    -->
    select count(*)
		from change_log
		<where>
			<include refid="dynamicModelSql" />
		</where>
  </select>
  <delete id="deleteByModelSelective" parameterType="map">
    <!--
      WARNING - @mbg.generated
      This element is automatically generated by MyBatis Generator, do not modify.
    -->
    	delete from change_log
		<where>
			<include refid="dynamicModelSql" />
		</where>
  </delete>
  <update id="updateByModelSelective" parameterType="map">
    <!--
      WARNING - @mbg.generated
      This element is automatically generated by MyBatis Generator, do not modify.
    -->
    update change_log
		<set>
			<if test="model.id != null">
				id = #{model.id, jdbcType=INTEGER},
			</if>
			<if test="model.changeNo != null">
				change_no = #{model.changeNo, jdbcType=VARCHAR},
			</if>
			<if test="model.changeType != null">
				change_type = #{model.changeType, jdbcType=VARCHAR},
			</if>
			<if test="model.valType != null">
				val_type = #{model.valType, jdbcType=VARCHAR},
			</if>
			<if test="model.beforeVal != null">
				before_val = #{model.beforeVal, jdbcType=VARCHAR},
			</if>
			<if test="model.afterVal != null">
				after_val = #{model.afterVal, jdbcType=VARCHAR},
			</if>
			<if test="model.createdBy != null">
				created_by = #{model.createdBy, jdbcType=VARCHAR},
			</if>
			<if test="model.createdDate != null">
				created_date = #{model.createdDate, jdbcType=TIMESTAMP},
			</if>
			<if test="model.updatedBy != null">
				updated_by = #{model.updatedBy, jdbcType=VARCHAR},
			</if>
			<if test="model.updatedDate != null">
				updated_date = #{model.updatedDate, jdbcType=TIMESTAMP},
			</if>
		</set>
		<where>
			<include refid="dynamicModelSql" />
		</where>
  </update>
  <sql id="dynamicModelSql">
    <!--
      WARNING - @mbg.generated
      This element is automatically generated by MyBatis Generator, do not modify.
    -->
    	<if test="cond != null">
			<if test="cond.id != null">
				and id = #{cond.id, jdbcType=INTEGER}
			</if>
			<if test="cond.changeNo != null and cond.changeNo != ''">
				and change_no <if test="!strict"> like concat('%', </if><if test="strict"> = </if>#{cond.changeNo, jdbcType=VARCHAR}<if test="!strict">, '%') </if>
			</if>
			<if test="cond.changeType != null and cond.changeType != ''">
				and change_type <if test="!strict"> like concat('%', </if><if test="strict"> = </if>#{cond.changeType, jdbcType=VARCHAR}<if test="!strict">, '%') </if>
			</if>
			<if test="cond.valType != null and cond.valType != ''">
				and val_type <if test="!strict"> like concat('%', </if><if test="strict"> = </if>#{cond.valType, jdbcType=VARCHAR}<if test="!strict">, '%') </if>
			</if>
			<if test="cond.beforeVal != null and cond.beforeVal != ''">
				and before_val <if test="!strict"> like concat('%', </if><if test="strict"> = </if>#{cond.beforeVal, jdbcType=VARCHAR}<if test="!strict">, '%') </if>
			</if>
			<if test="cond.afterVal != null and cond.afterVal != ''">
				and after_val <if test="!strict"> like concat('%', </if><if test="strict"> = </if>#{cond.afterVal, jdbcType=VARCHAR}<if test="!strict">, '%') </if>
			</if>
			<if test="cond.createdBy != null and cond.createdBy != ''">
				and created_by <if test="!strict"> like concat('%', </if><if test="strict"> = </if>#{cond.createdBy, jdbcType=VARCHAR}<if test="!strict">, '%') </if>
			</if>
			<if test="cond.createdDate != null">
				and created_date = #{cond.createdDate, jdbcType=TIMESTAMP}
			</if>
			<if test="cond.updatedBy != null and cond.updatedBy != ''">
				and updated_by <if test="!strict"> like concat('%', </if><if test="strict"> = </if>#{cond.updatedBy, jdbcType=VARCHAR}<if test="!strict">, '%') </if>
			</if>
			<if test="cond.updatedDate != null">
				and updated_date = #{cond.updatedDate, jdbcType=TIMESTAMP}
			</if>
		</if>
  </sql>
  <sql id="Base_Column_List_Prefix">
    <!--
      WARNING - @mbg.generated
      This element is automatically generated by MyBatis Generator, do not modify.
    -->
    my.id,my.change_no,my.change_type,my.val_type,my.before_val,my.after_val,my.created_by,my.created_date,my.updated_by,my.updated_date
  </sql>
  <select id="selectByModelSelective" parameterType="map" resultMap="BaseResultMap">
    <!--
      WARNING - @mbg.generated
      This element is automatically generated by MyBatis Generator, do not modify.
    -->
    select <include refid="Base_Column_List" /> 
		from change_log
		<where>
			<include refid="dynamicModelSql" />
		</where>
  </select>
  <insert id="insertBatchSelective" parameterType="java.util.List">
    <!--
      WARNING - @mbg.generated
      This element is automatically generated by MyBatis Generator, do not modify.
    -->
    insert into change_log
    <trim prefix="(" suffix=")" suffixOverrides=",">
      <if test="list[0].id!=null">
        id,
      </if>
      <if test="list[0].changeNo!=null">
        change_no,
      </if>
      <if test="list[0].changeType!=null">
        change_type,
      </if>
      <if test="list[0].valType!=null">
        val_type,
      </if>
      <if test="list[0].beforeVal!=null">
        before_val,
      </if>
      <if test="list[0].afterVal!=null">
        after_val,
      </if>
      <if test="list[0].createdBy!=null">
        created_by,
      </if>
      <if test="list[0].createdDate!=null">
        created_date,
      </if>
      <if test="list[0].updatedBy!=null">
        updated_by,
      </if>
      <if test="list[0].updatedDate!=null">
        updated_date,
      </if>
    </trim>
     values 
    <foreach collection="list" index="index" item="item" separator=",">
      <trim prefix=" (" suffix=")" suffixOverrides=",">
        <if test="item.id!=null">
          #{item.id,jdbcType=INTEGER},
        </if>
        <if test="item.changeNo!=null">
          #{item.changeNo,jdbcType=VARCHAR},
        </if>
        <if test="item.changeType!=null">
          #{item.changeType,jdbcType=VARCHAR},
        </if>
        <if test="item.valType!=null">
          #{item.valType,jdbcType=VARCHAR},
        </if>
        <if test="item.beforeVal!=null">
          #{item.beforeVal,jdbcType=VARCHAR},
        </if>
        <if test="item.afterVal!=null">
          #{item.afterVal,jdbcType=VARCHAR},
        </if>
        <if test="item.createdBy!=null">
          #{item.createdBy,jdbcType=VARCHAR},
        </if>
        <if test="item.createdDate!=null">
          #{item.createdDate,jdbcType=TIMESTAMP},
        </if>
        <if test="item.updatedBy!=null">
          #{item.updatedBy,jdbcType=VARCHAR},
        </if>
        <if test="item.updatedDate!=null">
          #{item.updatedDate,jdbcType=TIMESTAMP},
        </if>
      </trim>
    </foreach>
  </insert>
  <select id="selectOneByModelSelective" parameterType="map" resultMap="BaseResultMap">
    <!--
      WARNING - @mbg.generated
      This element is automatically generated by MyBatis Generator, do not modify.
    -->
    select <include refid="Base_Column_List" /> 
		from change_log
		<where>
			<include refid="dynamicModelSql" />
		</where>
		limit 1
  </select>
</mapper>