<?xml version="1.0" encoding="UTF-8"?>
<!DOCTYPE mapper PUBLIC "-//mybatis.org//DTD Mapper 3.0//EN" "http://mybatis.org/dtd/mybatis-3-mapper.dtd">
<mapper namespace="com.dashuf.dpbs.mapper.ClientInfoMapper">
  <resultMap id="BaseResultMap" type="com.dashuf.dpbs.model.ClientInfo">
    <!--
      WARNING - @mbg.generated
      This element is automatically generated by MyBatis Generator, do not modify.
    -->
    <id column="id" jdbcType="INTEGER" property="id" />
    <result column="client_no" jdbcType="VARCHAR" property="clientNo" />
    <result column="client_name" jdbcType="VARCHAR" property="clientName" />
    <result column="gender_cd" jdbcType="VARCHAR" property="genderCd" />
    <result column="client_age" jdbcType="INTEGER" property="clientAge" />
    <result column="nation_no" jdbcType="VARCHAR" property="nationNo" />
    <result column="nation_name" jdbcType="VARCHAR" property="nationName" />
    <result column="nation_name_val" jdbcType="VARCHAR" property="nation" />
    <result column="nation_name_cd" jdbcType="VARCHAR" property="nationCode" />
    <result column="permanent_address_val" jdbcType="VARCHAR" property="houseReg" />
    <result column="permanent_address_cd" jdbcType="VARCHAR" property="houseRegCode" />
    <result column="cert_no" jdbcType="VARCHAR" property="certNo" />
    <result column="valid_date" jdbcType="DATE" property="validDate" />
    <result column="address" jdbcType="VARCHAR" property="address" />
    <result column="issued_by" jdbcType="VARCHAR" property="issuedBy" />
    <result column="mobile_no" jdbcType="VARCHAR" property="mobileNo" />
    <result column="recon_user_no" jdbcType="VARCHAR" property="reconUserNo" />
    <result column="recon_date" jdbcType="TIMESTAMP" property="reconDate" />
    <result column="status" jdbcType="VARCHAR" property="status" />
    <result column="created_by" jdbcType="VARCHAR" property="createdBy" />
    <result column="created_date" jdbcType="TIMESTAMP" property="createdDate" />
    <result column="updated_by" jdbcType="VARCHAR" property="updatedBy" />
    <result column="updated_date" jdbcType="TIMESTAMP" property="updatedDate" />
  </resultMap>
  <sql id="Base_Column_List">
    <!--
      WARNING - @mbg.generated
      This element is automatically generated by MyBatis Generator, do not modify.
    -->
    id, client_no, client_name, gender_cd, client_age, nation_no, nation_name, permanent_address_val,
    permanent_address_cd, cert_no, valid_date, address, nation_name_val, nation_name_cd,
    issued_by, mobile_no, recon_user_no, recon_date, status, created_by, created_date, 
    updated_by, updated_date
  </sql>
  <select id="selectByPrimaryKey" parameterType="java.lang.Integer" resultMap="BaseResultMap">
    <!--
      WARNING - @mbg.generated
      This element is automatically generated by MyBatis Generator, do not modify.
    -->
    select 
    <include refid="Base_Column_List" />
    from client_info
    where id = #{id,jdbcType=INTEGER}
  </select>
  <delete id="deleteByPrimaryKey" parameterType="java.lang.Integer">
    <!--
      WARNING - @mbg.generated
      This element is automatically generated by MyBatis Generator, do not modify.
    -->
    delete from client_info
    where id = #{id,jdbcType=INTEGER}
  </delete>
  <insert id="insert" parameterType="com.dashuf.dpbs.model.ClientInfo">
    <!--
      WARNING - @mbg.generated
      This element is automatically generated by MyBatis Generator, do not modify.
    -->
    <selectKey keyProperty="id" order="AFTER" resultType="java.lang.Integer">
      SELECT LAST_INSERT_ID()
    </selectKey>
    insert into client_info (client_no, client_name, nation_no, 
      nation_name, cert_no, valid_date, 
      address, issued_by, mobile_no, 
      recon_user_no, recon_date, status, 
      created_by, created_date, updated_by, 
      updated_date)
    values (#{clientNo,jdbcType=VARCHAR}, #{clientName,jdbcType=VARCHAR}, #{nationNo,jdbcType=VARCHAR}, 
      #{nationName,jdbcType=VARCHAR}, #{certNo,jdbcType=VARCHAR}, #{validDate,jdbcType=DATE}, 
      #{address,jdbcType=VARCHAR}, #{issuedBy,jdbcType=VARCHAR}, #{mobileNo,jdbcType=VARCHAR}, 
      #{reconUserNo,jdbcType=VARCHAR}, #{reconDate,jdbcType=TIMESTAMP}, #{status,jdbcType=VARCHAR}, 
      #{createdBy,jdbcType=VARCHAR}, #{createdDate,jdbcType=TIMESTAMP}, #{updatedBy,jdbcType=VARCHAR}, 
      #{updatedDate,jdbcType=TIMESTAMP})
  </insert>
  <insert id="insertSelective" parameterType="com.dashuf.dpbs.model.ClientInfo">
    <!--
      WARNING - @mbg.generated
      This element is automatically generated by MyBatis Generator, do not modify.
    -->
    <selectKey keyProperty="id" order="AFTER" resultType="java.lang.Integer">
      SELECT LAST_INSERT_ID()
    </selectKey>
    insert into client_info
    <trim prefix="(" suffix=")" suffixOverrides=",">
      <if test="clientNo != null">
        client_no,
      </if>
      <if test="clientName != null">
        client_name,
      </if>
      <if test="nationNo != null">
        nation_no,
      </if>
      <if test="nationName != null">
        nation_name,
      </if>
      <if test="certNo != null">
        cert_no,
      </if>
      <if test="validDate != null">
        valid_date,
      </if>
      <if test="address != null">
        address,
      </if>
      <if test="issuedBy != null">
        issued_by,
      </if>
      <if test="mobileNo != null">
        mobile_no,
      </if>
      <if test="reconUserNo != null">
        recon_user_no,
      </if>
      <if test="reconDate != null">
        recon_date,
      </if>
      <if test="status != null">
        status,
      </if>
      <if test="createdBy != null">
        created_by,
      </if>
      <if test="createdDate != null">
        created_date,
      </if>
      <if test="updatedBy != null">
        updated_by,
      </if>
      <if test="updatedDate != null">
        updated_date,
      </if>
    </trim>
    <trim prefix="values (" suffix=")" suffixOverrides=",">
      <if test="clientNo != null">
        #{clientNo,jdbcType=VARCHAR},
      </if>
      <if test="clientName != null">
        #{clientName,jdbcType=VARCHAR},
      </if>
      <if test="nationNo != null">
        #{nationNo,jdbcType=VARCHAR},
      </if>
      <if test="nationName != null">
        #{nationName,jdbcType=VARCHAR},
      </if>
      <if test="certNo != null">
        #{certNo,jdbcType=VARCHAR},
      </if>
      <if test="validDate != null">
        #{validDate,jdbcType=DATE},
      </if>
      <if test="address != null">
        #{address,jdbcType=VARCHAR},
      </if>
      <if test="issuedBy != null">
        #{issuedBy,jdbcType=VARCHAR},
      </if>
      <if test="mobileNo != null">
        #{mobileNo,jdbcType=VARCHAR},
      </if>
      <if test="reconUserNo != null">
        #{reconUserNo,jdbcType=VARCHAR},
      </if>
      <if test="reconDate != null">
        #{reconDate,jdbcType=TIMESTAMP},
      </if>
      <if test="status != null">
        #{status,jdbcType=VARCHAR},
      </if>
      <if test="createdBy != null">
        #{createdBy,jdbcType=VARCHAR},
      </if>
      <if test="createdDate != null">
        #{createdDate,jdbcType=TIMESTAMP},
      </if>
      <if test="updatedBy != null">
        #{updatedBy,jdbcType=VARCHAR},
      </if>
      <if test="updatedDate != null">
        #{updatedDate,jdbcType=TIMESTAMP},
      </if>
    </trim>
  </insert>
  <update id="updateByPrimaryKeySelective" parameterType="com.dashuf.dpbs.model.ClientInfo">
    <!--
      WARNING - @mbg.generated
      This element is automatically generated by MyBatis Generator, do not modify.
    -->
    update client_info
    <set>
      <if test="clientNo != null">
        client_no = #{clientNo,jdbcType=VARCHAR},
      </if>
      <if test="clientName != null">
        client_name = #{clientName,jdbcType=VARCHAR},
      </if>
      <if test="nationNo != null">
        nation_no = #{nationNo,jdbcType=VARCHAR},
      </if>
      <if test="nationName != null">
        nation_name = #{nationName,jdbcType=VARCHAR},
      </if>
      <if test="certNo != null">
        cert_no = #{certNo,jdbcType=VARCHAR},
      </if>
      <if test="validDate != null">
        valid_date = #{validDate,jdbcType=DATE},
      </if>
      <if test="address != null">
        address = #{address,jdbcType=VARCHAR},
      </if>
      <if test="issuedBy != null">
        issued_by = #{issuedBy,jdbcType=VARCHAR},
      </if>
      <if test="mobileNo != null">
        mobile_no = #{mobileNo,jdbcType=VARCHAR},
      </if>
      <if test="reconUserNo != null">
        recon_user_no = #{reconUserNo,jdbcType=VARCHAR},
      </if>
      <if test="reconDate != null">
        recon_date = #{reconDate,jdbcType=TIMESTAMP},
      </if>
      <if test="status != null">
        status = #{status,jdbcType=VARCHAR},
      </if>
      <if test="createdBy != null">
        created_by = #{createdBy,jdbcType=VARCHAR},
      </if>
      <if test="createdDate != null">
        created_date = #{createdDate,jdbcType=TIMESTAMP},
      </if>
      <if test="updatedBy != null">
        updated_by = #{updatedBy,jdbcType=VARCHAR},
      </if>
      <if test="updatedDate != null">
        updated_date = #{updatedDate,jdbcType=TIMESTAMP},
      </if>
    </set>
    where id = #{id,jdbcType=INTEGER}
  </update>
  <update id="updateByPrimaryKey" parameterType="com.dashuf.dpbs.model.ClientInfo">
    <!--
      WARNING - @mbg.generated
      This element is automatically generated by MyBatis Generator, do not modify.
    -->
    update client_info
    set client_no = #{clientNo,jdbcType=VARCHAR},
      client_name = #{clientName,jdbcType=VARCHAR},
      nation_no = #{nationNo,jdbcType=VARCHAR},
      nation_name = #{nationName,jdbcType=VARCHAR},
      cert_no = #{certNo,jdbcType=VARCHAR},
      valid_date = #{validDate,jdbcType=DATE},
      address = #{address,jdbcType=VARCHAR},
      issued_by = #{issuedBy,jdbcType=VARCHAR},
      mobile_no = #{mobileNo,jdbcType=VARCHAR},
      recon_user_no = #{reconUserNo,jdbcType=VARCHAR},
      recon_date = #{reconDate,jdbcType=TIMESTAMP},
      status = #{status,jdbcType=VARCHAR},
      created_by = #{createdBy,jdbcType=VARCHAR},
      created_date = #{createdDate,jdbcType=TIMESTAMP},
      updated_by = #{updatedBy,jdbcType=VARCHAR},
      updated_date = #{updatedDate,jdbcType=TIMESTAMP}
    where id = #{id,jdbcType=INTEGER}
  </update>
  <select id="countByModelSelective" parameterType="map" resultType="int">
    <!--
      WARNING - @mbg.generated
      This element is automatically generated by MyBatis Generator, do not modify.
    -->
    select count(*)
		from client_info
		<where>
			<include refid="dynamicModelSql" />
		</where>
  </select>
  <delete id="deleteByModelSelective" parameterType="map">
    <!--
      WARNING - @mbg.generated
      This element is automatically generated by MyBatis Generator, do not modify.
    -->
    	delete from client_info
		<where>
			<include refid="dynamicModelSql" />
		</where>
  </delete>
  <update id="updateByModelSelective" parameterType="map">
    <!--
      WARNING - @mbg.generated
      This element is automatically generated by MyBatis Generator, do not modify.
    -->
    update client_info
		<set>
			<if test="model.id != null">
				id = #{model.id, jdbcType=INTEGER},
			</if>
			<if test="model.clientNo != null">
				client_no = #{model.clientNo, jdbcType=VARCHAR},
			</if>
			<if test="model.clientName != null">
				client_name = #{model.clientName, jdbcType=VARCHAR},
			</if>
			<if test="model.nationNo != null">
				nation_no = #{model.nationNo, jdbcType=VARCHAR},
			</if>
			<if test="model.nationName != null">
				nation_name = #{model.nationName, jdbcType=VARCHAR},
			</if>
			<if test="model.certNo != null">
				cert_no = #{model.certNo, jdbcType=VARCHAR},
			</if>
			<if test="model.validDate != null">
				valid_date = #{model.validDate, jdbcType=DATE},
			</if>
			<if test="model.address != null">
				address = #{model.address, jdbcType=VARCHAR},
			</if>
			<if test="model.issuedBy != null">
				issued_by = #{model.issuedBy, jdbcType=VARCHAR},
			</if>
			<if test="model.mobileNo != null">
				mobile_no = #{model.mobileNo, jdbcType=VARCHAR},
			</if>
			<if test="model.reconUserNo != null">
				recon_user_no = #{model.reconUserNo, jdbcType=VARCHAR},
			</if>
			<if test="model.reconDate != null">
				recon_date = #{model.reconDate, jdbcType=TIMESTAMP},
			</if>
			<if test="model.status != null">
				status = #{model.status, jdbcType=VARCHAR},
			</if>
			<if test="model.createdBy != null">
				created_by = #{model.createdBy, jdbcType=VARCHAR},
			</if>
			<if test="model.createdDate != null">
				created_date = #{model.createdDate, jdbcType=TIMESTAMP},
			</if>
			<if test="model.updatedBy != null">
				updated_by = #{model.updatedBy, jdbcType=VARCHAR},
			</if>
			<if test="model.updatedDate != null">
				updated_date = #{model.updatedDate, jdbcType=TIMESTAMP},
			</if>
		</set>
		<where>
			<include refid="dynamicModelSql" />
		</where>
  </update>
  <sql id="dynamicModelSql">
    <!--
      WARNING - @mbg.generated
      This element is automatically generated by MyBatis Generator, do not modify.
    -->
    	<if test="cond != null">
			<if test="cond.id != null">
				and id = #{cond.id, jdbcType=INTEGER}
			</if>
			<if test="cond.clientNo != null and cond.clientNo != ''">
				and client_no <if test="!strict"> like concat('%', </if><if test="strict"> = </if>#{cond.clientNo, jdbcType=VARCHAR}<if test="!strict">, '%') </if>
			</if>
			<if test="cond.clientName != null and cond.clientName != ''">
				and client_name <if test="!strict"> like concat('%', </if><if test="strict"> = </if>#{cond.clientName, jdbcType=VARCHAR}<if test="!strict">, '%') </if>
			</if>
			<if test="cond.nationNo != null and cond.nationNo != ''">
				and nation_no <if test="!strict"> like concat('%', </if><if test="strict"> = </if>#{cond.nationNo, jdbcType=VARCHAR}<if test="!strict">, '%') </if>
			</if>
			<if test="cond.nationName != null and cond.nationName != ''">
				and nation_name <if test="!strict"> like concat('%', </if><if test="strict"> = </if>#{cond.nationName, jdbcType=VARCHAR}<if test="!strict">, '%') </if>
			</if>
			<if test="cond.certNo != null and cond.certNo != ''">
				and cert_no <if test="!strict"> like concat('%', </if><if test="strict"> = </if>#{cond.certNo, jdbcType=VARCHAR}<if test="!strict">, '%') </if>
			</if>
			<if test="cond.validDate != null">
				and valid_date = #{cond.validDate, jdbcType=DATE}
			</if>
			<if test="cond.address != null and cond.address != ''">
				and address <if test="!strict"> like concat('%', </if><if test="strict"> = </if>#{cond.address, jdbcType=VARCHAR}<if test="!strict">, '%') </if>
			</if>
			<if test="cond.issuedBy != null and cond.issuedBy != ''">
				and issued_by <if test="!strict"> like concat('%', </if><if test="strict"> = </if>#{cond.issuedBy, jdbcType=VARCHAR}<if test="!strict">, '%') </if>
			</if>
			<if test="cond.mobileNo != null and cond.mobileNo != ''">
				and mobile_no <if test="!strict"> like concat('%', </if><if test="strict"> = </if>#{cond.mobileNo, jdbcType=VARCHAR}<if test="!strict">, '%') </if>
			</if>
			<if test="cond.reconUserNo != null and cond.reconUserNo != ''">
				and recon_user_no <if test="!strict"> like concat('%', </if><if test="strict"> = </if>#{cond.reconUserNo, jdbcType=VARCHAR}<if test="!strict">, '%') </if>
			</if>
			<if test="cond.reconDate != null">
				and recon_date = #{cond.reconDate, jdbcType=TIMESTAMP}
			</if>
			<if test="cond.status != null and cond.status != ''">
				and status <if test="!strict"> like concat('%', </if><if test="strict"> = </if>#{cond.status, jdbcType=VARCHAR}<if test="!strict">, '%') </if>
			</if>
			<if test="cond.createdBy != null and cond.createdBy != ''">
				and created_by <if test="!strict"> like concat('%', </if><if test="strict"> = </if>#{cond.createdBy, jdbcType=VARCHAR}<if test="!strict">, '%') </if>
			</if>
			<if test="cond.createdDate != null">
				and created_date = #{cond.createdDate, jdbcType=TIMESTAMP}
			</if>
			<if test="cond.updatedBy != null and cond.updatedBy != ''">
				and updated_by <if test="!strict"> like concat('%', </if><if test="strict"> = </if>#{cond.updatedBy, jdbcType=VARCHAR}<if test="!strict">, '%') </if>
			</if>
			<if test="cond.updatedDate != null">
				and updated_date = #{cond.updatedDate, jdbcType=TIMESTAMP}
			</if>
		</if>
  </sql>
  <sql id="Base_Column_List_Prefix">
    <!--
      WARNING - @mbg.generated
      This element is automatically generated by MyBatis Generator, do not modify.
    -->
    my.id,my.client_no,my.client_name,my.nation_no,my.nation_name,my.cert_no,my.valid_date,my.address,my.issued_by,my.mobile_no,my.recon_user_no,my.recon_date,my.status,my.created_by,my.created_date,my.updated_by,my.updated_date
  </sql>
  <select id="selectByModelSelective" parameterType="map" resultMap="BaseResultMap">
    <!--
      WARNING - @mbg.generated
      This element is automatically generated by MyBatis Generator, do not modify.
    -->
    select <include refid="Base_Column_List" /> 
		from client_info
		<where>
			<include refid="dynamicModelSql" />
		</where>
  </select>
  <insert id="insertBatchSelective" parameterType="java.util.List">
    <!--
      WARNING - @mbg.generated
      This element is automatically generated by MyBatis Generator, do not modify.
    -->
    insert into client_info
    <trim prefix="(" suffix=")" suffixOverrides=",">
      <if test="list[0].id!=null">
        id,
      </if>
      <if test="list[0].clientNo!=null">
        client_no,
      </if>
      <if test="list[0].clientName!=null">
        client_name,
      </if>
      <if test="list[0].nationNo!=null">
        nation_no,
      </if>
      <if test="list[0].nationName!=null">
        nation_name,
      </if>
      <if test="list[0].certNo!=null">
        cert_no,
      </if>
      <if test="list[0].validDate!=null">
        valid_date,
      </if>
      <if test="list[0].address!=null">
        address,
      </if>
      <if test="list[0].issuedBy!=null">
        issued_by,
      </if>
      <if test="list[0].mobileNo!=null">
        mobile_no,
      </if>
      <if test="list[0].reconUserNo!=null">
        recon_user_no,
      </if>
      <if test="list[0].reconDate!=null">
        recon_date,
      </if>
      <if test="list[0].status!=null">
        status,
      </if>
      <if test="list[0].createdBy!=null">
        created_by,
      </if>
      <if test="list[0].createdDate!=null">
        created_date,
      </if>
      <if test="list[0].updatedBy!=null">
        updated_by,
      </if>
      <if test="list[0].updatedDate!=null">
        updated_date,
      </if>
    </trim>
     values 
    <foreach collection="list" index="index" item="item" separator=",">
      <trim prefix=" (" suffix=")" suffixOverrides=",">
        <if test="item.id!=null">
          #{item.id,jdbcType=INTEGER},
        </if>
        <if test="item.clientNo!=null">
          #{item.clientNo,jdbcType=VARCHAR},
        </if>
        <if test="item.clientName!=null">
          #{item.clientName,jdbcType=VARCHAR},
        </if>
        <if test="item.nationNo!=null">
          #{item.nationNo,jdbcType=VARCHAR},
        </if>
        <if test="item.nationName!=null">
          #{item.nationName,jdbcType=VARCHAR},
        </if>
        <if test="item.certNo!=null">
          #{item.certNo,jdbcType=VARCHAR},
        </if>
        <if test="item.validDate!=null">
          #{item.validDate,jdbcType=DATE},
        </if>
        <if test="item.address!=null">
          #{item.address,jdbcType=VARCHAR},
        </if>
        <if test="item.issuedBy!=null">
          #{item.issuedBy,jdbcType=VARCHAR},
        </if>
        <if test="item.mobileNo!=null">
          #{item.mobileNo,jdbcType=VARCHAR},
        </if>
        <if test="item.reconUserNo!=null">
          #{item.reconUserNo,jdbcType=VARCHAR},
        </if>
        <if test="item.reconDate!=null">
          #{item.reconDate,jdbcType=TIMESTAMP},
        </if>
        <if test="item.status!=null">
          #{item.status,jdbcType=VARCHAR},
        </if>
        <if test="item.createdBy!=null">
          #{item.createdBy,jdbcType=VARCHAR},
        </if>
        <if test="item.createdDate!=null">
          #{item.createdDate,jdbcType=TIMESTAMP},
        </if>
        <if test="item.updatedBy!=null">
          #{item.updatedBy,jdbcType=VARCHAR},
        </if>
        <if test="item.updatedDate!=null">
          #{item.updatedDate,jdbcType=TIMESTAMP},
        </if>
      </trim>
    </foreach>
  </insert>
  <select id="selectOneByModelSelective" parameterType="map" resultMap="BaseResultMap">
    <!--
      WARNING - @mbg.generated
      This element is automatically generated by MyBatis Generator, do not modify.
    -->
    select <include refid="Base_Column_List" /> 
		from client_info
		<where>
			<include refid="dynamicModelSql" />
		</where>
		limit 1
  </select>
 
  <insert id="initClientInfo" parameterType="com.dashuf.dpbs.model.ClientInfo">
    <selectKey keyProperty="id" order="AFTER" resultType="java.lang.Integer">
      SELECT LAST_INSERT_ID()
    </selectKey>
    replace into client_info (client_no,
    						 client_name,
      nation_name_val,
      nation_name_cd,
      permanent_address_val,
      permanent_address_cd,
                             gender_cd,
                             client_age,
      						 nation_name, 
      						 cert_no, 
      						 valid_date, 
      						 address, 
      						 issued_by, 
      						 mobile_no, 
      						 recon_user_no, 
      						 recon_date, 
      						 status)
		    select #{clientNo,jdbcType=VARCHAR}, 
		           #{clientName,jdbcType=VARCHAR},
		           #{nation,jdbcType=VARCHAR},
                   #{nationCode,jdbcType=VARCHAR},
                   #{houseReg,jdbcType=VARCHAR},
                   #{houseRegCode,jdbcType=VARCHAR},
		           #{genderCd,jdbcType=VARCHAR},
		           #{clientAge,jdbcType=INTEGER},
		      	   #{nationName,jdbcType=VARCHAR},
		      	   #{certNo,jdbcType=VARCHAR}, 
		      	   #{validDate,jdbcType=DATE}, 
		           #{address,jdbcType=VARCHAR}, 
		           #{issuedBy,jdbcType=VARCHAR}, 
		           #{mobileNo,jdbcType=VARCHAR}, 
		           #{reconUserNo,jdbcType=VARCHAR}, 
		           sysdate(),
		           'normal' 
      			from dual
  </insert>


    <insert id="initSingleClientInfo" parameterType="com.dashuf.dpbs.model.ClientInfo">
        <selectKey keyProperty="id" order="AFTER" resultType="java.lang.Integer">
            SELECT LAST_INSERT_ID()
        </selectKey>
        insert into client_info (client_no,
        client_name,
        nation_name_val,
        nation_name_cd,
        permanent_address_val,
        permanent_address_cd,
        gender_cd,
        client_age,
        nation_name,
        cert_no,
        valid_date,
        address,
        issued_by,
        mobile_no,
        recon_user_no,
        recon_date,
        status)
        values(#{clientNo,jdbcType=VARCHAR},
        #{clientName,jdbcType=VARCHAR},
        #{nation,jdbcType=VARCHAR},
        #{nationCode,jdbcType=VARCHAR},
        #{houseReg,jdbcType=VARCHAR},
        #{houseRegCode,jdbcType=VARCHAR},
        #{genderCd,jdbcType=VARCHAR},
        #{clientAge,jdbcType=INTEGER},
        #{nationName,jdbcType=VARCHAR},
        #{certNo,jdbcType=VARCHAR},
        #{validDate,jdbcType=DATE},
        #{address,jdbcType=VARCHAR},
        #{issuedBy,jdbcType=VARCHAR},
        #{mobileNo,jdbcType=VARCHAR},
        #{reconUserNo,jdbcType=VARCHAR},
        sysdate(),
        'normal')
    </insert>
  
  <select id="selectByPushOrderNo" resultMap="BaseResultMap">
  	select client_no, client_name, nation_no, nation_name, cert_no, mobile_no
  		   from client_info 
  		        where client_no = (select client_no from push_order_log where push_order_no = #{pushOrderNo, jdbcType=VARCHAR})
  </select>

    <select id="getClientBaseInfo" resultType="com.dashuf.dpbs.app.web.resp.business.ClientBaseInfoResp">
        SELECT
        t1.user_name AS userName,
        t.client_name AS clientName,
        t.cert_no AS certNo,
        t3.mobile_no AS mobileNo,
        t.recon_date AS reconDate,
        t2.push_order_no AS pushOrderNo
        FROM
        client_info t
        INNER JOIN user_info t1 ON t.recon_user_no = t1.user_no
        INNER JOIN push_order_log t2 ON t2.client_no = t.client_no
        left JOIN info_entry t3 ON t3.info_entry_no=t2.info_entry_no
        <where>
            <if test="pushOrderNo!=null and pushOrderNo!=''">
                t2.push_order_no=#{pushOrderNo}
            </if>
        </where>
    </select>
</mapper>