<?xml version="1.0" encoding="UTF-8"?>
<!DOCTYPE mapper PUBLIC "-//mybatis.org//DTD Mapper 3.0//EN" "http://mybatis.org/dtd/mybatis-3-mapper.dtd">
<mapper namespace="com.dashuf.dpbs.mapper.CreditSupplyInfoMapper">
  <resultMap id="BaseResultMap" type="com.dashuf.dpbs.model.CreditSupplyInfo">
    <!--
      WARNING - @mbg.generated
      This element is automatically generated by MyBatis Generator, do not modify.
    -->
    <id column="id" jdbcType="INTEGER" property="id" />
    <result column="credit_supply_no" jdbcType="VARCHAR" property="creditSupplyNo" />
    <result column="push_order_no" jdbcType="VARCHAR" property="pushOrderNo" />
    <result column="channel_source" jdbcType="VARCHAR" property="channelSource" />
    <result column="bank_code" jdbcType="VARCHAR" property="bankCode" />
    <result column="loan_amt" jdbcType="INTEGER" property="loanAmt" />
    <result column="loan_type" jdbcType="VARCHAR" property="loanType" />
    <result column="loan_date" jdbcType="TIMESTAMP" property="loanDate" />
    <result column="due_date" jdbcType="TIMESTAMP" property="dueDate" />
    <result column="first_repayment_date" jdbcType="TIMESTAMP" property="firstRepaymentDate" />
    <result column="loan_status_code" jdbcType="VARCHAR" property="loanStatusCode" />
    <result column="settlement_date" jdbcType="TIMESTAMP" property="settlementDate" />
    <result column="monthly_amt" jdbcType="DECIMAL" property="monthlyAmt" />
    <result column="created_date" jdbcType="TIMESTAMP" property="createdDate" />
    <result column="created_by" jdbcType="VARCHAR" property="createdBy" />
    <result column="updated_date" jdbcType="TIMESTAMP" property="updatedDate" />
    <result column="updated_by" jdbcType="VARCHAR" property="updatedBy" />
  </resultMap>
  <sql id="Base_Column_List">
    <!--
      WARNING - @mbg.generated
      This element is automatically generated by MyBatis Generator, do not modify.
    -->
    id, credit_supply_no, push_order_no, channel_source, bank_code, loan_amt, loan_type, 
    loan_date, due_date, first_repayment_date, loan_status_code, settlement_date, monthly_amt, 
    created_date, created_by, updated_date, updated_by
  </sql>
  <select id="selectByPrimaryKey" parameterType="java.lang.Integer" resultMap="BaseResultMap">
    <!--
      WARNING - @mbg.generated
      This element is automatically generated by MyBatis Generator, do not modify.
    -->
    select 
    <include refid="Base_Column_List" />
    from credit_supply_info
    where id = #{id,jdbcType=INTEGER}
  </select>
  <delete id="deleteByPrimaryKey" parameterType="java.lang.Integer">
    <!--
      WARNING - @mbg.generated
      This element is automatically generated by MyBatis Generator, do not modify.
    -->
    delete from credit_supply_info
    where id = #{id,jdbcType=INTEGER}
  </delete>
  <insert id="insert" parameterType="com.dashuf.dpbs.model.CreditSupplyInfo">
    <!--
      WARNING - @mbg.generated
      This element is automatically generated by MyBatis Generator, do not modify.
    -->
    <selectKey keyProperty="id" order="AFTER" resultType="java.lang.Integer">
      SELECT LAST_INSERT_ID()
    </selectKey>
    insert into credit_supply_info (credit_supply_no, push_order_no, channel_source, 
      bank_code, loan_amt, loan_type, 
      loan_date, due_date, first_repayment_date, 
      loan_status_code, settlement_date, monthly_amt, 
      created_date, created_by, updated_date, 
      updated_by)
    values (#{creditSupplyNo,jdbcType=VARCHAR}, #{pushOrderNo,jdbcType=VARCHAR}, #{channelSource,jdbcType=VARCHAR}, 
      #{bankCode,jdbcType=VARCHAR}, #{loanAmt,jdbcType=INTEGER}, #{loanType,jdbcType=VARCHAR}, 
      #{loanDate,jdbcType=TIMESTAMP}, #{dueDate,jdbcType=TIMESTAMP}, #{firstRepaymentDate,jdbcType=TIMESTAMP}, 
      #{loanStatusCode,jdbcType=VARCHAR}, #{settlementDate,jdbcType=TIMESTAMP}, #{monthlyAmt,jdbcType=DECIMAL}, 
      #{createdDate,jdbcType=TIMESTAMP}, #{createdBy,jdbcType=VARCHAR}, #{updatedDate,jdbcType=TIMESTAMP}, 
      #{updatedBy,jdbcType=VARCHAR})
  </insert>
  <insert id="insertSelective" parameterType="com.dashuf.dpbs.model.CreditSupplyInfo">
    <!--
      WARNING - @mbg.generated
      This element is automatically generated by MyBatis Generator, do not modify.
    -->
    <selectKey keyProperty="id" order="AFTER" resultType="java.lang.Integer">
      SELECT LAST_INSERT_ID()
    </selectKey>
    insert into credit_supply_info
    <trim prefix="(" suffix=")" suffixOverrides=",">
      <if test="creditSupplyNo != null">
        credit_supply_no,
      </if>
      <if test="pushOrderNo != null">
        push_order_no,
      </if>
      <if test="channelSource != null">
        channel_source,
      </if>
      <if test="bankCode != null">
        bank_code,
      </if>
      <if test="loanAmt != null">
        loan_amt,
      </if>
      <if test="loanType != null">
        loan_type,
      </if>
      <if test="loanDate != null">
        loan_date,
      </if>
      <if test="dueDate != null">
        due_date,
      </if>
      <if test="firstRepaymentDate != null">
        first_repayment_date,
      </if>
      <if test="loanStatusCode != null">
        loan_status_code,
      </if>
      <if test="settlementDate != null">
        settlement_date,
      </if>
      <if test="monthlyAmt != null">
        monthly_amt,
      </if>
      <if test="createdDate != null">
        created_date,
      </if>
      <if test="createdBy != null">
        created_by,
      </if>
      <if test="updatedDate != null">
        updated_date,
      </if>
      <if test="updatedBy != null">
        updated_by,
      </if>
    </trim>
    <trim prefix="values (" suffix=")" suffixOverrides=",">
      <if test="creditSupplyNo != null">
        #{creditSupplyNo,jdbcType=VARCHAR},
      </if>
      <if test="pushOrderNo != null">
        #{pushOrderNo,jdbcType=VARCHAR},
      </if>
      <if test="channelSource != null">
        #{channelSource,jdbcType=VARCHAR},
      </if>
      <if test="bankCode != null">
        #{bankCode,jdbcType=VARCHAR},
      </if>
      <if test="loanAmt != null">
        #{loanAmt,jdbcType=INTEGER},
      </if>
      <if test="loanType != null">
        #{loanType,jdbcType=VARCHAR},
      </if>
      <if test="loanDate != null">
        #{loanDate,jdbcType=TIMESTAMP},
      </if>
      <if test="dueDate != null">
        #{dueDate,jdbcType=TIMESTAMP},
      </if>
      <if test="firstRepaymentDate != null">
        #{firstRepaymentDate,jdbcType=TIMESTAMP},
      </if>
      <if test="loanStatusCode != null">
        #{loanStatusCode,jdbcType=VARCHAR},
      </if>
      <if test="settlementDate != null">
        #{settlementDate,jdbcType=TIMESTAMP},
      </if>
      <if test="monthlyAmt != null">
        #{monthlyAmt,jdbcType=DECIMAL},
      </if>
      <if test="createdDate != null">
        #{createdDate,jdbcType=TIMESTAMP},
      </if>
      <if test="createdBy != null">
        #{createdBy,jdbcType=VARCHAR},
      </if>
      <if test="updatedDate != null">
        #{updatedDate,jdbcType=TIMESTAMP},
      </if>
      <if test="updatedBy != null">
        #{updatedBy,jdbcType=VARCHAR},
      </if>
    </trim>
  </insert>
  <update id="updateByPrimaryKeySelective" parameterType="com.dashuf.dpbs.model.CreditSupplyInfo">
    <!--
      WARNING - @mbg.generated
      This element is automatically generated by MyBatis Generator, do not modify.
    -->
    update credit_supply_info
    <set>
      <if test="creditSupplyNo != null">
        credit_supply_no = #{creditSupplyNo,jdbcType=VARCHAR},
      </if>
      <if test="pushOrderNo != null">
        push_order_no = #{pushOrderNo,jdbcType=VARCHAR},
      </if>
      <if test="channelSource != null">
        channel_source = #{channelSource,jdbcType=VARCHAR},
      </if>
      <if test="bankCode != null">
        bank_code = #{bankCode,jdbcType=VARCHAR},
      </if>
      <if test="loanAmt != null">
        loan_amt = #{loanAmt,jdbcType=INTEGER},
      </if>
      <if test="loanType != null">
        loan_type = #{loanType,jdbcType=VARCHAR},
      </if>
      <if test="loanDate != null">
        loan_date = #{loanDate,jdbcType=TIMESTAMP},
      </if>
      <if test="dueDate != null">
        due_date = #{dueDate,jdbcType=TIMESTAMP},
      </if>
      <if test="firstRepaymentDate != null">
        first_repayment_date = #{firstRepaymentDate,jdbcType=TIMESTAMP},
      </if>
      <if test="loanStatusCode != null">
        loan_status_code = #{loanStatusCode,jdbcType=VARCHAR},
      </if>
      <if test="settlementDate != null">
        settlement_date = #{settlementDate,jdbcType=TIMESTAMP},
      </if>
      <if test="monthlyAmt != null">
        monthly_amt = #{monthlyAmt,jdbcType=DECIMAL},
      </if>
      <if test="createdDate != null">
        created_date = #{createdDate,jdbcType=TIMESTAMP},
      </if>
      <if test="createdBy != null">
        created_by = #{createdBy,jdbcType=VARCHAR},
      </if>
      <if test="updatedDate != null">
        updated_date = #{updatedDate,jdbcType=TIMESTAMP},
      </if>
      <if test="updatedBy != null">
        updated_by = #{updatedBy,jdbcType=VARCHAR},
      </if>
    </set>
    where id = #{id,jdbcType=INTEGER}
  </update>
  <update id="updateByPrimaryKey" parameterType="com.dashuf.dpbs.model.CreditSupplyInfo">
    <!--
      WARNING - @mbg.generated
      This element is automatically generated by MyBatis Generator, do not modify.
    -->
    update credit_supply_info
    set credit_supply_no = #{creditSupplyNo,jdbcType=VARCHAR},
      push_order_no = #{pushOrderNo,jdbcType=VARCHAR},
      channel_source = #{channelSource,jdbcType=VARCHAR},
      bank_code = #{bankCode,jdbcType=VARCHAR},
      loan_amt = #{loanAmt,jdbcType=INTEGER},
      loan_type = #{loanType,jdbcType=VARCHAR},
      loan_date = #{loanDate,jdbcType=TIMESTAMP},
      due_date = #{dueDate,jdbcType=TIMESTAMP},
      first_repayment_date = #{firstRepaymentDate,jdbcType=TIMESTAMP},
      loan_status_code = #{loanStatusCode,jdbcType=VARCHAR},
      settlement_date = #{settlementDate,jdbcType=TIMESTAMP},
      monthly_amt = #{monthlyAmt,jdbcType=DECIMAL},
      created_date = #{createdDate,jdbcType=TIMESTAMP},
      created_by = #{createdBy,jdbcType=VARCHAR},
      updated_date = #{updatedDate,jdbcType=TIMESTAMP},
      updated_by = #{updatedBy,jdbcType=VARCHAR}
    where id = #{id,jdbcType=INTEGER}
  </update>
  <select id="countByModelSelective" parameterType="map" resultType="int">
    <!--
      WARNING - @mbg.generated
      This element is automatically generated by MyBatis Generator, do not modify.
    -->
    select count(*)
		from credit_supply_info
		<where>
			<include refid="dynamicModelSql" />
		</where>
  </select>
  <delete id="deleteByModelSelective" parameterType="map">
    <!--
      WARNING - @mbg.generated
      This element is automatically generated by MyBatis Generator, do not modify.
    -->
    	delete from credit_supply_info
		<where>
			<include refid="dynamicModelSql" />
		</where>
  </delete>
  <update id="updateByModelSelective" parameterType="map">
    <!--
      WARNING - @mbg.generated
      This element is automatically generated by MyBatis Generator, do not modify.
    -->
    update credit_supply_info
		<set>
			<if test="model.id != null">
				id = #{model.id, jdbcType=INTEGER},
			</if>
			<if test="model.creditSupplyNo != null">
				credit_supply_no = #{model.creditSupplyNo, jdbcType=VARCHAR},
			</if>
			<if test="model.pushOrderNo != null">
				push_order_no = #{model.pushOrderNo, jdbcType=VARCHAR},
			</if>
			<if test="model.channelSource != null">
				channel_source = #{model.channelSource, jdbcType=VARCHAR},
			</if>
			<if test="model.bankCode != null">
				bank_code = #{model.bankCode, jdbcType=VARCHAR},
			</if>
			<if test="model.loanAmt != null">
				loan_amt = #{model.loanAmt, jdbcType=INTEGER},
			</if>
			<if test="model.loanType != null">
				loan_type = #{model.loanType, jdbcType=VARCHAR},
			</if>
			<if test="model.loanDate != null">
				loan_date = #{model.loanDate, jdbcType=TIMESTAMP},
			</if>
			<if test="model.dueDate != null">
				due_date = #{model.dueDate, jdbcType=TIMESTAMP},
			</if>
			<if test="model.firstRepaymentDate != null">
				first_repayment_date = #{model.firstRepaymentDate, jdbcType=TIMESTAMP},
			</if>
			<if test="model.loanStatusCode != null">
				loan_status_code = #{model.loanStatusCode, jdbcType=VARCHAR},
			</if>
			<if test="model.settlementDate != null">
				settlement_date = #{model.settlementDate, jdbcType=TIMESTAMP},
			</if>
			<if test="model.monthlyAmt != null">
				monthly_amt = #{model.monthlyAmt, jdbcType=DECIMAL},
			</if>
			<if test="model.createdDate != null">
				created_date = #{model.createdDate, jdbcType=TIMESTAMP},
			</if>
			<if test="model.createdBy != null">
				created_by = #{model.createdBy, jdbcType=VARCHAR},
			</if>
			<if test="model.updatedDate != null">
				updated_date = #{model.updatedDate, jdbcType=TIMESTAMP},
			</if>
			<if test="model.updatedBy != null">
				updated_by = #{model.updatedBy, jdbcType=VARCHAR},
			</if>
		</set>
		<where>
			<include refid="dynamicModelSql" />
		</where>
  </update>
  <sql id="dynamicModelSql">
    <!--
      WARNING - @mbg.generated
      This element is automatically generated by MyBatis Generator, do not modify.
    -->
    	<if test="cond != null">
			<if test="cond.id != null">
				and id = #{cond.id, jdbcType=INTEGER}
			</if>
			<if test="cond.creditSupplyNo != null and cond.creditSupplyNo != ''">
				and credit_supply_no <if test="!strict"> like concat('%', </if><if test="strict"> = </if>#{cond.creditSupplyNo, jdbcType=VARCHAR}<if test="!strict">, '%') </if>
			</if>
			<if test="cond.pushOrderNo != null and cond.pushOrderNo != ''">
				and push_order_no <if test="!strict"> like concat('%', </if><if test="strict"> = </if>#{cond.pushOrderNo, jdbcType=VARCHAR}<if test="!strict">, '%') </if>
			</if>
			<if test="cond.channelSource != null and cond.channelSource != ''">
				and channel_source <if test="!strict"> like concat('%', </if><if test="strict"> = </if>#{cond.channelSource, jdbcType=VARCHAR}<if test="!strict">, '%') </if>
			</if>
			<if test="cond.bankCode != null and cond.bankCode != ''">
				and bank_code <if test="!strict"> like concat('%', </if><if test="strict"> = </if>#{cond.bankCode, jdbcType=VARCHAR}<if test="!strict">, '%') </if>
			</if>
			<if test="cond.loanAmt != null">
				and loan_amt = #{cond.loanAmt, jdbcType=INTEGER}
			</if>
			<if test="cond.loanType != null and cond.loanType != ''">
				and loan_type <if test="!strict"> like concat('%', </if><if test="strict"> = </if>#{cond.loanType, jdbcType=VARCHAR}<if test="!strict">, '%') </if>
			</if>
			<if test="cond.loanDate != null">
				and loan_date = #{cond.loanDate, jdbcType=TIMESTAMP}
			</if>
			<if test="cond.dueDate != null">
				and due_date = #{cond.dueDate, jdbcType=TIMESTAMP}
			</if>
            <if test="cond.infoEntryNo != null">
                and info_entry_no = #{cond.infoEntryNo, jdbcType=VARCHAR}
            </if>
			<if test="cond.firstRepaymentDate != null">
				and first_repayment_date = #{cond.firstRepaymentDate, jdbcType=TIMESTAMP}
			</if>
			<if test="cond.loanStatusCode != null and cond.loanStatusCode != ''">
				and loan_status_code <if test="!strict"> like concat('%', </if><if test="strict"> = </if>#{cond.loanStatusCode, jdbcType=VARCHAR}<if test="!strict">, '%') </if>
			</if>
			<if test="cond.settlementDate != null">
				and settlement_date = #{cond.settlementDate, jdbcType=TIMESTAMP}
			</if>
			<if test="cond.monthlyAmt != null">
				and monthly_amt = #{cond.monthlyAmt, jdbcType=DECIMAL}
			</if>
			<if test="cond.createdDate != null">
				and created_date = #{cond.createdDate, jdbcType=TIMESTAMP}
			</if>
			<if test="cond.createdBy != null and cond.createdBy != ''">
				and created_by <if test="!strict"> like concat('%', </if><if test="strict"> = </if>#{cond.createdBy, jdbcType=VARCHAR}<if test="!strict">, '%') </if>
			</if>
			<if test="cond.updatedDate != null">
				and updated_date = #{cond.updatedDate, jdbcType=TIMESTAMP}
			</if>
			<if test="cond.updatedBy != null and cond.updatedBy != ''">
				and updated_by <if test="!strict"> like concat('%', </if><if test="strict"> = </if>#{cond.updatedBy, jdbcType=VARCHAR}<if test="!strict">, '%') </if>
			</if>
		</if>
  </sql>
  <sql id="Base_Column_List_Prefix">
    <!--
      WARNING - @mbg.generated
      This element is automatically generated by MyBatis Generator, do not modify.
    -->
    my.id,my.credit_supply_no,my.push_order_no,my.channel_source,my.bank_code,my.loan_amt,my.loan_type,my.loan_date,my.due_date,my.first_repayment_date,my.loan_status_code,my.settlement_date,my.monthly_amt,my.created_date,my.created_by,my.updated_date,my.updated_by
  </sql>
  <select id="selectByModelSelective" parameterType="map" resultMap="BaseResultMap">
    <!--
      WARNING - @mbg.generated
      This element is automatically generated by MyBatis Generator, do not modify.
    -->
    select <include refid="Base_Column_List" /> 
		from credit_supply_info
		<where>
			<include refid="dynamicModelSql" />
		</where>
  </select>
  <insert id="insertBatchSelective" parameterType="java.util.List">
    <!--
      WARNING - @mbg.generated
      This element is automatically generated by MyBatis Generator, do not modify.
    -->
    insert into credit_supply_info
    <trim prefix="(" suffix=")" suffixOverrides=",">
      <if test="list[0].id!=null">
        id,
      </if>
      <if test="list[0].creditSupplyNo!=null">
        credit_supply_no,
      </if>
      <if test="list[0].pushOrderNo!=null">
        push_order_no,
      </if>
      <if test="list[0].channelSource!=null">
        channel_source,
      </if>
      <if test="list[0].bankCode!=null">
        bank_code,
      </if>
      <if test="list[0].loanAmt!=null">
        loan_amt,
      </if>
      <if test="list[0].loanType!=null">
        loan_type,
      </if>
      <if test="list[0].loanDate!=null">
        loan_date,
      </if>
      <if test="list[0].dueDate!=null">
        due_date,
      </if>
      <if test="list[0].firstRepaymentDate!=null">
        first_repayment_date,
      </if>
      <if test="list[0].loanStatusCode!=null">
        loan_status_code,
      </if>
      <if test="list[0].settlementDate!=null">
        settlement_date,
      </if>
      <if test="list[0].monthlyAmt!=null">
        monthly_amt,
      </if>
        <if test="list[0].infoEntryNo != null">
            info_entry_no,
        </if>
      <if test="list[0].createdDate!=null">
        created_date,
      </if>
      <if test="list[0].createdBy!=null">
        created_by,
      </if>
      <if test="list[0].updatedDate!=null">
        updated_date,
      </if>
      <if test="list[0].updatedBy!=null">
        updated_by,
      </if>
    </trim>
     values 
    <foreach collection="list" index="index" item="item" separator=",">
      <trim prefix=" (" suffix=")" suffixOverrides=",">
        <if test="item.id!=null">
          #{item.id,jdbcType=INTEGER},
        </if>
        <if test="item.creditSupplyNo!=null">
          #{item.creditSupplyNo,jdbcType=VARCHAR},
        </if>
        <if test="item.pushOrderNo!=null">
          #{item.pushOrderNo,jdbcType=VARCHAR},
        </if>
        <if test="item.channelSource!=null">
          #{item.channelSource,jdbcType=VARCHAR},
        </if>
        <if test="item.bankCode!=null">
          #{item.bankCode,jdbcType=VARCHAR},
        </if>
        <if test="item.loanAmt!=null">
          #{item.loanAmt,jdbcType=INTEGER},
        </if>
        <if test="item.loanType!=null">
          #{item.loanType,jdbcType=VARCHAR},
        </if>
        <if test="item.loanDate!=null">
          #{item.loanDate,jdbcType=TIMESTAMP},
        </if>
        <if test="item.dueDate!=null">
          #{item.dueDate,jdbcType=TIMESTAMP},
        </if>
        <if test="item.firstRepaymentDate!=null">
          #{item.firstRepaymentDate,jdbcType=TIMESTAMP},
        </if>
        <if test="item.loanStatusCode!=null">
          #{item.loanStatusCode,jdbcType=VARCHAR},
        </if>
        <if test="item.settlementDate!=null">
          #{item.settlementDate,jdbcType=TIMESTAMP},
        </if>
        <if test="item.monthlyAmt!=null">
          #{item.monthlyAmt,jdbcType=DECIMAL},
        </if>
          <if test="item.infoEntryNo != null">
              #{item.infoEntryNo, jdbcType=VARCHAR},
          </if>
        <if test="item.createdDate!=null">
          #{item.createdDate,jdbcType=TIMESTAMP},
        </if>
        <if test="item.createdBy!=null">
          #{item.createdBy,jdbcType=VARCHAR},
        </if>
        <if test="item.updatedDate!=null">
          #{item.updatedDate,jdbcType=TIMESTAMP},
        </if>
        <if test="item.updatedBy!=null">
          #{item.updatedBy,jdbcType=VARCHAR},
        </if>
      </trim>
    </foreach>
  </insert>
  <select id="selectOneByModelSelective" parameterType="map" resultMap="BaseResultMap">
    <!--
      WARNING - @mbg.generated
      This element is automatically generated by MyBatis Generator, do not modify.
    -->
    select <include refid="Base_Column_List" /> 
		from credit_supply_info
		<where>
			<include refid="dynamicModelSql" />
		</where>
		limit 1
  </select>

    <insert id="initCreditSupplyInfo" parameterType="com.dashuf.dpbs.model.CreditSupplyInfo">
        <!--
          WARNING - @mbg.generated
          This element is automatically generated by MyBatis Generator, do not modify.
        -->
        <selectKey keyProperty="id" order="AFTER" resultType="java.lang.Integer">
            SELECT LAST_INSERT_ID()
        </selectKey>
        insert into credit_supply_info (credit_supply_no, push_order_no, info_entry_no, monthly_amt)
        values (#{creditSupplyNo,jdbcType=VARCHAR}, #{pushOrderNo,jdbcType=VARCHAR},
               #{infoEntryNo, jdbcType=VARCHAR},
               #{monthlyAmt,jdbcType=DECIMAL})
    </insert>
</mapper>