<?xml version="1.0" encoding="UTF-8"?>
<!DOCTYPE mapper PUBLIC "-//mybatis.org//DTD Mapper 3.0//EN" "http://mybatis.org/dtd/mybatis-3-mapper.dtd">
<mapper namespace="com.dashuf.dpbs.mapper.HouseInfoMapper">
  <resultMap id="BaseResultMap" type="com.dashuf.dpbs.model.HouseInfo">
    <!--
      WARNING - @mbg.generated
      This element is automatically generated by MyBatis Generator, do not modify.
    -->
    <id column="id" jdbcType="INTEGER" property="id" />
    <result column="house_info_no" jdbcType="VARCHAR" property="houseInfoNo" />
    <result column="push_order_no" jdbcType="VARCHAR" property="pushOrderNo" />
    <result column="channel_source" jdbcType="VARCHAR" property="channelSource" />
    <result column="estates_num" jdbcType="VARCHAR" property="estatesNum" />
    <result column="address_code" jdbcType="VARCHAR" property="addressCode" />
    <result column="address_name" jdbcType="VARCHAR" property="addressName" />
    <result column="address_desc" jdbcType="VARCHAR" property="addressDesc" />
    <result column="total_price_amt" jdbcType="DECIMAL" property="totalPriceAmt" />
    <result column="estates_type_code" jdbcType="VARCHAR" property="estatesTypeCode" />
    <result column="obtain_date" jdbcType="TIMESTAMP" property="obtainDate" />
    <result column="mortgage_ind" jdbcType="BIT" property="mortgageInd" />
    <result column="coowners_cnt" jdbcType="INTEGER" property="coownersCnt" />
    <result column="property_share_percent" jdbcType="INTEGER" property="propertySharePercent" />
    <result column="house_size_meas" jdbcType="DECIMAL" property="houseSizeMeas" />
    <result column="created_date" jdbcType="TIMESTAMP" property="createdDate" />
    <result column="created_by" jdbcType="VARCHAR" property="createdBy" />
    <result column="updated_date" jdbcType="TIMESTAMP" property="updatedDate" />
    <result column="updated_by" jdbcType="VARCHAR" property="updatedBy" />
  </resultMap>
  <sql id="Base_Column_List">
    <!--
      WARNING - @mbg.generated
      This element is automatically generated by MyBatis Generator, do not modify.
    -->
    id, house_info_no, push_order_no, channel_source, estates_num, address_code, address_name, 
    address_desc, total_price_amt, estates_type_code, obtain_date, mortgage_ind, coowners_cnt, 
    property_share_percent, house_size_meas, created_date, created_by, updated_date, 
    updated_by
  </sql>
  <select id="selectByPrimaryKey" parameterType="java.lang.Integer" resultMap="BaseResultMap">
    <!--
      WARNING - @mbg.generated
      This element is automatically generated by MyBatis Generator, do not modify.
    -->
    select 
    <include refid="Base_Column_List" />
    from house_info
    where id = #{id,jdbcType=INTEGER}
  </select>
  <delete id="deleteByPrimaryKey" parameterType="java.lang.Integer">
    <!--
      WARNING - @mbg.generated
      This element is automatically generated by MyBatis Generator, do not modify.
    -->
    delete from house_info
    where id = #{id,jdbcType=INTEGER}
  </delete>
  <insert id="insert" parameterType="com.dashuf.dpbs.model.HouseInfo">
    <!--
      WARNING - @mbg.generated
      This element is automatically generated by MyBatis Generator, do not modify.
    -->
    <selectKey keyProperty="id" order="AFTER" resultType="java.lang.Integer">
      SELECT LAST_INSERT_ID()
    </selectKey>
    insert into house_info (house_info_no, push_order_no, channel_source, 
      estates_num, address_code, address_name, 
      address_desc, total_price_amt, estates_type_code, 
      obtain_date, mortgage_ind, coowners_cnt, 
      property_share_percent, house_size_meas, created_date, 
      created_by, updated_date, updated_by
      )
    values (#{houseInfoNo,jdbcType=VARCHAR}, #{pushOrderNo,jdbcType=VARCHAR}, #{channelSource,jdbcType=VARCHAR}, 
      #{estatesNum,jdbcType=VARCHAR}, #{addressCode,jdbcType=VARCHAR}, #{addressName,jdbcType=VARCHAR}, 
      #{addressDesc,jdbcType=VARCHAR}, #{totalPriceAmt,jdbcType=DECIMAL}, #{estatesTypeCode,jdbcType=VARCHAR}, 
      #{obtainDate,jdbcType=TIMESTAMP}, #{mortgageInd,jdbcType=BIT}, #{coownersCnt,jdbcType=INTEGER}, 
      #{propertySharePercent,jdbcType=INTEGER}, #{houseSizeMeas,jdbcType=DECIMAL}, #{createdDate,jdbcType=TIMESTAMP}, 
      #{createdBy,jdbcType=VARCHAR}, #{updatedDate,jdbcType=TIMESTAMP}, #{updatedBy,jdbcType=VARCHAR}
      )
  </insert>
  <insert id="insertSelective" parameterType="com.dashuf.dpbs.model.HouseInfo">
    <!--
      WARNING - @mbg.generated
      This element is automatically generated by MyBatis Generator, do not modify.
    -->
    <selectKey keyProperty="id" order="AFTER" resultType="java.lang.Integer">
      SELECT LAST_INSERT_ID()
    </selectKey>
    insert into house_info
    <trim prefix="(" suffix=")" suffixOverrides=",">
      <if test="houseInfoNo != null">
        house_info_no,
      </if>
      <if test="pushOrderNo != null">
        push_order_no,
      </if>
      <if test="channelSource != null">
        channel_source,
      </if>
      <if test="estatesNum != null">
        estates_num,
      </if>
      <if test="addressCode != null">
        address_code,
      </if>
      <if test="addressName != null">
        address_name,
      </if>
      <if test="addressDesc != null">
        address_desc,
      </if>
      <if test="totalPriceAmt != null">
        total_price_amt,
      </if>
      <if test="estatesTypeCode != null">
        estates_type_code,
      </if>
      <if test="obtainDate != null">
        obtain_date,
      </if>
      <if test="mortgageInd != null">
        mortgage_ind,
      </if>
      <if test="coownersCnt != null">
        coowners_cnt,
      </if>
      <if test="propertySharePercent != null">
        property_share_percent,
      </if>
      <if test="houseSizeMeas != null">
        house_size_meas,
      </if>
      <if test="createdDate != null">
        created_date,
      </if>
      <if test="createdBy != null">
        created_by,
      </if>
      <if test="updatedDate != null">
        updated_date,
      </if>
      <if test="updatedBy != null">
        updated_by,
      </if>
    </trim>
    <trim prefix="values (" suffix=")" suffixOverrides=",">
      <if test="houseInfoNo != null">
        #{houseInfoNo,jdbcType=VARCHAR},
      </if>
      <if test="pushOrderNo != null">
        #{pushOrderNo,jdbcType=VARCHAR},
      </if>
      <if test="channelSource != null">
        #{channelSource,jdbcType=VARCHAR},
      </if>
      <if test="estatesNum != null">
        #{estatesNum,jdbcType=VARCHAR},
      </if>
      <if test="addressCode != null">
        #{addressCode,jdbcType=VARCHAR},
      </if>
      <if test="addressName != null">
        #{addressName,jdbcType=VARCHAR},
      </if>
      <if test="addressDesc != null">
        #{addressDesc,jdbcType=VARCHAR},
      </if>
      <if test="totalPriceAmt != null">
        #{totalPriceAmt,jdbcType=DECIMAL},
      </if>
      <if test="estatesTypeCode != null">
        #{estatesTypeCode,jdbcType=VARCHAR},
      </if>
      <if test="obtainDate != null">
        #{obtainDate,jdbcType=TIMESTAMP},
      </if>
      <if test="mortgageInd != null">
        #{mortgageInd,jdbcType=BIT},
      </if>
      <if test="coownersCnt != null">
        #{coownersCnt,jdbcType=INTEGER},
      </if>
      <if test="propertySharePercent != null">
        #{propertySharePercent,jdbcType=INTEGER},
      </if>
      <if test="houseSizeMeas != null">
        #{houseSizeMeas,jdbcType=DECIMAL},
      </if>
      <if test="createdDate != null">
        #{createdDate,jdbcType=TIMESTAMP},
      </if>
      <if test="createdBy != null">
        #{createdBy,jdbcType=VARCHAR},
      </if>
      <if test="updatedDate != null">
        #{updatedDate,jdbcType=TIMESTAMP},
      </if>
      <if test="updatedBy != null">
        #{updatedBy,jdbcType=VARCHAR},
      </if>
    </trim>
  </insert>
  <update id="updateByPrimaryKeySelective" parameterType="com.dashuf.dpbs.model.HouseInfo">
    <!--
      WARNING - @mbg.generated
      This element is automatically generated by MyBatis Generator, do not modify.
    -->
    update house_info
    <set>
      <if test="houseInfoNo != null">
        house_info_no = #{houseInfoNo,jdbcType=VARCHAR},
      </if>
      <if test="pushOrderNo != null">
        push_order_no = #{pushOrderNo,jdbcType=VARCHAR},
      </if>
      <if test="channelSource != null">
        channel_source = #{channelSource,jdbcType=VARCHAR},
      </if>
      <if test="estatesNum != null">
        estates_num = #{estatesNum,jdbcType=VARCHAR},
      </if>
      <if test="addressCode != null">
        address_code = #{addressCode,jdbcType=VARCHAR},
      </if>
      <if test="addressName != null">
        address_name = #{addressName,jdbcType=VARCHAR},
      </if>
      <if test="addressDesc != null">
        address_desc = #{addressDesc,jdbcType=VARCHAR},
      </if>
      <if test="totalPriceAmt != null">
        total_price_amt = #{totalPriceAmt,jdbcType=DECIMAL},
      </if>
      <if test="estatesTypeCode != null">
        estates_type_code = #{estatesTypeCode,jdbcType=VARCHAR},
      </if>
      <if test="obtainDate != null">
        obtain_date = #{obtainDate,jdbcType=TIMESTAMP},
      </if>
      <if test="mortgageInd != null">
        mortgage_ind = #{mortgageInd,jdbcType=BIT},
      </if>
      <if test="coownersCnt != null">
        coowners_cnt = #{coownersCnt,jdbcType=INTEGER},
      </if>
      <if test="propertySharePercent != null">
        property_share_percent = #{propertySharePercent,jdbcType=INTEGER},
      </if>
      <if test="houseSizeMeas != null">
        house_size_meas = #{houseSizeMeas,jdbcType=DECIMAL},
      </if>
      <if test="createdDate != null">
        created_date = #{createdDate,jdbcType=TIMESTAMP},
      </if>
      <if test="createdBy != null">
        created_by = #{createdBy,jdbcType=VARCHAR},
      </if>
      <if test="updatedDate != null">
        updated_date = #{updatedDate,jdbcType=TIMESTAMP},
      </if>
      <if test="updatedBy != null">
        updated_by = #{updatedBy,jdbcType=VARCHAR},
      </if>
    </set>
    where id = #{id,jdbcType=INTEGER}
  </update>
  <update id="updateByPrimaryKey" parameterType="com.dashuf.dpbs.model.HouseInfo">
    <!--
      WARNING - @mbg.generated
      This element is automatically generated by MyBatis Generator, do not modify.
    -->
    update house_info
    set house_info_no = #{houseInfoNo,jdbcType=VARCHAR},
      push_order_no = #{pushOrderNo,jdbcType=VARCHAR},
      channel_source = #{channelSource,jdbcType=VARCHAR},
      estates_num = #{estatesNum,jdbcType=VARCHAR},
      address_code = #{addressCode,jdbcType=VARCHAR},
      address_name = #{addressName,jdbcType=VARCHAR},
      address_desc = #{addressDesc,jdbcType=VARCHAR},
      total_price_amt = #{totalPriceAmt,jdbcType=DECIMAL},
      estates_type_code = #{estatesTypeCode,jdbcType=VARCHAR},
      obtain_date = #{obtainDate,jdbcType=TIMESTAMP},
      mortgage_ind = #{mortgageInd,jdbcType=BIT},
      coowners_cnt = #{coownersCnt,jdbcType=INTEGER},
      property_share_percent = #{propertySharePercent,jdbcType=INTEGER},
      house_size_meas = #{houseSizeMeas,jdbcType=DECIMAL},
      created_date = #{createdDate,jdbcType=TIMESTAMP},
      created_by = #{createdBy,jdbcType=VARCHAR},
      updated_date = #{updatedDate,jdbcType=TIMESTAMP},
      updated_by = #{updatedBy,jdbcType=VARCHAR}
    where id = #{id,jdbcType=INTEGER}
  </update>
  <select id="countByModelSelective" parameterType="map" resultType="int">
    <!--
      WARNING - @mbg.generated
      This element is automatically generated by MyBatis Generator, do not modify.
    -->
    select count(*)
		from house_info
		<where>
			<include refid="dynamicModelSql" />
		</where>
  </select>
  <delete id="deleteByModelSelective" parameterType="map">
    <!--
      WARNING - @mbg.generated
      This element is automatically generated by MyBatis Generator, do not modify.
    -->
    	delete from house_info
		<where>
			<include refid="dynamicModelSql" />
		</where>
  </delete>
  <update id="updateByModelSelective" parameterType="map">
    <!--
      WARNING - @mbg.generated
      This element is automatically generated by MyBatis Generator, do not modify.
    -->
    update house_info
		<set>
			<if test="model.id != null">
				id = #{model.id, jdbcType=INTEGER},
			</if>
			<if test="model.houseInfoNo != null">
				house_info_no = #{model.houseInfoNo, jdbcType=VARCHAR},
			</if>
			<if test="model.pushOrderNo != null">
				push_order_no = #{model.pushOrderNo, jdbcType=VARCHAR},
			</if>
			<if test="model.channelSource != null">
				channel_source = #{model.channelSource, jdbcType=VARCHAR},
			</if>
			<if test="model.estatesNum != null">
				estates_num = #{model.estatesNum, jdbcType=VARCHAR},
			</if>
			<if test="model.addressCode != null">
				address_code = #{model.addressCode, jdbcType=VARCHAR},
			</if>
			<if test="model.addressName != null">
				address_name = #{model.addressName, jdbcType=VARCHAR},
			</if>
			<if test="model.addressDesc != null">
				address_desc = #{model.addressDesc, jdbcType=VARCHAR},
			</if>
			<if test="model.totalPriceAmt != null">
				total_price_amt = #{model.totalPriceAmt, jdbcType=DECIMAL},
			</if>
			<if test="model.estatesTypeCode != null">
				estates_type_code = #{model.estatesTypeCode, jdbcType=VARCHAR},
			</if>
			<if test="model.obtainDate != null">
				obtain_date = #{model.obtainDate, jdbcType=TIMESTAMP},
			</if>
			<if test="model.mortgageInd != null">
				mortgage_ind = #{model.mortgageInd, jdbcType=BIT},
			</if>
			<if test="model.coownersCnt != null">
				coowners_cnt = #{model.coownersCnt, jdbcType=INTEGER},
			</if>
			<if test="model.propertySharePercent != null">
				property_share_percent = #{model.propertySharePercent, jdbcType=INTEGER},
			</if>
			<if test="model.houseSizeMeas != null">
				house_size_meas = #{model.houseSizeMeas, jdbcType=DECIMAL},
			</if>
			<if test="model.createdDate != null">
				created_date = #{model.createdDate, jdbcType=TIMESTAMP},
			</if>
			<if test="model.createdBy != null">
				created_by = #{model.createdBy, jdbcType=VARCHAR},
			</if>
			<if test="model.updatedDate != null">
				updated_date = #{model.updatedDate, jdbcType=TIMESTAMP},
			</if>
			<if test="model.updatedBy != null">
				updated_by = #{model.updatedBy, jdbcType=VARCHAR},
			</if>
		</set>
		<where>
			<include refid="dynamicModelSql" />
		</where>
  </update>
  <sql id="dynamicModelSql">
    <!--
      WARNING - @mbg.generated
      This element is automatically generated by MyBatis Generator, do not modify.
    -->
    	<if test="cond != null">
			<if test="cond.id != null">
				and id = #{cond.id, jdbcType=INTEGER}
			</if>
			<if test="cond.houseInfoNo != null and cond.houseInfoNo != ''">
				and house_info_no <if test="!strict"> like concat('%', </if><if test="strict"> = </if>#{cond.houseInfoNo, jdbcType=VARCHAR}<if test="!strict">, '%') </if>
			</if>
			<if test="cond.pushOrderNo != null and cond.pushOrderNo != ''">
				and push_order_no <if test="!strict"> like concat('%', </if><if test="strict"> = </if>#{cond.pushOrderNo, jdbcType=VARCHAR}<if test="!strict">, '%') </if>
			</if>
			<if test="cond.channelSource != null and cond.channelSource != ''">
				and channel_source <if test="!strict"> like concat('%', </if><if test="strict"> = </if>#{cond.channelSource, jdbcType=VARCHAR}<if test="!strict">, '%') </if>
			</if>
			<if test="cond.estatesNum != null and cond.estatesNum != ''">
				and estates_num <if test="!strict"> like concat('%', </if><if test="strict"> = </if>#{cond.estatesNum, jdbcType=VARCHAR}<if test="!strict">, '%') </if>
			</if>
			<if test="cond.addressCode != null and cond.addressCode != ''">
				and address_code <if test="!strict"> like concat('%', </if><if test="strict"> = </if>#{cond.addressCode, jdbcType=VARCHAR}<if test="!strict">, '%') </if>
			</if>
			<if test="cond.addressName != null and cond.addressName != ''">
				and address_name <if test="!strict"> like concat('%', </if><if test="strict"> = </if>#{cond.addressName, jdbcType=VARCHAR}<if test="!strict">, '%') </if>
			</if>
			<if test="cond.addressDesc != null and cond.addressDesc != ''">
				and address_desc <if test="!strict"> like concat('%', </if><if test="strict"> = </if>#{cond.addressDesc, jdbcType=VARCHAR}<if test="!strict">, '%') </if>
			</if>
			<if test="cond.totalPriceAmt != null">
				and total_price_amt = #{cond.totalPriceAmt, jdbcType=DECIMAL}
			</if>
			<if test="cond.estatesTypeCode != null and cond.estatesTypeCode != ''">
				and estates_type_code <if test="!strict"> like concat('%', </if><if test="strict"> = </if>#{cond.estatesTypeCode, jdbcType=VARCHAR}<if test="!strict">, '%') </if>
			</if>
			<if test="cond.obtainDate != null">
				and obtain_date = #{cond.obtainDate, jdbcType=TIMESTAMP}
			</if>
			<if test="cond.mortgageInd != null">
				and mortgage_ind = #{cond.mortgageInd, jdbcType=BIT}
			</if>
			<if test="cond.coownersCnt != null">
				and coowners_cnt = #{cond.coownersCnt, jdbcType=INTEGER}
			</if>
			<if test="cond.propertySharePercent != null">
				and property_share_percent = #{cond.propertySharePercent, jdbcType=INTEGER}
			</if>
			<if test="cond.houseSizeMeas != null">
				and house_size_meas = #{cond.houseSizeMeas, jdbcType=DECIMAL}
			</if>
            <if test="cond.infoEntryNo != null">
                and info_entry_no = #{cond.infoEntryNo, jdbcType=VARCHAR}
            </if>
			<if test="cond.createdDate != null">
				and created_date = #{cond.createdDate, jdbcType=TIMESTAMP}
			</if>
			<if test="cond.createdBy != null and cond.createdBy != ''">
				and created_by <if test="!strict"> like concat('%', </if><if test="strict"> = </if>#{cond.createdBy, jdbcType=VARCHAR}<if test="!strict">, '%') </if>
			</if>
			<if test="cond.updatedDate != null">
				and updated_date = #{cond.updatedDate, jdbcType=TIMESTAMP}
			</if>
			<if test="cond.updatedBy != null and cond.updatedBy != ''">
				and updated_by <if test="!strict"> like concat('%', </if><if test="strict"> = </if>#{cond.updatedBy, jdbcType=VARCHAR}<if test="!strict">, '%') </if>
			</if>
		</if>
  </sql>
  <sql id="Base_Column_List_Prefix">
    <!--
      WARNING - @mbg.generated
      This element is automatically generated by MyBatis Generator, do not modify.
    -->
    my.id,my.house_info_no,my.push_order_no,my.channel_source,my.estates_num,my.address_code,my.address_name,my.address_desc,my.total_price_amt,my.estates_type_code,my.obtain_date,my.mortgage_ind,my.coowners_cnt,my.property_share_percent,my.house_size_meas,my.created_date,my.created_by,my.updated_date,my.updated_by
  </sql>
  <select id="selectByModelSelective" parameterType="map" resultMap="BaseResultMap">
    <!--
      WARNING - @mbg.generated
      This element is automatically generated by MyBatis Generator, do not modify.
    -->
    select <include refid="Base_Column_List" /> 
		from house_info
		<where>
			<include refid="dynamicModelSql" />
		</where>
  </select>
  <insert id="insertBatchSelective" parameterType="java.util.List">
    <!--
      WARNING - @mbg.generated
      This element is automatically generated by MyBatis Generator, do not modify.
    -->
    insert into house_info
    <trim prefix="(" suffix=")" suffixOverrides=",">
      <if test="list[0].id!=null">
        id,
      </if>
      <if test="list[0].houseInfoNo!=null">
        house_info_no,
      </if>
      <if test="list[0].pushOrderNo!=null">
        push_order_no,
      </if>
      <if test="list[0].channelSource!=null">
        channel_source,
      </if>
      <if test="list[0].estatesNum!=null">
        estates_num,
      </if>
      <if test="list[0].addressCode!=null">
        address_code,
      </if>
      <if test="list[0].addressName!=null">
        address_name,
      </if>
      <if test="list[0].addressDesc!=null">
        address_desc,
      </if>
      <if test="list[0].totalPriceAmt!=null">
        total_price_amt,
      </if>
      <if test="list[0].estatesTypeCode!=null">
        estates_type_code,
      </if>
      <if test="list[0].obtainDate!=null">
        obtain_date,
      </if>
      <if test="list[0].mortgageInd!=null">
        mortgage_ind,
      </if>
      <if test="list[0].coownersCnt!=null">
        coowners_cnt,
      </if>
      <if test="list[0].propertySharePercent!=null">
        property_share_percent,
      </if>
      <if test="list[0].houseSizeMeas!=null">
        house_size_meas,
      </if>
        <if test="list[0].infoEntryNo != null">
            info_entry_no,
        </if>
      <if test="list[0].createdDate!=null">
        created_date,
      </if>
      <if test="list[0].createdBy!=null">
        created_by,
      </if>
      <if test="list[0].updatedDate!=null">
        updated_date,
      </if>
      <if test="list[0].updatedBy!=null">
        updated_by,
      </if>
    </trim>
     values 
    <foreach collection="list" index="index" item="item" separator=",">
      <trim prefix=" (" suffix=")" suffixOverrides=",">
        <if test="item.id!=null">
          #{item.id,jdbcType=INTEGER},
        </if>
        <if test="item.houseInfoNo!=null">
          #{item.houseInfoNo,jdbcType=VARCHAR},
        </if>
        <if test="item.pushOrderNo!=null">
          #{item.pushOrderNo,jdbcType=VARCHAR},
        </if>
        <if test="item.channelSource!=null">
          #{item.channelSource,jdbcType=VARCHAR},
        </if>
        <if test="item.estatesNum!=null">
          #{item.estatesNum,jdbcType=VARCHAR},
        </if>
        <if test="item.addressCode!=null">
          #{item.addressCode,jdbcType=VARCHAR},
        </if>
        <if test="item.addressName!=null">
          #{item.addressName,jdbcType=VARCHAR},
        </if>
        <if test="item.addressDesc!=null">
          #{item.addressDesc,jdbcType=VARCHAR},
        </if>
        <if test="item.totalPriceAmt!=null">
          #{item.totalPriceAmt,jdbcType=DECIMAL},
        </if>
        <if test="item.estatesTypeCode!=null">
          #{item.estatesTypeCode,jdbcType=VARCHAR},
        </if>
        <if test="item.obtainDate!=null">
          #{item.obtainDate,jdbcType=TIMESTAMP},
        </if>
        <if test="item.mortgageInd!=null">
          #{item.mortgageInd,jdbcType=BIT},
        </if>
        <if test="item.coownersCnt!=null">
          #{item.coownersCnt,jdbcType=INTEGER},
        </if>
        <if test="item.propertySharePercent!=null">
          #{item.propertySharePercent,jdbcType=INTEGER},
        </if>
        <if test="item.houseSizeMeas!=null">
          #{item.houseSizeMeas,jdbcType=DECIMAL},
        </if>
          <if test="item.infoEntryNo != null">
              #{item.infoEntryNo, jdbcType=VARCHAR},
          </if>
        <if test="item.createdDate!=null">
          #{item.createdDate,jdbcType=TIMESTAMP},
        </if>
        <if test="item.createdBy!=null">
          #{item.createdBy,jdbcType=VARCHAR},
        </if>
        <if test="item.updatedDate!=null">
          #{item.updatedDate,jdbcType=TIMESTAMP},
        </if>
        <if test="item.updatedBy!=null">
          #{item.updatedBy,jdbcType=VARCHAR},
        </if>
      </trim>
    </foreach>
  </insert>
  <select id="selectOneByModelSelective" parameterType="map" resultMap="BaseResultMap">
    <!--
      WARNING - @mbg.generated
      This element is automatically generated by MyBatis Generator, do not modify.
    -->
    select <include refid="Base_Column_List" /> 
		from house_info
		<where>
			<include refid="dynamicModelSql" />
		</where>
		limit 1
  </select>

    <insert id="initHouseInfo" parameterType="com.dashuf.dpbs.model.HouseInfo">
        <!--
          WARNING - @mbg.generated
          This element is automatically generated by MyBatis Generator, do not modify.
        -->
        <selectKey keyProperty="id" order="AFTER" resultType="java.lang.Integer">
            SELECT LAST_INSERT_ID()
        </selectKey>
        insert into house_info (house_info_no, info_entry_no, push_order_no, address_code,
        total_price_amt, estates_type_code)
        values (#{houseInfoNo,jdbcType=VARCHAR}, #{infoEntryNo, jdbcType=VARCHAR}, #{pushOrderNo,jdbcType=VARCHAR},
                #{addressCode,jdbcType=VARCHAR},
                #{totalPriceAmt,jdbcType=DECIMAL}, #{estatesTypeCode,jdbcType=VARCHAR}
        )
    </insert>

</mapper>