<?xml version="1.0" encoding="UTF-8"?>
<!DOCTYPE mapper PUBLIC "-//mybatis.org//DTD Mapper 3.0//EN" "http://mybatis.org/dtd/mybatis-3-mapper.dtd">
<mapper namespace="com.dashuf.dpbs.mapper.InfoEntryMapper">
  <resultMap id="BaseResultMap" type="com.dashuf.dpbs.model.InfoEntry">
    <!--
      WARNING - @mbg.generated
      This element is automatically generated by MyBatis Generator, do not modify.
    -->
    <id column="id" jdbcType="INTEGER" property="id" />
    <result column="info_entry_no" jdbcType="VARCHAR" property="infoEntryNo" />
    <result column="work_addr" jdbcType="VARCHAR" property="workAddr" />
    <result column="work_addr_name" jdbcType="VARCHAR" property="workAddrName" />
    <result column="client_type" jdbcType="VARCHAR" property="clientType" />
    <result column="mobile_no" jdbcType="VARCHAR" property="mobileNo" />
    <result column="business_license_ind" jdbcType="VARCHAR" property="businessLicenseInd" />
    <result column="legal_person_ind" jdbcType="VARCHAR" property="legalPersonInd" />
    <result column="shareholder_ind" jdbcType="VARCHAR" property="shareholderInd" />
    <result column="expect_loan_period" jdbcType="VARCHAR" property="expectLoanPeriod" />
    <result column="expect_loan_amt" jdbcType="DECIMAL" property="expectLoanAmt" />
    <result column="life_addr" jdbcType="VARCHAR" property="lifeAddr" />
    <result column="life_addr_name" jdbcType="VARCHAR" property="lifeAddrName" />
    <result column="push_order_no" jdbcType="VARCHAR" property="pushOrderNo" />
    <result column="created_by" jdbcType="VARCHAR" property="createdBy" />
    <result column="created_date" jdbcType="TIMESTAMP" property="createdDate" />
    <result column="updated_by" jdbcType="VARCHAR" property="updatedBy" />
    <result column="updated_date" jdbcType="TIMESTAMP" property="updatedDate" />
  </resultMap>
  <sql id="Base_Column_List">
    <!--
      WARNING - @mbg.generated
      This element is automatically generated by MyBatis Generator, do not modify.
    -->
    id, info_entry_no, work_addr, work_addr_name, client_type, mobile_no, business_license_ind, 
    legal_person_ind, shareholder_ind, expect_loan_period, expect_loan_amt, life_addr, 
    life_addr_name, push_order_no, created_by, created_date, updated_by, updated_date
  </sql>
  <select id="selectByPrimaryKey" parameterType="java.lang.Integer" resultMap="BaseResultMap">
    <!--
      WARNING - @mbg.generated
      This element is automatically generated by MyBatis Generator, do not modify.
    -->
    select 
    <include refid="Base_Column_List" />
    from info_entry
    where id = #{id,jdbcType=INTEGER}
  </select>
  <delete id="deleteByPrimaryKey" parameterType="java.lang.Integer">
    <!--
      WARNING - @mbg.generated
      This element is automatically generated by MyBatis Generator, do not modify.
    -->
    delete from info_entry
    where id = #{id,jdbcType=INTEGER}
  </delete>
  <insert id="insert" parameterType="com.dashuf.dpbs.model.InfoEntry">
    <!--
      WARNING - @mbg.generated
      This element is automatically generated by MyBatis Generator, do not modify.
    -->
    <selectKey keyProperty="id" order="AFTER" resultType="java.lang.Integer">
      SELECT LAST_INSERT_ID()
    </selectKey>
    insert into info_entry (info_entry_no, work_addr, work_addr_name, 
      client_type, mobile_no, business_license_ind, 
      legal_person_ind, shareholder_ind, expect_loan_period, 
      expect_loan_amt, life_addr, life_addr_name, 
      push_order_no, created_by, created_date, 
      updated_by, updated_date)
    values (#{infoEntryNo,jdbcType=VARCHAR}, #{workAddr,jdbcType=VARCHAR}, #{workAddrName,jdbcType=VARCHAR}, 
      #{clientType,jdbcType=VARCHAR}, #{mobileNo,jdbcType=VARCHAR}, #{businessLicenseInd,jdbcType=VARCHAR}, 
      #{legalPersonInd,jdbcType=VARCHAR}, #{shareholderInd,jdbcType=VARCHAR}, #{expectLoanPeriod,jdbcType=VARCHAR}, 
      #{expectLoanAmt,jdbcType=DECIMAL}, #{lifeAddr,jdbcType=VARCHAR}, #{lifeAddrName,jdbcType=VARCHAR}, 
      #{pushOrderNo,jdbcType=VARCHAR}, #{createdBy,jdbcType=VARCHAR}, #{createdDate,jdbcType=TIMESTAMP}, 
      #{updatedBy,jdbcType=VARCHAR}, #{updatedDate,jdbcType=TIMESTAMP})
  </insert>
  <insert id="insertSelective" parameterType="com.dashuf.dpbs.model.InfoEntry">
    <!--
      WARNING - @mbg.generated
      This element is automatically generated by MyBatis Generator, do not modify.
    -->
    <selectKey keyProperty="id" order="AFTER" resultType="java.lang.Integer">
      SELECT LAST_INSERT_ID()
    </selectKey>
    insert into info_entry
    <trim prefix="(" suffix=")" suffixOverrides=",">
      <if test="infoEntryNo != null">
        info_entry_no,
      </if>
      <if test="workAddr != null">
        work_addr,
      </if>
      <if test="workAddrName != null">
        work_addr_name,
      </if>
      <if test="clientType != null">
        client_type,
      </if>
      <if test="mobileNo != null">
        mobile_no,
      </if>
      <if test="businessLicenseInd != null">
        business_license_ind,
      </if>
      <if test="legalPersonInd != null">
        legal_person_ind,
      </if>
      <if test="shareholderInd != null">
        shareholder_ind,
      </if>
      <if test="expectLoanPeriod != null">
        expect_loan_period,
      </if>
      <if test="expectLoanAmt != null">
        expect_loan_amt,
      </if>
      <if test="lifeAddr != null">
        life_addr,
      </if>
      <if test="lifeAddrName != null">
        life_addr_name,
      </if>
      <if test="pushOrderNo != null">
        push_order_no,
      </if>
      <if test="createdBy != null">
        created_by,
      </if>
      <if test="createdDate != null">
        created_date,
      </if>
      <if test="updatedBy != null">
        updated_by,
      </if>
      <if test="updatedDate != null">
        updated_date,
      </if>
    </trim>
    <trim prefix="values (" suffix=")" suffixOverrides=",">
      <if test="infoEntryNo != null">
        #{infoEntryNo,jdbcType=VARCHAR},
      </if>
      <if test="workAddr != null">
        #{workAddr,jdbcType=VARCHAR},
      </if>
      <if test="workAddrName != null">
        #{workAddrName,jdbcType=VARCHAR},
      </if>
      <if test="clientType != null">
        #{clientType,jdbcType=VARCHAR},
      </if>
      <if test="mobileNo != null">
        #{mobileNo,jdbcType=VARCHAR},
      </if>
      <if test="businessLicenseInd != null">
        #{businessLicenseInd,jdbcType=VARCHAR},
      </if>
      <if test="legalPersonInd != null">
        #{legalPersonInd,jdbcType=VARCHAR},
      </if>
      <if test="shareholderInd != null">
        #{shareholderInd,jdbcType=VARCHAR},
      </if>
      <if test="expectLoanPeriod != null">
        #{expectLoanPeriod,jdbcType=VARCHAR},
      </if>
      <if test="expectLoanAmt != null">
        #{expectLoanAmt,jdbcType=DECIMAL},
      </if>
      <if test="lifeAddr != null">
        #{lifeAddr,jdbcType=VARCHAR},
      </if>
      <if test="lifeAddrName != null">
        #{lifeAddrName,jdbcType=VARCHAR},
      </if>
      <if test="pushOrderNo != null">
        #{pushOrderNo,jdbcType=VARCHAR},
      </if>
      <if test="createdBy != null">
        #{createdBy,jdbcType=VARCHAR},
      </if>
      <if test="createdDate != null">
        #{createdDate,jdbcType=TIMESTAMP},
      </if>
      <if test="updatedBy != null">
        #{updatedBy,jdbcType=VARCHAR},
      </if>
      <if test="updatedDate != null">
        #{updatedDate,jdbcType=TIMESTAMP},
      </if>
    </trim>
  </insert>
  <update id="updateByPrimaryKeySelective" parameterType="com.dashuf.dpbs.model.InfoEntry">
    <!--
      WARNING - @mbg.generated
      This element is automatically generated by MyBatis Generator, do not modify.
    -->
    update info_entry
    <set>
      <if test="infoEntryNo != null">
        info_entry_no = #{infoEntryNo,jdbcType=VARCHAR},
      </if>
      <if test="workAddr != null">
        work_addr = #{workAddr,jdbcType=VARCHAR},
      </if>
      <if test="workAddrName != null">
        work_addr_name = #{workAddrName,jdbcType=VARCHAR},
      </if>
      <if test="clientType != null">
        client_type = #{clientType,jdbcType=VARCHAR},
      </if>
      <if test="mobileNo != null">
        mobile_no = #{mobileNo,jdbcType=VARCHAR},
      </if>
      <if test="businessLicenseInd != null">
        business_license_ind = #{businessLicenseInd,jdbcType=VARCHAR},
      </if>
      <if test="legalPersonInd != null">
        legal_person_ind = #{legalPersonInd,jdbcType=VARCHAR},
      </if>
      <if test="shareholderInd != null">
        shareholder_ind = #{shareholderInd,jdbcType=VARCHAR},
      </if>
      <if test="expectLoanPeriod != null">
        expect_loan_period = #{expectLoanPeriod,jdbcType=VARCHAR},
      </if>
      <if test="expectLoanAmt != null">
        expect_loan_amt = #{expectLoanAmt,jdbcType=DECIMAL},
      </if>
      <if test="lifeAddr != null">
        life_addr = #{lifeAddr,jdbcType=VARCHAR},
      </if>
      <if test="lifeAddrName != null">
        life_addr_name = #{lifeAddrName,jdbcType=VARCHAR},
      </if>
      <if test="pushOrderNo != null">
        push_order_no = #{pushOrderNo,jdbcType=VARCHAR},
      </if>
      <if test="createdBy != null">
        created_by = #{createdBy,jdbcType=VARCHAR},
      </if>
      <if test="createdDate != null">
        created_date = #{createdDate,jdbcType=TIMESTAMP},
      </if>
      <if test="updatedBy != null">
        updated_by = #{updatedBy,jdbcType=VARCHAR},
      </if>
      <if test="updatedDate != null">
        updated_date = #{updatedDate,jdbcType=TIMESTAMP},
      </if>
    </set>
    where id = #{id,jdbcType=INTEGER}
  </update>
  <update id="updateByPrimaryKey" parameterType="com.dashuf.dpbs.model.InfoEntry">
    <!--
      WARNING - @mbg.generated
      This element is automatically generated by MyBatis Generator, do not modify.
    -->
    update info_entry
    set info_entry_no = #{infoEntryNo,jdbcType=VARCHAR},
      work_addr = #{workAddr,jdbcType=VARCHAR},
      work_addr_name = #{workAddrName,jdbcType=VARCHAR},
      client_type = #{clientType,jdbcType=VARCHAR},
      mobile_no = #{mobileNo,jdbcType=VARCHAR},
      business_license_ind = #{businessLicenseInd,jdbcType=VARCHAR},
      legal_person_ind = #{legalPersonInd,jdbcType=VARCHAR},
      shareholder_ind = #{shareholderInd,jdbcType=VARCHAR},
      expect_loan_period = #{expectLoanPeriod,jdbcType=VARCHAR},
      expect_loan_amt = #{expectLoanAmt,jdbcType=DECIMAL},
      life_addr = #{lifeAddr,jdbcType=VARCHAR},
      life_addr_name = #{lifeAddrName,jdbcType=VARCHAR},
      push_order_no = #{pushOrderNo,jdbcType=VARCHAR},
      created_by = #{createdBy,jdbcType=VARCHAR},
      created_date = #{createdDate,jdbcType=TIMESTAMP},
      updated_by = #{updatedBy,jdbcType=VARCHAR},
      updated_date = #{updatedDate,jdbcType=TIMESTAMP}
    where id = #{id,jdbcType=INTEGER}
  </update>
  <select id="countByModelSelective" parameterType="map" resultType="int">
    <!--
      WARNING - @mbg.generated
      This element is automatically generated by MyBatis Generator, do not modify.
    -->
    select count(*)
		from info_entry
		<where>
			<include refid="dynamicModelSql" />
		</where>
  </select>
  <delete id="deleteByModelSelective" parameterType="map">
    <!--
      WARNING - @mbg.generated
      This element is automatically generated by MyBatis Generator, do not modify.
    -->
    	delete from info_entry
		<where>
			<include refid="dynamicModelSql" />
		</where>
  </delete>
  <update id="updateByModelSelective" parameterType="map">
    <!--
      WARNING - @mbg.generated
      This element is automatically generated by MyBatis Generator, do not modify.
    -->
    update info_entry
		<set>
			<if test="model.id != null">
				id = #{model.id, jdbcType=INTEGER},
			</if>
			<if test="model.infoEntryNo != null">
				info_entry_no = #{model.infoEntryNo, jdbcType=VARCHAR},
			</if>
			<if test="model.workAddr != null">
				work_addr = #{model.workAddr, jdbcType=VARCHAR},
			</if>
			<if test="model.workAddrName != null">
				work_addr_name = #{model.workAddrName, jdbcType=VARCHAR},
			</if>
			<if test="model.clientType != null">
				client_type = #{model.clientType, jdbcType=VARCHAR},
			</if>
			<if test="model.mobileNo != null">
				mobile_no = #{model.mobileNo, jdbcType=VARCHAR},
			</if>
			<if test="model.businessLicenseInd != null">
				business_license_ind = #{model.businessLicenseInd, jdbcType=VARCHAR},
			</if>
			<if test="model.legalPersonInd != null">
				legal_person_ind = #{model.legalPersonInd, jdbcType=VARCHAR},
			</if>
			<if test="model.shareholderInd != null">
				shareholder_ind = #{model.shareholderInd, jdbcType=VARCHAR},
			</if>
			<if test="model.expectLoanPeriod != null">
				expect_loan_period = #{model.expectLoanPeriod, jdbcType=VARCHAR},
			</if>
			<if test="model.expectLoanAmt != null">
				expect_loan_amt = #{model.expectLoanAmt, jdbcType=DECIMAL},
			</if>
			<if test="model.lifeAddr != null">
				life_addr = #{model.lifeAddr, jdbcType=VARCHAR},
			</if>
			<if test="model.lifeAddrName != null">
				life_addr_name = #{model.lifeAddrName, jdbcType=VARCHAR},
			</if>
			<if test="model.pushOrderNo != null">
				push_order_no = #{model.pushOrderNo, jdbcType=VARCHAR},
			</if>
			<if test="model.createdBy != null">
				created_by = #{model.createdBy, jdbcType=VARCHAR},
			</if>
			<if test="model.createdDate != null">
				created_date = #{model.createdDate, jdbcType=TIMESTAMP},
			</if>
			<if test="model.updatedBy != null">
				updated_by = #{model.updatedBy, jdbcType=VARCHAR},
			</if>
			<if test="model.updatedDate != null">
				updated_date = #{model.updatedDate, jdbcType=TIMESTAMP},
			</if>
		</set>
		<where>
			<include refid="dynamicModelSql" />
		</where>
  </update>
  <sql id="dynamicModelSql">
    <!--
      WARNING - @mbg.generated
      This element is automatically generated by MyBatis Generator, do not modify.
    -->
    	<if test="cond != null">
			<if test="cond.id != null">
				and id = #{cond.id, jdbcType=INTEGER}
			</if>
			<if test="cond.infoEntryNo != null and cond.infoEntryNo != ''">
				and info_entry_no <if test="!strict"> like concat('%', </if><if test="strict"> = </if>#{cond.infoEntryNo, jdbcType=VARCHAR}<if test="!strict">, '%') </if>
			</if>
			<if test="cond.workAddr != null and cond.workAddr != ''">
				and work_addr <if test="!strict"> like concat('%', </if><if test="strict"> = </if>#{cond.workAddr, jdbcType=VARCHAR}<if test="!strict">, '%') </if>
			</if>
			<if test="cond.workAddrName != null and cond.workAddrName != ''">
				and work_addr_name <if test="!strict"> like concat('%', </if><if test="strict"> = </if>#{cond.workAddrName, jdbcType=VARCHAR}<if test="!strict">, '%') </if>
			</if>
			<if test="cond.clientType != null and cond.clientType != ''">
				and client_type <if test="!strict"> like concat('%', </if><if test="strict"> = </if>#{cond.clientType, jdbcType=VARCHAR}<if test="!strict">, '%') </if>
			</if>
			<if test="cond.mobileNo != null and cond.mobileNo != ''">
				and mobile_no <if test="!strict"> like concat('%', </if><if test="strict"> = </if>#{cond.mobileNo, jdbcType=VARCHAR}<if test="!strict">, '%') </if>
			</if>
			<if test="cond.businessLicenseInd != null and cond.businessLicenseInd != ''">
				and business_license_ind <if test="!strict"> like concat('%', </if><if test="strict"> = </if>#{cond.businessLicenseInd, jdbcType=VARCHAR}<if test="!strict">, '%') </if>
			</if>
			<if test="cond.legalPersonInd != null and cond.legalPersonInd != ''">
				and legal_person_ind <if test="!strict"> like concat('%', </if><if test="strict"> = </if>#{cond.legalPersonInd, jdbcType=VARCHAR}<if test="!strict">, '%') </if>
			</if>
			<if test="cond.shareholderInd != null and cond.shareholderInd != ''">
				and shareholder_ind <if test="!strict"> like concat('%', </if><if test="strict"> = </if>#{cond.shareholderInd, jdbcType=VARCHAR}<if test="!strict">, '%') </if>
			</if>
			<if test="cond.expectLoanPeriod != null and cond.expectLoanPeriod != ''">
				and expect_loan_period <if test="!strict"> like concat('%', </if><if test="strict"> = </if>#{cond.expectLoanPeriod, jdbcType=VARCHAR}<if test="!strict">, '%') </if>
			</if>
			<if test="cond.expectLoanAmt != null">
				and expect_loan_amt = #{cond.expectLoanAmt, jdbcType=DECIMAL}
			</if>
			<if test="cond.lifeAddr != null and cond.lifeAddr != ''">
				and life_addr <if test="!strict"> like concat('%', </if><if test="strict"> = </if>#{cond.lifeAddr, jdbcType=VARCHAR}<if test="!strict">, '%') </if>
			</if>
			<if test="cond.lifeAddrName != null and cond.lifeAddrName != ''">
				and life_addr_name <if test="!strict"> like concat('%', </if><if test="strict"> = </if>#{cond.lifeAddrName, jdbcType=VARCHAR}<if test="!strict">, '%') </if>
			</if>
			<if test="cond.pushOrderNo != null and cond.pushOrderNo != ''">
				and push_order_no <if test="!strict"> like concat('%', </if><if test="strict"> = </if>#{cond.pushOrderNo, jdbcType=VARCHAR}<if test="!strict">, '%') </if>
			</if>
			<if test="cond.createdBy != null and cond.createdBy != ''">
				and created_by <if test="!strict"> like concat('%', </if><if test="strict"> = </if>#{cond.createdBy, jdbcType=VARCHAR}<if test="!strict">, '%') </if>
			</if>
			<if test="cond.createdDate != null">
				and created_date = #{cond.createdDate, jdbcType=TIMESTAMP}
			</if>
			<if test="cond.updatedBy != null and cond.updatedBy != ''">
				and updated_by <if test="!strict"> like concat('%', </if><if test="strict"> = </if>#{cond.updatedBy, jdbcType=VARCHAR}<if test="!strict">, '%') </if>
			</if>
			<if test="cond.updatedDate != null">
				and updated_date = #{cond.updatedDate, jdbcType=TIMESTAMP}
			</if>
		</if>
  </sql>
  <sql id="Base_Column_List_Prefix">
    <!--
      WARNING - @mbg.generated
      This element is automatically generated by MyBatis Generator, do not modify.
    -->
    my.id,my.info_entry_no,my.work_addr,my.work_addr_name,my.client_type,my.mobile_no,my.business_license_ind,my.legal_person_ind,my.shareholder_ind,my.expect_loan_period,my.expect_loan_amt,my.life_addr,my.life_addr_name,my.push_order_no,my.created_by,my.created_date,my.updated_by,my.updated_date
  </sql>
  <select id="selectByModelSelective" parameterType="map" resultMap="BaseResultMap">
    <!--
      WARNING - @mbg.generated
      This element is automatically generated by MyBatis Generator, do not modify.
    -->
    select <include refid="Base_Column_List" /> 
		from info_entry
		<where>
			<include refid="dynamicModelSql" />
		</where>
  </select>
  <insert id="insertBatchSelective" parameterType="java.util.List">
    <!--
      WARNING - @mbg.generated
      This element is automatically generated by MyBatis Generator, do not modify.
    -->
    insert into info_entry
    <trim prefix="(" suffix=")" suffixOverrides=",">
      <if test="list[0].id!=null">
        id,
      </if>
      <if test="list[0].infoEntryNo!=null">
        info_entry_no,
      </if>
      <if test="list[0].workAddr!=null">
        work_addr,
      </if>
      <if test="list[0].workAddrName!=null">
        work_addr_name,
      </if>
      <if test="list[0].clientType!=null">
        client_type,
      </if>
      <if test="list[0].mobileNo!=null">
        mobile_no,
      </if>
      <if test="list[0].businessLicenseInd!=null">
        business_license_ind,
      </if>
      <if test="list[0].legalPersonInd!=null">
        legal_person_ind,
      </if>
      <if test="list[0].shareholderInd!=null">
        shareholder_ind,
      </if>
      <if test="list[0].expectLoanPeriod!=null">
        expect_loan_period,
      </if>
      <if test="list[0].expectLoanAmt!=null">
        expect_loan_amt,
      </if>
      <if test="list[0].lifeAddr!=null">
        life_addr,
      </if>
      <if test="list[0].lifeAddrName!=null">
        life_addr_name,
      </if>
      <if test="list[0].pushOrderNo!=null">
        push_order_no,
      </if>
      <if test="list[0].createdBy!=null">
        created_by,
      </if>
      <if test="list[0].createdDate!=null">
        created_date,
      </if>
      <if test="list[0].updatedBy!=null">
        updated_by,
      </if>
      <if test="list[0].updatedDate!=null">
        updated_date,
      </if>
    </trim>
     values 
    <foreach collection="list" index="index" item="item" separator=",">
      <trim prefix=" (" suffix=")" suffixOverrides=",">
        <if test="item.id!=null">
          #{item.id,jdbcType=INTEGER},
        </if>
        <if test="item.infoEntryNo!=null">
          #{item.infoEntryNo,jdbcType=VARCHAR},
        </if>
        <if test="item.workAddr!=null">
          #{item.workAddr,jdbcType=VARCHAR},
        </if>
        <if test="item.workAddrName!=null">
          #{item.workAddrName,jdbcType=VARCHAR},
        </if>
        <if test="item.clientType!=null">
          #{item.clientType,jdbcType=VARCHAR},
        </if>
        <if test="item.mobileNo!=null">
          #{item.mobileNo,jdbcType=VARCHAR},
        </if>
        <if test="item.businessLicenseInd!=null">
          #{item.businessLicenseInd,jdbcType=VARCHAR},
        </if>
        <if test="item.legalPersonInd!=null">
          #{item.legalPersonInd,jdbcType=VARCHAR},
        </if>
        <if test="item.shareholderInd!=null">
          #{item.shareholderInd,jdbcType=VARCHAR},
        </if>
        <if test="item.expectLoanPeriod!=null">
          #{item.expectLoanPeriod,jdbcType=VARCHAR},
        </if>
        <if test="item.expectLoanAmt!=null">
          #{item.expectLoanAmt,jdbcType=DECIMAL},
        </if>
        <if test="item.lifeAddr!=null">
          #{item.lifeAddr,jdbcType=VARCHAR},
        </if>
        <if test="item.lifeAddrName!=null">
          #{item.lifeAddrName,jdbcType=VARCHAR},
        </if>
        <if test="item.pushOrderNo!=null">
          #{item.pushOrderNo,jdbcType=VARCHAR},
        </if>
        <if test="item.createdBy!=null">
          #{item.createdBy,jdbcType=VARCHAR},
        </if>
        <if test="item.createdDate!=null">
          #{item.createdDate,jdbcType=TIMESTAMP},
        </if>
        <if test="item.updatedBy!=null">
          #{item.updatedBy,jdbcType=VARCHAR},
        </if>
        <if test="item.updatedDate!=null">
          #{item.updatedDate,jdbcType=TIMESTAMP},
        </if>
      </trim>
    </foreach>
  </insert>
  <select id="selectOneByModelSelective" parameterType="map" resultMap="BaseResultMap">
    <!--
      WARNING - @mbg.generated
      This element is automatically generated by MyBatis Generator, do not modify.
    -->
    select <include refid="Base_Column_List" /> 
		from info_entry
		<where>
			<include refid="dynamicModelSql" />
		</where>
		limit 1
  </select>


    <insert id="initInfoEntry" parameterType="com.dashuf.dpbs.model.InfoEntry">
        <!--
          WARNING - @mbg.generated
          This element is automatically generated by MyBatis Generator, do not modify.
        -->
        <selectKey keyProperty="id" order="AFTER" resultType="java.lang.Integer">
            SELECT LAST_INSERT_ID()
        </selectKey>
        insert into info_entry (info_entry_no, work_addr, work_addr_name, client_type,
        mobile_no, expect_loan_period, expect_loan_amt,
        life_addr, life_addr_name, push_order_no
        )
        values (#{infoEntryNo,jdbcType=VARCHAR}, #{workAddr,jdbcType=VARCHAR},
               #{workAddrName, jdbcType=VARCHAR}, #{clientType,jdbcType=VARCHAR},
        #{mobileNo,jdbcType=VARCHAR}, #{expectLoanPeriod,jdbcType=VARCHAR}, #{expectLoanAmt,jdbcType=DECIMAL},
        #{lifeAddr,jdbcType=VARCHAR}, #{lifeAddrName, jdbcType=VARCHAR}, #{pushOrderNo,jdbcType=VARCHAR}
        )
    </insert>
</mapper>