<?xml version="1.0" encoding="UTF-8"?>
<!DOCTYPE mapper PUBLIC "-//mybatis.org//DTD Mapper 3.0//EN" "http://mybatis.org/dtd/mybatis-3-mapper.dtd">
<mapper namespace="com.dashuf.dpbs.mapper.InsuranceInfoMapper">
  <resultMap id="BaseResultMap" type="com.dashuf.dpbs.model.InsuranceInfo">
    <!--
      WARNING - @mbg.generated
      This element is automatically generated by MyBatis Generator, do not modify.
    -->
    <id column="id" jdbcType="INTEGER" property="id" />
    <result column="insurance_info_no" jdbcType="VARCHAR" property="insuranceInfoNo" />
    <result column="push_order_no" jdbcType="VARCHAR" property="pushOrderNo" />
    <result column="channel_source" jdbcType="VARCHAR" property="channelSource" />
    <result column="premium_annual_amt" jdbcType="DECIMAL" property="premiumAnnualAmt" />
    <result column="premium_annual_code" jdbcType="VARCHAR" property="premiumAnnualCode" />
    <result column="max_effective_code" jdbcType="VARCHAR" property="maxEffectiveCode" />
    <result column="insurance_company_code" jdbcType="VARCHAR" property="insuranceCompanyCode" />
    <result column="main_risk_name" jdbcType="VARCHAR" property="mainRiskName" />
    <result column="policy_num" jdbcType="VARCHAR" property="policyNum" />
    <result column="effective_date" jdbcType="TIMESTAMP" property="effectiveDate" />
    <result column="policy_status_ind" jdbcType="BIT" property="policyStatusInd" />
    <result column="payment_mode_code" jdbcType="VARCHAR" property="paymentModeCode" />
    <result column="premium_cycle_amt" jdbcType="DECIMAL" property="premiumCycleAmt" />
    <result column="premium_times_cnt" jdbcType="INTEGER" property="premiumTimesCnt" />
    <result column="holder_switch_ind" jdbcType="BIT" property="holderSwitchInd" />
    <result column="from_crawler_ind" jdbcType="BIT" property="fromCrawlerInd" />
    <result column="data_sources" jdbcType="VARCHAR" property="dataSources" />
    <result column="created_date" jdbcType="TIMESTAMP" property="createdDate" />
    <result column="created_by" jdbcType="VARCHAR" property="createdBy" />
    <result column="updated_date" jdbcType="TIMESTAMP" property="updatedDate" />
    <result column="updated_by" jdbcType="VARCHAR" property="updatedBy" />
  </resultMap>
  <sql id="Base_Column_List">
    <!--
      WARNING - @mbg.generated
      This element is automatically generated by MyBatis Generator, do not modify.
    -->
    id, insurance_info_no, push_order_no, channel_source, premium_annual_amt, premium_annual_code, 
    max_effective_code, insurance_company_code, main_risk_name, policy_num, effective_date, 
    policy_status_ind, payment_mode_code, premium_cycle_amt, premium_times_cnt, holder_switch_ind, 
    from_crawler_ind, data_sources, created_date, created_by, updated_date, updated_by
  </sql>
  <select id="selectByPrimaryKey" parameterType="java.lang.Integer" resultMap="BaseResultMap">
    <!--
      WARNING - @mbg.generated
      This element is automatically generated by MyBatis Generator, do not modify.
    -->
    select 
    <include refid="Base_Column_List" />
    from insurance_info
    where id = #{id,jdbcType=INTEGER}
  </select>
  <delete id="deleteByPrimaryKey" parameterType="java.lang.Integer">
    <!--
      WARNING - @mbg.generated
      This element is automatically generated by MyBatis Generator, do not modify.
    -->
    delete from insurance_info
    where id = #{id,jdbcType=INTEGER}
  </delete>
  <insert id="insert" parameterType="com.dashuf.dpbs.model.InsuranceInfo">
    <!--
      WARNING - @mbg.generated
      This element is automatically generated by MyBatis Generator, do not modify.
    -->
    <selectKey keyProperty="id" order="AFTER" resultType="java.lang.Integer">
      SELECT LAST_INSERT_ID()
    </selectKey>
    insert into insurance_info (insurance_info_no, push_order_no, channel_source, 
      premium_annual_amt, premium_annual_code, max_effective_code, 
      insurance_company_code, main_risk_name, policy_num, 
      effective_date, policy_status_ind, payment_mode_code, 
      premium_cycle_amt, premium_times_cnt, holder_switch_ind, 
      from_crawler_ind, data_sources, created_date, 
      created_by, updated_date, updated_by
      )
    values (#{insuranceInfoNo,jdbcType=VARCHAR}, #{pushOrderNo,jdbcType=VARCHAR}, #{channelSource,jdbcType=VARCHAR}, 
      #{premiumAnnualAmt,jdbcType=DECIMAL}, #{premiumAnnualCode,jdbcType=VARCHAR}, #{maxEffectiveCode,jdbcType=VARCHAR}, 
      #{insuranceCompanyCode,jdbcType=VARCHAR}, #{mainRiskName,jdbcType=VARCHAR}, #{policyNum,jdbcType=VARCHAR}, 
      #{effectiveDate,jdbcType=TIMESTAMP}, #{policyStatusInd,jdbcType=BIT}, #{paymentModeCode,jdbcType=VARCHAR}, 
      #{premiumCycleAmt,jdbcType=DECIMAL}, #{premiumTimesCnt,jdbcType=INTEGER}, #{holderSwitchInd,jdbcType=BIT}, 
      #{fromCrawlerInd,jdbcType=BIT}, #{dataSources,jdbcType=VARCHAR}, #{createdDate,jdbcType=TIMESTAMP}, 
      #{createdBy,jdbcType=VARCHAR}, #{updatedDate,jdbcType=TIMESTAMP}, #{updatedBy,jdbcType=VARCHAR}
      )
  </insert>
  <insert id="insertSelective" parameterType="com.dashuf.dpbs.model.InsuranceInfo">
    <!--
      WARNING - @mbg.generated
      This element is automatically generated by MyBatis Generator, do not modify.
    -->
    <selectKey keyProperty="id" order="AFTER" resultType="java.lang.Integer">
      SELECT LAST_INSERT_ID()
    </selectKey>
    insert into insurance_info
    <trim prefix="(" suffix=")" suffixOverrides=",">
      <if test="insuranceInfoNo != null">
        insurance_info_no,
      </if>
      <if test="pushOrderNo != null">
        push_order_no,
      </if>
      <if test="channelSource != null">
        channel_source,
      </if>
      <if test="premiumAnnualAmt != null">
        premium_annual_amt,
      </if>
      <if test="premiumAnnualCode != null">
        premium_annual_code,
      </if>
      <if test="maxEffectiveCode != null">
        max_effective_code,
      </if>
      <if test="insuranceCompanyCode != null">
        insurance_company_code,
      </if>
      <if test="mainRiskName != null">
        main_risk_name,
      </if>
      <if test="policyNum != null">
        policy_num,
      </if>
      <if test="effectiveDate != null">
        effective_date,
      </if>
      <if test="policyStatusInd != null">
        policy_status_ind,
      </if>
      <if test="paymentModeCode != null">
        payment_mode_code,
      </if>
      <if test="premiumCycleAmt != null">
        premium_cycle_amt,
      </if>
      <if test="premiumTimesCnt != null">
        premium_times_cnt,
      </if>
      <if test="holderSwitchInd != null">
        holder_switch_ind,
      </if>
      <if test="fromCrawlerInd != null">
        from_crawler_ind,
      </if>
      <if test="dataSources != null">
        data_sources,
      </if>
      <if test="createdDate != null">
        created_date,
      </if>
      <if test="createdBy != null">
        created_by,
      </if>
      <if test="updatedDate != null">
        updated_date,
      </if>
      <if test="updatedBy != null">
        updated_by,
      </if>
    </trim>
    <trim prefix="values (" suffix=")" suffixOverrides=",">
      <if test="insuranceInfoNo != null">
        #{insuranceInfoNo,jdbcType=VARCHAR},
      </if>
      <if test="pushOrderNo != null">
        #{pushOrderNo,jdbcType=VARCHAR},
      </if>
      <if test="channelSource != null">
        #{channelSource,jdbcType=VARCHAR},
      </if>
      <if test="premiumAnnualAmt != null">
        #{premiumAnnualAmt,jdbcType=DECIMAL},
      </if>
      <if test="premiumAnnualCode != null">
        #{premiumAnnualCode,jdbcType=VARCHAR},
      </if>
      <if test="maxEffectiveCode != null">
        #{maxEffectiveCode,jdbcType=VARCHAR},
      </if>
      <if test="insuranceCompanyCode != null">
        #{insuranceCompanyCode,jdbcType=VARCHAR},
      </if>
      <if test="mainRiskName != null">
        #{mainRiskName,jdbcType=VARCHAR},
      </if>
      <if test="policyNum != null">
        #{policyNum,jdbcType=VARCHAR},
      </if>
      <if test="effectiveDate != null">
        #{effectiveDate,jdbcType=TIMESTAMP},
      </if>
      <if test="policyStatusInd != null">
        #{policyStatusInd,jdbcType=BIT},
      </if>
      <if test="paymentModeCode != null">
        #{paymentModeCode,jdbcType=VARCHAR},
      </if>
      <if test="premiumCycleAmt != null">
        #{premiumCycleAmt,jdbcType=DECIMAL},
      </if>
      <if test="premiumTimesCnt != null">
        #{premiumTimesCnt,jdbcType=INTEGER},
      </if>
      <if test="holderSwitchInd != null">
        #{holderSwitchInd,jdbcType=BIT},
      </if>
      <if test="fromCrawlerInd != null">
        #{fromCrawlerInd,jdbcType=BIT},
      </if>
      <if test="dataSources != null">
        #{dataSources,jdbcType=VARCHAR},
      </if>
      <if test="createdDate != null">
        #{createdDate,jdbcType=TIMESTAMP},
      </if>
      <if test="createdBy != null">
        #{createdBy,jdbcType=VARCHAR},
      </if>
      <if test="updatedDate != null">
        #{updatedDate,jdbcType=TIMESTAMP},
      </if>
      <if test="updatedBy != null">
        #{updatedBy,jdbcType=VARCHAR},
      </if>
    </trim>
  </insert>
  <update id="updateByPrimaryKeySelective" parameterType="com.dashuf.dpbs.model.InsuranceInfo">
    <!--
      WARNING - @mbg.generated
      This element is automatically generated by MyBatis Generator, do not modify.
    -->
    update insurance_info
    <set>
      <if test="insuranceInfoNo != null">
        insurance_info_no = #{insuranceInfoNo,jdbcType=VARCHAR},
      </if>
      <if test="pushOrderNo != null">
        push_order_no = #{pushOrderNo,jdbcType=VARCHAR},
      </if>
      <if test="channelSource != null">
        channel_source = #{channelSource,jdbcType=VARCHAR},
      </if>
      <if test="premiumAnnualAmt != null">
        premium_annual_amt = #{premiumAnnualAmt,jdbcType=DECIMAL},
      </if>
      <if test="premiumAnnualCode != null">
        premium_annual_code = #{premiumAnnualCode,jdbcType=VARCHAR},
      </if>
      <if test="maxEffectiveCode != null">
        max_effective_code = #{maxEffectiveCode,jdbcType=VARCHAR},
      </if>
      <if test="insuranceCompanyCode != null">
        insurance_company_code = #{insuranceCompanyCode,jdbcType=VARCHAR},
      </if>
      <if test="mainRiskName != null">
        main_risk_name = #{mainRiskName,jdbcType=VARCHAR},
      </if>
      <if test="policyNum != null">
        policy_num = #{policyNum,jdbcType=VARCHAR},
      </if>
      <if test="effectiveDate != null">
        effective_date = #{effectiveDate,jdbcType=TIMESTAMP},
      </if>
      <if test="policyStatusInd != null">
        policy_status_ind = #{policyStatusInd,jdbcType=BIT},
      </if>
      <if test="paymentModeCode != null">
        payment_mode_code = #{paymentModeCode,jdbcType=VARCHAR},
      </if>
      <if test="premiumCycleAmt != null">
        premium_cycle_amt = #{premiumCycleAmt,jdbcType=DECIMAL},
      </if>
      <if test="premiumTimesCnt != null">
        premium_times_cnt = #{premiumTimesCnt,jdbcType=INTEGER},
      </if>
      <if test="holderSwitchInd != null">
        holder_switch_ind = #{holderSwitchInd,jdbcType=BIT},
      </if>
      <if test="fromCrawlerInd != null">
        from_crawler_ind = #{fromCrawlerInd,jdbcType=BIT},
      </if>
      <if test="dataSources != null">
        data_sources = #{dataSources,jdbcType=VARCHAR},
      </if>
      <if test="createdDate != null">
        created_date = #{createdDate,jdbcType=TIMESTAMP},
      </if>
      <if test="createdBy != null">
        created_by = #{createdBy,jdbcType=VARCHAR},
      </if>
      <if test="updatedDate != null">
        updated_date = #{updatedDate,jdbcType=TIMESTAMP},
      </if>
      <if test="updatedBy != null">
        updated_by = #{updatedBy,jdbcType=VARCHAR},
      </if>
    </set>
    where id = #{id,jdbcType=INTEGER}
  </update>
  <update id="updateByPrimaryKey" parameterType="com.dashuf.dpbs.model.InsuranceInfo">
    <!--
      WARNING - @mbg.generated
      This element is automatically generated by MyBatis Generator, do not modify.
    -->
    update insurance_info
    set insurance_info_no = #{insuranceInfoNo,jdbcType=VARCHAR},
      push_order_no = #{pushOrderNo,jdbcType=VARCHAR},
      channel_source = #{channelSource,jdbcType=VARCHAR},
      premium_annual_amt = #{premiumAnnualAmt,jdbcType=DECIMAL},
      premium_annual_code = #{premiumAnnualCode,jdbcType=VARCHAR},
      max_effective_code = #{maxEffectiveCode,jdbcType=VARCHAR},
      insurance_company_code = #{insuranceCompanyCode,jdbcType=VARCHAR},
      main_risk_name = #{mainRiskName,jdbcType=VARCHAR},
      policy_num = #{policyNum,jdbcType=VARCHAR},
      effective_date = #{effectiveDate,jdbcType=TIMESTAMP},
      policy_status_ind = #{policyStatusInd,jdbcType=BIT},
      payment_mode_code = #{paymentModeCode,jdbcType=VARCHAR},
      premium_cycle_amt = #{premiumCycleAmt,jdbcType=DECIMAL},
      premium_times_cnt = #{premiumTimesCnt,jdbcType=INTEGER},
      holder_switch_ind = #{holderSwitchInd,jdbcType=BIT},
      from_crawler_ind = #{fromCrawlerInd,jdbcType=BIT},
      data_sources = #{dataSources,jdbcType=VARCHAR},
      created_date = #{createdDate,jdbcType=TIMESTAMP},
      created_by = #{createdBy,jdbcType=VARCHAR},
      updated_date = #{updatedDate,jdbcType=TIMESTAMP},
      updated_by = #{updatedBy,jdbcType=VARCHAR}
    where id = #{id,jdbcType=INTEGER}
  </update>
  <select id="countByModelSelective" parameterType="map" resultType="int">
    <!--
      WARNING - @mbg.generated
      This element is automatically generated by MyBatis Generator, do not modify.
    -->
    select count(*)
		from insurance_info
		<where>
			<include refid="dynamicModelSql" />
		</where>
  </select>
  <delete id="deleteByModelSelective" parameterType="map">
    <!--
      WARNING - @mbg.generated
      This element is automatically generated by MyBatis Generator, do not modify.
    -->
    	delete from insurance_info
		<where>
			<include refid="dynamicModelSql" />
		</where>
  </delete>
  <update id="updateByModelSelective" parameterType="map">
    <!--
      WARNING - @mbg.generated
      This element is automatically generated by MyBatis Generator, do not modify.
    -->
    update insurance_info
		<set>
			<if test="model.id != null">
				id = #{model.id, jdbcType=INTEGER},
			</if>
			<if test="model.insuranceInfoNo != null">
				insurance_info_no = #{model.insuranceInfoNo, jdbcType=VARCHAR},
			</if>
			<if test="model.pushOrderNo != null">
				push_order_no = #{model.pushOrderNo, jdbcType=VARCHAR},
			</if>
			<if test="model.channelSource != null">
				channel_source = #{model.channelSource, jdbcType=VARCHAR},
			</if>
			<if test="model.premiumAnnualAmt != null">
				premium_annual_amt = #{model.premiumAnnualAmt, jdbcType=DECIMAL},
			</if>
			<if test="model.premiumAnnualCode != null">
				premium_annual_code = #{model.premiumAnnualCode, jdbcType=VARCHAR},
			</if>
			<if test="model.maxEffectiveCode != null">
				max_effective_code = #{model.maxEffectiveCode, jdbcType=VARCHAR},
			</if>
			<if test="model.insuranceCompanyCode != null">
				insurance_company_code = #{model.insuranceCompanyCode, jdbcType=VARCHAR},
			</if>
			<if test="model.mainRiskName != null">
				main_risk_name = #{model.mainRiskName, jdbcType=VARCHAR},
			</if>
			<if test="model.policyNum != null">
				policy_num = #{model.policyNum, jdbcType=VARCHAR},
			</if>
			<if test="model.effectiveDate != null">
				effective_date = #{model.effectiveDate, jdbcType=TIMESTAMP},
			</if>
			<if test="model.policyStatusInd != null">
				policy_status_ind = #{model.policyStatusInd, jdbcType=BIT},
			</if>
			<if test="model.paymentModeCode != null">
				payment_mode_code = #{model.paymentModeCode, jdbcType=VARCHAR},
			</if>
			<if test="model.premiumCycleAmt != null">
				premium_cycle_amt = #{model.premiumCycleAmt, jdbcType=DECIMAL},
			</if>
			<if test="model.premiumTimesCnt != null">
				premium_times_cnt = #{model.premiumTimesCnt, jdbcType=INTEGER},
			</if>
			<if test="model.holderSwitchInd != null">
				holder_switch_ind = #{model.holderSwitchInd, jdbcType=BIT},
			</if>
			<if test="model.fromCrawlerInd != null">
				from_crawler_ind = #{model.fromCrawlerInd, jdbcType=BIT},
			</if>
			<if test="model.dataSources != null">
				data_sources = #{model.dataSources, jdbcType=VARCHAR},
			</if>
			<if test="model.createdDate != null">
				created_date = #{model.createdDate, jdbcType=TIMESTAMP},
			</if>
			<if test="model.createdBy != null">
				created_by = #{model.createdBy, jdbcType=VARCHAR},
			</if>
			<if test="model.updatedDate != null">
				updated_date = #{model.updatedDate, jdbcType=TIMESTAMP},
			</if>
			<if test="model.updatedBy != null">
				updated_by = #{model.updatedBy, jdbcType=VARCHAR},
			</if>
		</set>
		<where>
			<include refid="dynamicModelSql" />
		</where>
  </update>
  <sql id="dynamicModelSql">
    <!--
      WARNING - @mbg.generated
      This element is automatically generated by MyBatis Generator, do not modify.
    -->
    	<if test="cond != null">
			<if test="cond.id != null">
				and id = #{cond.id, jdbcType=INTEGER}
			</if>
			<if test="cond.insuranceInfoNo != null and cond.insuranceInfoNo != ''">
				and insurance_info_no <if test="!strict"> like concat('%', </if><if test="strict"> = </if>#{cond.insuranceInfoNo, jdbcType=VARCHAR}<if test="!strict">, '%') </if>
			</if>
			<if test="cond.pushOrderNo != null and cond.pushOrderNo != ''">
				and push_order_no <if test="!strict"> like concat('%', </if><if test="strict"> = </if>#{cond.pushOrderNo, jdbcType=VARCHAR}<if test="!strict">, '%') </if>
			</if>
			<if test="cond.channelSource != null and cond.channelSource != ''">
				and channel_source <if test="!strict"> like concat('%', </if><if test="strict"> = </if>#{cond.channelSource, jdbcType=VARCHAR}<if test="!strict">, '%') </if>
			</if>
			<if test="cond.premiumAnnualAmt != null">
				and premium_annual_amt = #{cond.premiumAnnualAmt, jdbcType=DECIMAL}
			</if>
			<if test="cond.premiumAnnualCode != null and cond.premiumAnnualCode != ''">
				and premium_annual_code <if test="!strict"> like concat('%', </if><if test="strict"> = </if>#{cond.premiumAnnualCode, jdbcType=VARCHAR}<if test="!strict">, '%') </if>
			</if>
			<if test="cond.maxEffectiveCode != null and cond.maxEffectiveCode != ''">
				and max_effective_code <if test="!strict"> like concat('%', </if><if test="strict"> = </if>#{cond.maxEffectiveCode, jdbcType=VARCHAR}<if test="!strict">, '%') </if>
			</if>
			<if test="cond.insuranceCompanyCode != null and cond.insuranceCompanyCode != ''">
				and insurance_company_code <if test="!strict"> like concat('%', </if><if test="strict"> = </if>#{cond.insuranceCompanyCode, jdbcType=VARCHAR}<if test="!strict">, '%') </if>
			</if>
			<if test="cond.mainRiskName != null and cond.mainRiskName != ''">
				and main_risk_name <if test="!strict"> like concat('%', </if><if test="strict"> = </if>#{cond.mainRiskName, jdbcType=VARCHAR}<if test="!strict">, '%') </if>
			</if>
			<if test="cond.policyNum != null and cond.policyNum != ''">
				and policy_num <if test="!strict"> like concat('%', </if><if test="strict"> = </if>#{cond.policyNum, jdbcType=VARCHAR}<if test="!strict">, '%') </if>
			</if>
			<if test="cond.effectiveDate != null">
				and effective_date = #{cond.effectiveDate, jdbcType=TIMESTAMP}
			</if>
			<if test="cond.policyStatusInd != null">
				and policy_status_ind = #{cond.policyStatusInd, jdbcType=BIT}
			</if>
			<if test="cond.paymentModeCode != null and cond.paymentModeCode != ''">
				and payment_mode_code <if test="!strict"> like concat('%', </if><if test="strict"> = </if>#{cond.paymentModeCode, jdbcType=VARCHAR}<if test="!strict">, '%') </if>
			</if>
			<if test="cond.premiumCycleAmt != null">
				and premium_cycle_amt = #{cond.premiumCycleAmt, jdbcType=DECIMAL}
			</if>
			<if test="cond.premiumTimesCnt != null">
				and premium_times_cnt = #{cond.premiumTimesCnt, jdbcType=INTEGER}
			</if>
			<if test="cond.holderSwitchInd != null">
				and holder_switch_ind = #{cond.holderSwitchInd, jdbcType=BIT}
			</if>
			<if test="cond.fromCrawlerInd != null">
				and from_crawler_ind = #{cond.fromCrawlerInd, jdbcType=BIT}
			</if>
			<if test="cond.dataSources != null and cond.dataSources != ''">
				and data_sources <if test="!strict"> like concat('%', </if><if test="strict"> = </if>#{cond.dataSources, jdbcType=VARCHAR}<if test="!strict">, '%') </if>
			</if>
            <if test="cond.infoEntryNo != null">
                and info_entry_no = #{cond.infoEntryNo, jdbcType=VARCHAR}
            </if>
			<if test="cond.createdDate != null">
				and created_date = #{cond.createdDate, jdbcType=TIMESTAMP}
			</if>
			<if test="cond.createdBy != null and cond.createdBy != ''">
				and created_by <if test="!strict"> like concat('%', </if><if test="strict"> = </if>#{cond.createdBy, jdbcType=VARCHAR}<if test="!strict">, '%') </if>
			</if>
			<if test="cond.updatedDate != null">
				and updated_date = #{cond.updatedDate, jdbcType=TIMESTAMP}
			</if>
			<if test="cond.updatedBy != null and cond.updatedBy != ''">
				and updated_by <if test="!strict"> like concat('%', </if><if test="strict"> = </if>#{cond.updatedBy, jdbcType=VARCHAR}<if test="!strict">, '%') </if>
			</if>
		</if>
  </sql>
  <sql id="Base_Column_List_Prefix">
    <!--
      WARNING - @mbg.generated
      This element is automatically generated by MyBatis Generator, do not modify.
    -->
    my.id,my.insurance_info_no,my.push_order_no,my.channel_source,my.premium_annual_amt,my.premium_annual_code,my.max_effective_code,my.insurance_company_code,my.main_risk_name,my.policy_num,my.effective_date,my.policy_status_ind,my.payment_mode_code,my.premium_cycle_amt,my.premium_times_cnt,my.holder_switch_ind,my.from_crawler_ind,my.data_sources,my.created_date,my.created_by,my.updated_date,my.updated_by
  </sql>
  <select id="selectByModelSelective" parameterType="map" resultMap="BaseResultMap">
    <!--
      WARNING - @mbg.generated
      This element is automatically generated by MyBatis Generator, do not modify.
    -->
    select <include refid="Base_Column_List" /> 
		from insurance_info
		<where>
			<include refid="dynamicModelSql" />
		</where>
  </select>
  <insert id="insertBatchSelective" parameterType="java.util.List">
    <!--
      WARNING - @mbg.generated
      This element is automatically generated by MyBatis Generator, do not modify.
    -->
    insert into insurance_info
    <trim prefix="(" suffix=")" suffixOverrides=",">
      <if test="list[0].id!=null">
        id,
      </if>
      <if test="list[0].insuranceInfoNo!=null">
        insurance_info_no,
      </if>
      <if test="list[0].pushOrderNo!=null">
        push_order_no,
      </if>
      <if test="list[0].channelSource!=null">
        channel_source,
      </if>
      <if test="list[0].premiumAnnualAmt!=null">
        premium_annual_amt,
      </if>
      <if test="list[0].premiumAnnualCode!=null">
        premium_annual_code,
      </if>
      <if test="list[0].maxEffectiveCode!=null">
        max_effective_code,
      </if>
      <if test="list[0].insuranceCompanyCode!=null">
        insurance_company_code,
      </if>
      <if test="list[0].mainRiskName!=null">
        main_risk_name,
      </if>
      <if test="list[0].policyNum!=null">
        policy_num,
      </if>
      <if test="list[0].effectiveDate!=null">
        effective_date,
      </if>
      <if test="list[0].policyStatusInd!=null">
        policy_status_ind,
      </if>
      <if test="list[0].paymentModeCode!=null">
        payment_mode_code,
      </if>
      <if test="list[0].premiumCycleAmt!=null">
        premium_cycle_amt,
      </if>
      <if test="list[0].premiumTimesCnt!=null">
        premium_times_cnt,
      </if>
      <if test="list[0].holderSwitchInd!=null">
        holder_switch_ind,
      </if>
      <if test="list[0].fromCrawlerInd!=null">
        from_crawler_ind,
      </if>
      <if test="list[0].dataSources!=null">
        data_sources,
      </if>
        <if test="list[0].infoEntryNo != null">
            info_entry_no,
        </if>
      <if test="list[0].createdDate!=null">
        created_date,
      </if>
      <if test="list[0].createdBy!=null">
        created_by,
      </if>
      <if test="list[0].updatedDate!=null">
        updated_date,
      </if>
      <if test="list[0].updatedBy!=null">
        updated_by,
      </if>
    </trim>
     values 
    <foreach collection="list" index="index" item="item" separator=",">
      <trim prefix=" (" suffix=")" suffixOverrides=",">
        <if test="item.id!=null">
          #{item.id,jdbcType=INTEGER},
        </if>
        <if test="item.insuranceInfoNo!=null">
          #{item.insuranceInfoNo,jdbcType=VARCHAR},
        </if>
        <if test="item.pushOrderNo!=null">
          #{item.pushOrderNo,jdbcType=VARCHAR},
        </if>
        <if test="item.channelSource!=null">
          #{item.channelSource,jdbcType=VARCHAR},
        </if>
        <if test="item.premiumAnnualAmt!=null">
          #{item.premiumAnnualAmt,jdbcType=DECIMAL},
        </if>
        <if test="item.premiumAnnualCode!=null">
          #{item.premiumAnnualCode,jdbcType=VARCHAR},
        </if>
        <if test="item.maxEffectiveCode!=null">
          #{item.maxEffectiveCode,jdbcType=VARCHAR},
        </if>
        <if test="item.insuranceCompanyCode!=null">
          #{item.insuranceCompanyCode,jdbcType=VARCHAR},
        </if>
        <if test="item.mainRiskName!=null">
          #{item.mainRiskName,jdbcType=VARCHAR},
        </if>
        <if test="item.policyNum!=null">
          #{item.policyNum,jdbcType=VARCHAR},
        </if>
        <if test="item.effectiveDate!=null">
          #{item.effectiveDate,jdbcType=TIMESTAMP},
        </if>
        <if test="item.policyStatusInd!=null">
          #{item.policyStatusInd,jdbcType=BIT},
        </if>
        <if test="item.paymentModeCode!=null">
          #{item.paymentModeCode,jdbcType=VARCHAR},
        </if>
        <if test="item.premiumCycleAmt!=null">
          #{item.premiumCycleAmt,jdbcType=DECIMAL},
        </if>
        <if test="item.premiumTimesCnt!=null">
          #{item.premiumTimesCnt,jdbcType=INTEGER},
        </if>
        <if test="item.holderSwitchInd!=null">
          #{item.holderSwitchInd,jdbcType=BIT},
        </if>
        <if test="item.fromCrawlerInd!=null">
          #{item.fromCrawlerInd,jdbcType=BIT},
        </if>
        <if test="item.dataSources!=null">
          #{item.dataSources,jdbcType=VARCHAR},
        </if>
          <if test="item.infoEntryNo != null">
              #{item.infoEntryNo, jdbcType=VARCHAR},
          </if>
        <if test="item.createdDate!=null">
          #{item.createdDate,jdbcType=TIMESTAMP},
        </if>
        <if test="item.createdBy!=null">
          #{item.createdBy,jdbcType=VARCHAR},
        </if>
        <if test="item.updatedDate!=null">
          #{item.updatedDate,jdbcType=TIMESTAMP},
        </if>
        <if test="item.updatedBy!=null">
          #{item.updatedBy,jdbcType=VARCHAR},
        </if>
      </trim>
    </foreach>
  </insert>
  <select id="selectOneByModelSelective" parameterType="map" resultMap="BaseResultMap">
    <!--
      WARNING - @mbg.generated
      This element is automatically generated by MyBatis Generator, do not modify.
    -->
    select <include refid="Base_Column_List" /> 
		from insurance_info
		<where>
			<include refid="dynamicModelSql" />
		</where>
		limit 1
  </select>
</mapper>