<?xml version="1.0" encoding="UTF-8"?>
<!DOCTYPE mapper PUBLIC "-//mybatis.org//DTD Mapper 3.0//EN" "http://mybatis.org/dtd/mybatis-3-mapper.dtd">
<mapper namespace="com.dashuf.dpbs.mapper.LawsuitQueryRecordMapper">
  <resultMap id="BaseResultMap" type="com.dashuf.dpbs.model.LawsuitQueryRecord">
    <!--
      WARNING - @mbg.generated
      This element is automatically generated by MyBatis Generator, do not modify.
    -->
    <id column="id" jdbcType="INTEGER" property="id" />
    <result column="user_no" jdbcType="VARCHAR" property="userNo" />
    <result column="cert_no" jdbcType="VARCHAR" property="certNo" />
    <result column="name" jdbcType="VARCHAR" property="name" />
    <result column="request_id" jdbcType="INTEGER" property="requestId" />
    <result column="query_date" jdbcType="DATE" property="queryDate" />
    <result column="created_date" jdbcType="TIMESTAMP" property="createdDate" />
    <result column="created_by" jdbcType="VARCHAR" property="createdBy" />
    <result column="updated_date" jdbcType="TIMESTAMP" property="updatedDate" />
    <result column="updated_by" jdbcType="VARCHAR" property="updatedBy" />
  </resultMap>

    <resultMap id="LocalResultMap" type="com.dashuf.dpbs.app.web.resp.lawsuit.LawsuitResultResp">
        <result column="cert_no" jdbcType="VARCHAR" property="certNo" />
        <result column="name" jdbcType="VARCHAR" property="name" />
        <result column="result" jdbcType="VARCHAR" property="result" />
        <result column="query_date" jdbcType="DATE" property="queryDate" />
    </resultMap>
  <sql id="Base_Column_List">
    <!--
      WARNING - @mbg.generated
      This element is automatically generated by MyBatis Generator, do not modify.
    -->
    id, user_no, cert_no, name, request_id, query_date, created_date, created_by, updated_date, 
    updated_by
  </sql>
  <select id="selectByPrimaryKey" parameterType="java.lang.Integer" resultMap="BaseResultMap">
    <!--
      WARNING - @mbg.generated
      This element is automatically generated by MyBatis Generator, do not modify.
    -->
    select 
    <include refid="Base_Column_List" />
    from lawsuit_query_record
    where id = #{id,jdbcType=INTEGER}
  </select>
  <delete id="deleteByPrimaryKey" parameterType="java.lang.Integer">
    <!--
      WARNING - @mbg.generated
      This element is automatically generated by MyBatis Generator, do not modify.
    -->
    delete from lawsuit_query_record
    where id = #{id,jdbcType=INTEGER}
  </delete>
  <insert id="insert" parameterType="com.dashuf.dpbs.model.LawsuitQueryRecord">
    <!--
      WARNING - @mbg.generated
      This element is automatically generated by MyBatis Generator, do not modify.
    -->
    <selectKey keyProperty="id" order="AFTER" resultType="java.lang.Integer">
      SELECT LAST_INSERT_ID()
    </selectKey>
    insert into lawsuit_query_record (user_no, cert_no, name, 
      request_id, query_date, created_date, 
      created_by, updated_date, updated_by
      )
    values (#{userNo,jdbcType=VARCHAR}, #{certNo,jdbcType=VARCHAR}, #{name,jdbcType=VARCHAR}, 
      #{requestId,jdbcType=INTEGER}, #{queryDate,jdbcType=DATE}, #{createdDate,jdbcType=TIMESTAMP}, 
      #{createdBy,jdbcType=VARCHAR}, #{updatedDate,jdbcType=TIMESTAMP}, #{updatedBy,jdbcType=VARCHAR}
      )
  </insert>
  <insert id="insertSelective" parameterType="com.dashuf.dpbs.model.LawsuitQueryRecord">
    <!--
      WARNING - @mbg.generated
      This element is automatically generated by MyBatis Generator, do not modify.
    -->
    <selectKey keyProperty="id" order="AFTER" resultType="java.lang.Integer">
      SELECT LAST_INSERT_ID()
    </selectKey>
    insert into lawsuit_query_record
    <trim prefix="(" suffix=")" suffixOverrides=",">
      <if test="userNo != null">
        user_no,
      </if>
      <if test="certNo != null">
        cert_no,
      </if>
      <if test="name != null">
        name,
      </if>
      <if test="requestId != null">
        request_id,
      </if>
      <if test="queryDate != null">
        query_date,
      </if>
      <if test="createdDate != null">
        created_date,
      </if>
      <if test="createdBy != null">
        created_by,
      </if>
      <if test="updatedDate != null">
        updated_date,
      </if>
      <if test="updatedBy != null">
        updated_by,
      </if>
    </trim>
    <trim prefix="values (" suffix=")" suffixOverrides=",">
      <if test="userNo != null">
        #{userNo,jdbcType=VARCHAR},
      </if>
      <if test="certNo != null">
        #{certNo,jdbcType=VARCHAR},
      </if>
      <if test="name != null">
        #{name,jdbcType=VARCHAR},
      </if>
      <if test="requestId != null">
        #{requestId,jdbcType=INTEGER},
      </if>
      <if test="queryDate != null">
        #{queryDate,jdbcType=DATE},
      </if>
      <if test="createdDate != null">
        #{createdDate,jdbcType=TIMESTAMP},
      </if>
      <if test="createdBy != null">
        #{createdBy,jdbcType=VARCHAR},
      </if>
      <if test="updatedDate != null">
        #{updatedDate,jdbcType=TIMESTAMP},
      </if>
      <if test="updatedBy != null">
        #{updatedBy,jdbcType=VARCHAR},
      </if>
    </trim>
  </insert>
  <update id="updateByPrimaryKeySelective" parameterType="com.dashuf.dpbs.model.LawsuitQueryRecord">
    <!--
      WARNING - @mbg.generated
      This element is automatically generated by MyBatis Generator, do not modify.
    -->
    update lawsuit_query_record
    <set>
      <if test="userNo != null">
        user_no = #{userNo,jdbcType=VARCHAR},
      </if>
      <if test="certNo != null">
        cert_no = #{certNo,jdbcType=VARCHAR},
      </if>
      <if test="name != null">
        name = #{name,jdbcType=VARCHAR},
      </if>
      <if test="requestId != null">
        request_id = #{requestId,jdbcType=INTEGER},
      </if>
      <if test="queryDate != null">
        query_date = #{queryDate,jdbcType=DATE},
      </if>
      <if test="createdDate != null">
        created_date = #{createdDate,jdbcType=TIMESTAMP},
      </if>
      <if test="createdBy != null">
        created_by = #{createdBy,jdbcType=VARCHAR},
      </if>
      <if test="updatedDate != null">
        updated_date = #{updatedDate,jdbcType=TIMESTAMP},
      </if>
      <if test="updatedBy != null">
        updated_by = #{updatedBy,jdbcType=VARCHAR},
      </if>
    </set>
    where id = #{id,jdbcType=INTEGER}
  </update>
  <update id="updateByPrimaryKey" parameterType="com.dashuf.dpbs.model.LawsuitQueryRecord">
    <!--
      WARNING - @mbg.generated
      This element is automatically generated by MyBatis Generator, do not modify.
    -->
    update lawsuit_query_record
    set user_no = #{userNo,jdbcType=VARCHAR},
      cert_no = #{certNo,jdbcType=VARCHAR},
      name = #{name,jdbcType=VARCHAR},
      request_id = #{requestId,jdbcType=INTEGER},
      query_date = #{queryDate,jdbcType=DATE},
      created_date = #{createdDate,jdbcType=TIMESTAMP},
      created_by = #{createdBy,jdbcType=VARCHAR},
      updated_date = #{updatedDate,jdbcType=TIMESTAMP},
      updated_by = #{updatedBy,jdbcType=VARCHAR}
    where id = #{id,jdbcType=INTEGER}
  </update>
  <select id="countByModelSelective" parameterType="map" resultType="int">
    <!--
      WARNING - @mbg.generated
      This element is automatically generated by MyBatis Generator, do not modify.
    -->
    select count(*)
		from lawsuit_query_record
		<where>
			<include refid="dynamicModelSql" />
		</where>
  </select>
  <delete id="deleteByModelSelective" parameterType="map">
    <!--
      WARNING - @mbg.generated
      This element is automatically generated by MyBatis Generator, do not modify.
    -->
    	delete from lawsuit_query_record
		<where>
			<include refid="dynamicModelSql" />
		</where>
  </delete>
  <update id="updateByModelSelective" parameterType="map">
    <!--
      WARNING - @mbg.generated
      This element is automatically generated by MyBatis Generator, do not modify.
    -->
    update lawsuit_query_record
		<set>
			<if test="model.id != null">
				id = #{model.id, jdbcType=INTEGER},
			</if>
			<if test="model.userNo != null">
				user_no = #{model.userNo, jdbcType=VARCHAR},
			</if>
			<if test="model.certNo != null">
				cert_no = #{model.certNo, jdbcType=VARCHAR},
			</if>
			<if test="model.name != null">
				name = #{model.name, jdbcType=VARCHAR},
			</if>
			<if test="model.requestId != null">
				request_id = #{model.requestId, jdbcType=INTEGER},
			</if>
			<if test="model.queryDate != null">
				query_date = #{model.queryDate, jdbcType=DATE},
			</if>
			<if test="model.createdDate != null">
				created_date = #{model.createdDate, jdbcType=TIMESTAMP},
			</if>
			<if test="model.createdBy != null">
				created_by = #{model.createdBy, jdbcType=VARCHAR},
			</if>
			<if test="model.updatedDate != null">
				updated_date = #{model.updatedDate, jdbcType=TIMESTAMP},
			</if>
			<if test="model.updatedBy != null">
				updated_by = #{model.updatedBy, jdbcType=VARCHAR},
			</if>
		</set>
		<where>
			<include refid="dynamicModelSql" />
		</where>
  </update>
  <sql id="dynamicModelSql">
    <!--
      WARNING - @mbg.generated
      This element is automatically generated by MyBatis Generator, do not modify.
    -->
    	<if test="cond != null">
			<if test="cond.id != null">
				and id = #{cond.id, jdbcType=INTEGER}
			</if>
			<if test="cond.userNo != null and cond.userNo != ''">
				and user_no <if test="!strict"> like concat('%', </if><if test="strict"> = </if>#{cond.userNo, jdbcType=VARCHAR}<if test="!strict">, '%') </if>
			</if>
			<if test="cond.certNo != null and cond.certNo != ''">
				and cert_no <if test="!strict"> like concat('%', </if><if test="strict"> = </if>#{cond.certNo, jdbcType=VARCHAR}<if test="!strict">, '%') </if>
			</if>
			<if test="cond.name != null and cond.name != ''">
				and name <if test="!strict"> like concat('%', </if><if test="strict"> = </if>#{cond.name, jdbcType=VARCHAR}<if test="!strict">, '%') </if>
			</if>
			<if test="cond.requestId != null">
				and request_id = #{cond.requestId, jdbcType=INTEGER}
			</if>
			<if test="cond.queryDate != null">
				and query_date = #{cond.queryDate, jdbcType=DATE}
			</if>
			<if test="cond.createdDate != null">
				and created_date = #{cond.createdDate, jdbcType=TIMESTAMP}
			</if>
			<if test="cond.createdBy != null and cond.createdBy != ''">
				and created_by <if test="!strict"> like concat('%', </if><if test="strict"> = </if>#{cond.createdBy, jdbcType=VARCHAR}<if test="!strict">, '%') </if>
			</if>
			<if test="cond.updatedDate != null">
				and updated_date = #{cond.updatedDate, jdbcType=TIMESTAMP}
			</if>
			<if test="cond.updatedBy != null and cond.updatedBy != ''">
				and updated_by <if test="!strict"> like concat('%', </if><if test="strict"> = </if>#{cond.updatedBy, jdbcType=VARCHAR}<if test="!strict">, '%') </if>
			</if>
		</if>
  </sql>
  <sql id="Base_Column_List_Prefix">
    <!--
      WARNING - @mbg.generated
      This element is automatically generated by MyBatis Generator, do not modify.
    -->
    my.id,my.user_no,my.cert_no,my.name,my.request_id,my.query_date,my.created_date,my.created_by,my.updated_date,my.updated_by
  </sql>
  <select id="selectByModelSelective" parameterType="map" resultMap="BaseResultMap">
    <!--
      WARNING - @mbg.generated
      This element is automatically generated by MyBatis Generator, do not modify.
    -->
    select <include refid="Base_Column_List" /> 
		from lawsuit_query_record
		<where>
			<include refid="dynamicModelSql" />
		</where>
  </select>
  <insert id="insertBatchSelective" parameterType="java.util.List">
    <!--
      WARNING - @mbg.generated
      This element is automatically generated by MyBatis Generator, do not modify.
    -->
    insert into lawsuit_query_record
    <trim prefix="(" suffix=")" suffixOverrides=",">
      <if test="list[0].id!=null">
        id,
      </if>
      <if test="list[0].userNo!=null">
        user_no,
      </if>
      <if test="list[0].certNo!=null">
        cert_no,
      </if>
      <if test="list[0].name!=null">
        name,
      </if>
      <if test="list[0].requestId!=null">
        request_id,
      </if>
      <if test="list[0].queryDate!=null">
        query_date,
      </if>
      <if test="list[0].createdDate!=null">
        created_date,
      </if>
      <if test="list[0].createdBy!=null">
        created_by,
      </if>
      <if test="list[0].updatedDate!=null">
        updated_date,
      </if>
      <if test="list[0].updatedBy!=null">
        updated_by,
      </if>
    </trim>
     values 
    <foreach collection="list" index="index" item="item" separator=",">
      <trim prefix=" (" suffix=")" suffixOverrides=",">
        <if test="item.id!=null">
          #{item.id,jdbcType=INTEGER},
        </if>
        <if test="item.userNo!=null">
          #{item.userNo,jdbcType=VARCHAR},
        </if>
        <if test="item.certNo!=null">
          #{item.certNo,jdbcType=VARCHAR},
        </if>
        <if test="item.name!=null">
          #{item.name,jdbcType=VARCHAR},
        </if>
        <if test="item.requestId!=null">
          #{item.requestId,jdbcType=INTEGER},
        </if>
        <if test="item.queryDate!=null">
          #{item.queryDate,jdbcType=DATE},
        </if>
        <if test="item.createdDate!=null">
          #{item.createdDate,jdbcType=TIMESTAMP},
        </if>
        <if test="item.createdBy!=null">
          #{item.createdBy,jdbcType=VARCHAR},
        </if>
        <if test="item.updatedDate!=null">
          #{item.updatedDate,jdbcType=TIMESTAMP},
        </if>
        <if test="item.updatedBy!=null">
          #{item.updatedBy,jdbcType=VARCHAR},
        </if>
      </trim>
    </foreach>
  </insert>
  <select id="selectOneByModelSelective" parameterType="map" resultMap="BaseResultMap">
    <!--
      WARNING - @mbg.generated
      This element is automatically generated by MyBatis Generator, do not modify.
    -->
    select <include refid="Base_Column_List" /> 
		from lawsuit_query_record
		<where>
			<include refid="dynamicModelSql" />
		</where>
		limit 1
  </select>

    <select id="getLocalResult" parameterType="java.lang.Integer" resultMap="LocalResultMap">
        SELECT
            t1.cert_no,
            t.name,
            t.query_date,
            t1.result
        FROM
            lawsuit_query_record t
        INNER JOIN lawsuit_request_log t1 ON t.request_id = t1.id
        where t.request_id = #{requestId}
    </select>
</mapper>