<?xml version="1.0" encoding="UTF-8"?>
<!DOCTYPE mapper PUBLIC "-//mybatis.org//DTD Mapper 3.0//EN" "http://mybatis.org/dtd/mybatis-3-mapper.dtd">
<mapper namespace="com.dashuf.dpbs.mapper.LawsuitInfoMapper">
  <resultMap id="BaseResultMap" type="com.dashuf.dpbs.model.LawsuitInfo">
    <!--
      WARNING - @mbg.generated
      This element is automatically generated by MyBatis Generator, do not modify.
    -->
    <id column="id" jdbcType="INTEGER" property="id" />
    <result column="lawsuit_no" jdbcType="VARCHAR" property="lawsuitNo" />
    <result column="user_no" jdbcType="VARCHAR" property="userNo" />
    <result column="client_no" jdbcType="VARCHAR" property="clientNo" />
    <result column="title" jdbcType="VARCHAR" property="title" />
    <result column="exec_name" jdbcType="VARCHAR" property="execName" />
    <result column="cert_no" jdbcType="VARCHAR" property="certNo" />
    <result column="exec_case" jdbcType="VARCHAR" property="execCase" />
    <result column="exec_court" jdbcType="VARCHAR" property="execCourt" />
    <result column="exec_content" jdbcType="VARCHAR" property="execContent" />
    <result column="exec_target" jdbcType="VARCHAR" property="execTarget" />
    <result column="lawsuit_date" jdbcType="DATE" property="lawsuitDate" />
    <result column="status" jdbcType="VARCHAR" property="status" />
    <result column="created_by" jdbcType="VARCHAR" property="createdBy" />
    <result column="created_date" jdbcType="TIMESTAMP" property="createdDate" />
    <result column="updated_by" jdbcType="VARCHAR" property="updatedBy" />
    <result column="updated_date" jdbcType="TIMESTAMP" property="updatedDate" />
  </resultMap>
  <sql id="Base_Column_List">
    <!--
      WARNING - @mbg.generated
      This element is automatically generated by MyBatis Generator, do not modify.
    -->
    id, lawsuit_no, user_no, client_no, title, exec_name, cert_no, exec_case, exec_court, 
    exec_content, exec_target, lawsuit_date, status, created_by, created_date, updated_by, 
    updated_date
  </sql>
  <select id="selectByPrimaryKey" parameterType="java.lang.Integer" resultMap="BaseResultMap">
    <!--
      WARNING - @mbg.generated
      This element is automatically generated by MyBatis Generator, do not modify.
    -->
    select 
    <include refid="Base_Column_List" />
    from lawsuit_info
    where id = #{id,jdbcType=INTEGER}
  </select>
  <delete id="deleteByPrimaryKey" parameterType="java.lang.Integer">
    <!--
      WARNING - @mbg.generated
      This element is automatically generated by MyBatis Generator, do not modify.
    -->
    delete from lawsuit_info
    where id = #{id,jdbcType=INTEGER}
  </delete>
  <insert id="insert" parameterType="com.dashuf.dpbs.model.LawsuitInfo">
    <!--
      WARNING - @mbg.generated
      This element is automatically generated by MyBatis Generator, do not modify.
    -->
    <selectKey keyProperty="id" order="AFTER" resultType="java.lang.Integer">
      SELECT LAST_INSERT_ID()
    </selectKey>
    insert into lawsuit_info (lawsuit_no, user_no, client_no, 
      title, exec_name, cert_no, 
      exec_case, exec_court, exec_content, 
      exec_target, lawsuit_date, status, 
      created_by, created_date, updated_by, 
      updated_date)
    values (#{lawsuitNo,jdbcType=VARCHAR}, #{userNo,jdbcType=VARCHAR}, #{clientNo,jdbcType=VARCHAR}, 
      #{title,jdbcType=VARCHAR}, #{execName,jdbcType=VARCHAR}, #{certNo,jdbcType=VARCHAR}, 
      #{execCase,jdbcType=VARCHAR}, #{execCourt,jdbcType=VARCHAR}, #{execContent,jdbcType=VARCHAR}, 
      #{execTarget,jdbcType=VARCHAR}, #{lawsuitDate,jdbcType=DATE}, #{status,jdbcType=VARCHAR}, 
      #{createdBy,jdbcType=VARCHAR}, #{createdDate,jdbcType=TIMESTAMP}, #{updatedBy,jdbcType=VARCHAR}, 
      #{updatedDate,jdbcType=TIMESTAMP})
  </insert>
  <insert id="insertSelective" parameterType="com.dashuf.dpbs.model.LawsuitInfo">
    <!--
      WARNING - @mbg.generated
      This element is automatically generated by MyBatis Generator, do not modify.
    -->
    <selectKey keyProperty="id" order="AFTER" resultType="java.lang.Integer">
      SELECT LAST_INSERT_ID()
    </selectKey>
    insert into lawsuit_info
    <trim prefix="(" suffix=")" suffixOverrides=",">
      <if test="lawsuitNo != null">
        lawsuit_no,
      </if>
      <if test="userNo != null">
        user_no,
      </if>
      <if test="clientNo != null">
        client_no,
      </if>
      <if test="title != null">
        title,
      </if>
      <if test="execName != null">
        exec_name,
      </if>
      <if test="certNo != null">
        cert_no,
      </if>
      <if test="execCase != null">
        exec_case,
      </if>
      <if test="execCourt != null">
        exec_court,
      </if>
      <if test="execContent != null">
        exec_content,
      </if>
      <if test="execTarget != null">
        exec_target,
      </if>
      <if test="lawsuitDate != null">
        lawsuit_date,
      </if>
      <if test="status != null">
        status,
      </if>
      <if test="createdBy != null">
        created_by,
      </if>
      <if test="createdDate != null">
        created_date,
      </if>
      <if test="updatedBy != null">
        updated_by,
      </if>
      <if test="updatedDate != null">
        updated_date,
      </if>
    </trim>
    <trim prefix="values (" suffix=")" suffixOverrides=",">
      <if test="lawsuitNo != null">
        #{lawsuitNo,jdbcType=VARCHAR},
      </if>
      <if test="userNo != null">
        #{userNo,jdbcType=VARCHAR},
      </if>
      <if test="clientNo != null">
        #{clientNo,jdbcType=VARCHAR},
      </if>
      <if test="title != null">
        #{title,jdbcType=VARCHAR},
      </if>
      <if test="execName != null">
        #{execName,jdbcType=VARCHAR},
      </if>
      <if test="certNo != null">
        #{certNo,jdbcType=VARCHAR},
      </if>
      <if test="execCase != null">
        #{execCase,jdbcType=VARCHAR},
      </if>
      <if test="execCourt != null">
        #{execCourt,jdbcType=VARCHAR},
      </if>
      <if test="execContent != null">
        #{execContent,jdbcType=VARCHAR},
      </if>
      <if test="execTarget != null">
        #{execTarget,jdbcType=VARCHAR},
      </if>
      <if test="lawsuitDate != null">
        #{lawsuitDate,jdbcType=DATE},
      </if>
      <if test="status != null">
        #{status,jdbcType=VARCHAR},
      </if>
      <if test="createdBy != null">
        #{createdBy,jdbcType=VARCHAR},
      </if>
      <if test="createdDate != null">
        #{createdDate,jdbcType=TIMESTAMP},
      </if>
      <if test="updatedBy != null">
        #{updatedBy,jdbcType=VARCHAR},
      </if>
      <if test="updatedDate != null">
        #{updatedDate,jdbcType=TIMESTAMP},
      </if>
    </trim>
  </insert>
  <update id="updateByPrimaryKeySelective" parameterType="com.dashuf.dpbs.model.LawsuitInfo">
    <!--
      WARNING - @mbg.generated
      This element is automatically generated by MyBatis Generator, do not modify.
    -->
    update lawsuit_info
    <set>
      <if test="lawsuitNo != null">
        lawsuit_no = #{lawsuitNo,jdbcType=VARCHAR},
      </if>
      <if test="userNo != null">
        user_no = #{userNo,jdbcType=VARCHAR},
      </if>
      <if test="clientNo != null">
        client_no = #{clientNo,jdbcType=VARCHAR},
      </if>
      <if test="title != null">
        title = #{title,jdbcType=VARCHAR},
      </if>
      <if test="execName != null">
        exec_name = #{execName,jdbcType=VARCHAR},
      </if>
      <if test="certNo != null">
        cert_no = #{certNo,jdbcType=VARCHAR},
      </if>
      <if test="execCase != null">
        exec_case = #{execCase,jdbcType=VARCHAR},
      </if>
      <if test="execCourt != null">
        exec_court = #{execCourt,jdbcType=VARCHAR},
      </if>
      <if test="execContent != null">
        exec_content = #{execContent,jdbcType=VARCHAR},
      </if>
      <if test="execTarget != null">
        exec_target = #{execTarget,jdbcType=VARCHAR},
      </if>
      <if test="lawsuitDate != null">
        lawsuit_date = #{lawsuitDate,jdbcType=DATE},
      </if>
      <if test="status != null">
        status = #{status,jdbcType=VARCHAR},
      </if>
      <if test="createdBy != null">
        created_by = #{createdBy,jdbcType=VARCHAR},
      </if>
      <if test="createdDate != null">
        created_date = #{createdDate,jdbcType=TIMESTAMP},
      </if>
      <if test="updatedBy != null">
        updated_by = #{updatedBy,jdbcType=VARCHAR},
      </if>
      <if test="updatedDate != null">
        updated_date = #{updatedDate,jdbcType=TIMESTAMP},
      </if>
    </set>
    where id = #{id,jdbcType=INTEGER}
  </update>
  <update id="updateByPrimaryKey" parameterType="com.dashuf.dpbs.model.LawsuitInfo">
    <!--
      WARNING - @mbg.generated
      This element is automatically generated by MyBatis Generator, do not modify.
    -->
    update lawsuit_info
    set lawsuit_no = #{lawsuitNo,jdbcType=VARCHAR},
      user_no = #{userNo,jdbcType=VARCHAR},
      client_no = #{clientNo,jdbcType=VARCHAR},
      title = #{title,jdbcType=VARCHAR},
      exec_name = #{execName,jdbcType=VARCHAR},
      cert_no = #{certNo,jdbcType=VARCHAR},
      exec_case = #{execCase,jdbcType=VARCHAR},
      exec_court = #{execCourt,jdbcType=VARCHAR},
      exec_content = #{execContent,jdbcType=VARCHAR},
      exec_target = #{execTarget,jdbcType=VARCHAR},
      lawsuit_date = #{lawsuitDate,jdbcType=DATE},
      status = #{status,jdbcType=VARCHAR},
      created_by = #{createdBy,jdbcType=VARCHAR},
      created_date = #{createdDate,jdbcType=TIMESTAMP},
      updated_by = #{updatedBy,jdbcType=VARCHAR},
      updated_date = #{updatedDate,jdbcType=TIMESTAMP}
    where id = #{id,jdbcType=INTEGER}
  </update>
  <select id="countByModelSelective" parameterType="map" resultType="int">
    <!--
      WARNING - @mbg.generated
      This element is automatically generated by MyBatis Generator, do not modify.
    -->
    select count(*)
		from lawsuit_info
		<where>
			<include refid="dynamicModelSql" />
		</where>
  </select>
  <delete id="deleteByModelSelective" parameterType="map">
    <!--
      WARNING - @mbg.generated
      This element is automatically generated by MyBatis Generator, do not modify.
    -->
    	delete from lawsuit_info
		<where>
			<include refid="dynamicModelSql" />
		</where>
  </delete>
  <update id="updateByModelSelective" parameterType="map">
    <!--
      WARNING - @mbg.generated
      This element is automatically generated by MyBatis Generator, do not modify.
    -->
    update lawsuit_info
		<set>
			<if test="model.id != null">
				id = #{model.id, jdbcType=INTEGER},
			</if>
			<if test="model.lawsuitNo != null">
				lawsuit_no = #{model.lawsuitNo, jdbcType=VARCHAR},
			</if>
			<if test="model.userNo != null">
				user_no = #{model.userNo, jdbcType=VARCHAR},
			</if>
			<if test="model.clientNo != null">
				client_no = #{model.clientNo, jdbcType=VARCHAR},
			</if>
			<if test="model.title != null">
				title = #{model.title, jdbcType=VARCHAR},
			</if>
			<if test="model.execName != null">
				exec_name = #{model.execName, jdbcType=VARCHAR},
			</if>
			<if test="model.certNo != null">
				cert_no = #{model.certNo, jdbcType=VARCHAR},
			</if>
			<if test="model.execCase != null">
				exec_case = #{model.execCase, jdbcType=VARCHAR},
			</if>
			<if test="model.execCourt != null">
				exec_court = #{model.execCourt, jdbcType=VARCHAR},
			</if>
			<if test="model.execContent != null">
				exec_content = #{model.execContent, jdbcType=VARCHAR},
			</if>
			<if test="model.execTarget != null">
				exec_target = #{model.execTarget, jdbcType=VARCHAR},
			</if>
			<if test="model.lawsuitDate != null">
				lawsuit_date = #{model.lawsuitDate, jdbcType=DATE},
			</if>
			<if test="model.status != null">
				status = #{model.status, jdbcType=VARCHAR},
			</if>
			<if test="model.createdBy != null">
				created_by = #{model.createdBy, jdbcType=VARCHAR},
			</if>
			<if test="model.createdDate != null">
				created_date = #{model.createdDate, jdbcType=TIMESTAMP},
			</if>
			<if test="model.updatedBy != null">
				updated_by = #{model.updatedBy, jdbcType=VARCHAR},
			</if>
			<if test="model.updatedDate != null">
				updated_date = #{model.updatedDate, jdbcType=TIMESTAMP},
			</if>
		</set>
		<where>
			<include refid="dynamicModelSql" />
		</where>
  </update>
  <sql id="dynamicModelSql">
    <!--
      WARNING - @mbg.generated
      This element is automatically generated by MyBatis Generator, do not modify.
    -->
    	<if test="cond != null">
			<if test="cond.id != null">
				and id = #{cond.id, jdbcType=INTEGER}
			</if>
			<if test="cond.lawsuitNo != null and cond.lawsuitNo != ''">
				and lawsuit_no <if test="!strict"> like concat('%', </if><if test="strict"> = </if>#{cond.lawsuitNo, jdbcType=VARCHAR}<if test="!strict">, '%') </if>
			</if>
			<if test="cond.userNo != null and cond.userNo != ''">
				and user_no <if test="!strict"> like concat('%', </if><if test="strict"> = </if>#{cond.userNo, jdbcType=VARCHAR}<if test="!strict">, '%') </if>
			</if>
			<if test="cond.clientNo != null and cond.clientNo != ''">
				and client_no <if test="!strict"> like concat('%', </if><if test="strict"> = </if>#{cond.clientNo, jdbcType=VARCHAR}<if test="!strict">, '%') </if>
			</if>
			<if test="cond.title != null and cond.title != ''">
				and title <if test="!strict"> like concat('%', </if><if test="strict"> = </if>#{cond.title, jdbcType=VARCHAR}<if test="!strict">, '%') </if>
			</if>
			<if test="cond.execName != null and cond.execName != ''">
				and exec_name <if test="!strict"> like concat('%', </if><if test="strict"> = </if>#{cond.execName, jdbcType=VARCHAR}<if test="!strict">, '%') </if>
			</if>
			<if test="cond.certNo != null and cond.certNo != ''">
				and cert_no <if test="!strict"> like concat('%', </if><if test="strict"> = </if>#{cond.certNo, jdbcType=VARCHAR}<if test="!strict">, '%') </if>
			</if>
			<if test="cond.execCase != null and cond.execCase != ''">
				and exec_case <if test="!strict"> like concat('%', </if><if test="strict"> = </if>#{cond.execCase, jdbcType=VARCHAR}<if test="!strict">, '%') </if>
			</if>
			<if test="cond.execCourt != null and cond.execCourt != ''">
				and exec_court <if test="!strict"> like concat('%', </if><if test="strict"> = </if>#{cond.execCourt, jdbcType=VARCHAR}<if test="!strict">, '%') </if>
			</if>
			<if test="cond.execContent != null and cond.execContent != ''">
				and exec_content <if test="!strict"> like concat('%', </if><if test="strict"> = </if>#{cond.execContent, jdbcType=VARCHAR}<if test="!strict">, '%') </if>
			</if>
			<if test="cond.execTarget != null and cond.execTarget != ''">
				and exec_target <if test="!strict"> like concat('%', </if><if test="strict"> = </if>#{cond.execTarget, jdbcType=VARCHAR}<if test="!strict">, '%') </if>
			</if>
			<if test="cond.lawsuitDate != null">
				and lawsuit_date = #{cond.lawsuitDate, jdbcType=DATE}
			</if>
			<if test="cond.status != null and cond.status != ''">
				and status <if test="!strict"> like concat('%', </if><if test="strict"> = </if>#{cond.status, jdbcType=VARCHAR}<if test="!strict">, '%') </if>
			</if>
			<if test="cond.createdBy != null and cond.createdBy != ''">
				and created_by <if test="!strict"> like concat('%', </if><if test="strict"> = </if>#{cond.createdBy, jdbcType=VARCHAR}<if test="!strict">, '%') </if>
			</if>
			<if test="cond.createdDate != null">
				and created_date = #{cond.createdDate, jdbcType=TIMESTAMP}
			</if>
			<if test="cond.updatedBy != null and cond.updatedBy != ''">
				and updated_by <if test="!strict"> like concat('%', </if><if test="strict"> = </if>#{cond.updatedBy, jdbcType=VARCHAR}<if test="!strict">, '%') </if>
			</if>
			<if test="cond.updatedDate != null">
				and updated_date = #{cond.updatedDate, jdbcType=TIMESTAMP}
			</if>
		</if>
  </sql>
  <sql id="Base_Column_List_Prefix">
    <!--
      WARNING - @mbg.generated
      This element is automatically generated by MyBatis Generator, do not modify.
    -->
    my.id,my.lawsuit_no,my.user_no,my.client_no,my.title,my.exec_name,my.cert_no,my.exec_case,my.exec_court,my.exec_content,my.exec_target,my.lawsuit_date,my.status,my.created_by,my.created_date,my.updated_by,my.updated_date
  </sql>
  <select id="selectByModelSelective" parameterType="map" resultMap="BaseResultMap">
    <!--
      WARNING - @mbg.generated
      This element is automatically generated by MyBatis Generator, do not modify.
    -->
    select <include refid="Base_Column_List" /> 
		from lawsuit_info
		<where>
			<include refid="dynamicModelSql" />
		</where>
  </select>
  <insert id="insertBatchSelective" parameterType="java.util.List">
    <!--
      WARNING - @mbg.generated
      This element is automatically generated by MyBatis Generator, do not modify.
    -->
    insert into lawsuit_info
    <trim prefix="(" suffix=")" suffixOverrides=",">
      <if test="list[0].id!=null">
        id,
      </if>
      <if test="list[0].lawsuitNo!=null">
        lawsuit_no,
      </if>
      <if test="list[0].userNo!=null">
        user_no,
      </if>
      <if test="list[0].clientNo!=null">
        client_no,
      </if>
      <if test="list[0].title!=null">
        title,
      </if>
      <if test="list[0].execName!=null">
        exec_name,
      </if>
      <if test="list[0].certNo!=null">
        cert_no,
      </if>
      <if test="list[0].execCase!=null">
        exec_case,
      </if>
      <if test="list[0].execCourt!=null">
        exec_court,
      </if>
      <if test="list[0].execContent!=null">
        exec_content,
      </if>
      <if test="list[0].execTarget!=null">
        exec_target,
      </if>
      <if test="list[0].lawsuitDate!=null">
        lawsuit_date,
      </if>
      <if test="list[0].status!=null">
        status,
      </if>
      <if test="list[0].createdBy!=null">
        created_by,
      </if>
      <if test="list[0].createdDate!=null">
        created_date,
      </if>
      <if test="list[0].updatedBy!=null">
        updated_by,
      </if>
      <if test="list[0].updatedDate!=null">
        updated_date,
      </if>
    </trim>
     values 
    <foreach collection="list" index="index" item="item" separator=",">
      <trim prefix=" (" suffix=")" suffixOverrides=",">
        <if test="item.id!=null">
          #{item.id,jdbcType=INTEGER},
        </if>
        <if test="item.lawsuitNo!=null">
          #{item.lawsuitNo,jdbcType=VARCHAR},
        </if>
        <if test="item.userNo!=null">
          #{item.userNo,jdbcType=VARCHAR},
        </if>
        <if test="item.clientNo!=null">
          #{item.clientNo,jdbcType=VARCHAR},
        </if>
        <if test="item.title!=null">
          #{item.title,jdbcType=VARCHAR},
        </if>
        <if test="item.execName!=null">
          #{item.execName,jdbcType=VARCHAR},
        </if>
        <if test="item.certNo!=null">
          #{item.certNo,jdbcType=VARCHAR},
        </if>
        <if test="item.execCase!=null">
          #{item.execCase,jdbcType=VARCHAR},
        </if>
        <if test="item.execCourt!=null">
          #{item.execCourt,jdbcType=VARCHAR},
        </if>
        <if test="item.execContent!=null">
          #{item.execContent,jdbcType=VARCHAR},
        </if>
        <if test="item.execTarget!=null">
          #{item.execTarget,jdbcType=VARCHAR},
        </if>
        <if test="item.lawsuitDate!=null">
          #{item.lawsuitDate,jdbcType=DATE},
        </if>
        <if test="item.status!=null">
          #{item.status,jdbcType=VARCHAR},
        </if>
        <if test="item.createdBy!=null">
          #{item.createdBy,jdbcType=VARCHAR},
        </if>
        <if test="item.createdDate!=null">
          #{item.createdDate,jdbcType=TIMESTAMP},
        </if>
        <if test="item.updatedBy!=null">
          #{item.updatedBy,jdbcType=VARCHAR},
        </if>
        <if test="item.updatedDate!=null">
          #{item.updatedDate,jdbcType=TIMESTAMP},
        </if>
      </trim>
    </foreach>
  </insert>
  <select id="selectOneByModelSelective" parameterType="map" resultMap="BaseResultMap">
    <!--
      WARNING - @mbg.generated
      This element is automatically generated by MyBatis Generator, do not modify.
    -->
    select <include refid="Base_Column_List" /> 
		from lawsuit_info
		<where>
			<include refid="dynamicModelSql" />
		</where>
		limit 1
  </select>
</mapper>