<?xml version="1.0" encoding="UTF-8"?>
<!DOCTYPE mapper PUBLIC "-//mybatis.org//DTD Mapper 3.0//EN" "http://mybatis.org/dtd/mybatis-3-mapper.dtd">
<mapper namespace="com.dashuf.dpbs.mapper.LoanStatusMapMapper">
  <resultMap id="BaseResultMap" type="com.dashuf.dpbs.model.LoanStatusMap">
    <!--
      WARNING - @mbg.generated
      This element is automatically generated by MyBatis Generator, do not modify.
    -->
    <id column="id" jdbcType="INTEGER" property="id" />
    <result column="status" jdbcType="VARCHAR" property="status" />
    <result column="status_name" jdbcType="VARCHAR" property="statusName" />
    <result column="map_code" jdbcType="VARCHAR" property="mapCode" />
    <result column="map_desc" jdbcType="VARCHAR" property="mapDesc" />
    <result column="final_status_ind" jdbcType="VARCHAR" property="finalStatusInd" />
    <result column="route_url" jdbcType="VARCHAR" property="routeUrl" />
    <result column="description" jdbcType="VARCHAR" property="description" />
    <result column="create_date" jdbcType="TIMESTAMP" property="createDate" />
    <result column="create_by" jdbcType="VARCHAR" property="createBy" />
    <result column="update_date" jdbcType="TIMESTAMP" property="updateDate" />
    <result column="update_by" jdbcType="VARCHAR" property="updateBy" />
  </resultMap>
  <sql id="Base_Column_List">
    <!--
      WARNING - @mbg.generated
      This element is automatically generated by MyBatis Generator, do not modify.
    -->
    id, status, status_name, map_code, map_desc, route_url, description, create_date, 
    create_by, update_date, update_by, final_status_ind
  </sql>
  <select id="selectByPrimaryKey" parameterType="java.lang.Integer" resultMap="BaseResultMap">
    <!--
      WARNING - @mbg.generated
      This element is automatically generated by MyBatis Generator, do not modify.
    -->
    select 
    <include refid="Base_Column_List" />
    from loan_status_map
    where id = #{id,jdbcType=INTEGER}
  </select>
  <delete id="deleteByPrimaryKey" parameterType="java.lang.Integer">
    <!--
      WARNING - @mbg.generated
      This element is automatically generated by MyBatis Generator, do not modify.
    -->
    delete from loan_status_map
    where id = #{id,jdbcType=INTEGER}
  </delete>
  <insert id="insert" parameterType="com.dashuf.dpbs.model.LoanStatusMap">
    <!--
      WARNING - @mbg.generated
      This element is automatically generated by MyBatis Generator, do not modify.
    -->
    <selectKey keyProperty="id" order="AFTER" resultType="java.lang.Integer">
      SELECT LAST_INSERT_ID()
    </selectKey>
    insert into loan_status_map (status, status_name, map_code, 
      map_desc, route_url, description, 
      create_date, create_by, update_date, 
      update_by)
    values (#{status,jdbcType=VARCHAR}, #{statusName,jdbcType=VARCHAR}, #{mapCode,jdbcType=VARCHAR}, 
      #{mapDesc,jdbcType=VARCHAR}, #{routeUrl,jdbcType=VARCHAR}, #{description,jdbcType=VARCHAR}, 
      #{createDate,jdbcType=TIMESTAMP}, #{createBy,jdbcType=VARCHAR}, #{updateDate,jdbcType=TIMESTAMP}, 
      #{updateBy,jdbcType=VARCHAR})
  </insert>
  <insert id="insertSelective" parameterType="com.dashuf.dpbs.model.LoanStatusMap">
    <!--
      WARNING - @mbg.generated
      This element is automatically generated by MyBatis Generator, do not modify.
    -->
    <selectKey keyProperty="id" order="AFTER" resultType="java.lang.Integer">
      SELECT LAST_INSERT_ID()
    </selectKey>
    insert into loan_status_map
    <trim prefix="(" suffix=")" suffixOverrides=",">
      <if test="status != null">
        status,
      </if>
      <if test="statusName != null">
        status_name,
      </if>
      <if test="mapCode != null">
        map_code,
      </if>
      <if test="mapDesc != null">
        map_desc,
      </if>
      <if test="routeUrl != null">
        route_url,
      </if>
      <if test="description != null">
        description,
      </if>
      <if test="createDate != null">
        create_date,
      </if>
      <if test="createBy != null">
        create_by,
      </if>
      <if test="updateDate != null">
        update_date,
      </if>
      <if test="updateBy != null">
        update_by,
      </if>
    </trim>
    <trim prefix="values (" suffix=")" suffixOverrides=",">
      <if test="status != null">
        #{status,jdbcType=VARCHAR},
      </if>
      <if test="statusName != null">
        #{statusName,jdbcType=VARCHAR},
      </if>
      <if test="mapCode != null">
        #{mapCode,jdbcType=VARCHAR},
      </if>
      <if test="mapDesc != null">
        #{mapDesc,jdbcType=VARCHAR},
      </if>
      <if test="routeUrl != null">
        #{routeUrl,jdbcType=VARCHAR},
      </if>
      <if test="description != null">
        #{description,jdbcType=VARCHAR},
      </if>
      <if test="createDate != null">
        #{createDate,jdbcType=TIMESTAMP},
      </if>
      <if test="createBy != null">
        #{createBy,jdbcType=VARCHAR},
      </if>
      <if test="updateDate != null">
        #{updateDate,jdbcType=TIMESTAMP},
      </if>
      <if test="updateBy != null">
        #{updateBy,jdbcType=VARCHAR},
      </if>
    </trim>
  </insert>
  <update id="updateByPrimaryKeySelective" parameterType="com.dashuf.dpbs.model.LoanStatusMap">
    <!--
      WARNING - @mbg.generated
      This element is automatically generated by MyBatis Generator, do not modify.
    -->
    update loan_status_map
    <set>
      <if test="status != null">
        status = #{status,jdbcType=VARCHAR},
      </if>
      <if test="statusName != null">
        status_name = #{statusName,jdbcType=VARCHAR},
      </if>
      <if test="mapCode != null">
        map_code = #{mapCode,jdbcType=VARCHAR},
      </if>
      <if test="mapDesc != null">
        map_desc = #{mapDesc,jdbcType=VARCHAR},
      </if>
      <if test="routeUrl != null">
        route_url = #{routeUrl,jdbcType=VARCHAR},
      </if>
      <if test="description != null">
        description = #{description,jdbcType=VARCHAR},
      </if>
      <if test="createDate != null">
        create_date = #{createDate,jdbcType=TIMESTAMP},
      </if>
      <if test="createBy != null">
        create_by = #{createBy,jdbcType=VARCHAR},
      </if>
      <if test="updateDate != null">
        update_date = #{updateDate,jdbcType=TIMESTAMP},
      </if>
      <if test="updateBy != null">
        update_by = #{updateBy,jdbcType=VARCHAR},
      </if>
    </set>
    where id = #{id,jdbcType=INTEGER}
  </update>
  <update id="updateByPrimaryKey" parameterType="com.dashuf.dpbs.model.LoanStatusMap">
    <!--
      WARNING - @mbg.generated
      This element is automatically generated by MyBatis Generator, do not modify.
    -->
    update loan_status_map
    set status = #{status,jdbcType=VARCHAR},
      status_name = #{statusName,jdbcType=VARCHAR},
      map_code = #{mapCode,jdbcType=VARCHAR},
      map_desc = #{mapDesc,jdbcType=VARCHAR},
      route_url = #{routeUrl,jdbcType=VARCHAR},
      description = #{description,jdbcType=VARCHAR},
      create_date = #{createDate,jdbcType=TIMESTAMP},
      create_by = #{createBy,jdbcType=VARCHAR},
      update_date = #{updateDate,jdbcType=TIMESTAMP},
      update_by = #{updateBy,jdbcType=VARCHAR}
    where id = #{id,jdbcType=INTEGER}
  </update>
  <select id="countByModelSelective" parameterType="map" resultType="int">
    <!--
      WARNING - @mbg.generated
      This element is automatically generated by MyBatis Generator, do not modify.
    -->
    select count(*)
		from loan_status_map
		<where>
			<include refid="dynamicModelSql" />
		</where>
  </select>
  <delete id="deleteByModelSelective" parameterType="map">
    <!--
      WARNING - @mbg.generated
      This element is automatically generated by MyBatis Generator, do not modify.
    -->
    	delete from loan_status_map
		<where>
			<include refid="dynamicModelSql" />
		</where>
  </delete>
  <update id="updateByModelSelective" parameterType="map">
    <!--
      WARNING - @mbg.generated
      This element is automatically generated by MyBatis Generator, do not modify.
    -->
    update loan_status_map
		<set>
			<if test="model.id != null">
				id = #{model.id, jdbcType=INTEGER},
			</if>
			<if test="model.status != null">
				status = #{model.status, jdbcType=VARCHAR},
			</if>
			<if test="model.statusName != null">
				status_name = #{model.statusName, jdbcType=VARCHAR},
			</if>
			<if test="model.mapCode != null">
				map_code = #{model.mapCode, jdbcType=VARCHAR},
			</if>
			<if test="model.mapDesc != null">
				map_desc = #{model.mapDesc, jdbcType=VARCHAR},
			</if>
			<if test="model.routeUrl != null">
				route_url = #{model.routeUrl, jdbcType=VARCHAR},
			</if>
			<if test="model.description != null">
				description = #{model.description, jdbcType=VARCHAR},
			</if>
			<if test="model.createDate != null">
				create_date = #{model.createDate, jdbcType=TIMESTAMP},
			</if>
			<if test="model.createBy != null">
				create_by = #{model.createBy, jdbcType=VARCHAR},
			</if>
			<if test="model.updateDate != null">
				update_date = #{model.updateDate, jdbcType=TIMESTAMP},
			</if>
			<if test="model.updateBy != null">
				update_by = #{model.updateBy, jdbcType=VARCHAR},
			</if>
		</set>
		<where>
			<include refid="dynamicModelSql" />
		</where>
  </update>
  <sql id="dynamicModelSql">
    <!--
      WARNING - @mbg.generated
      This element is automatically generated by MyBatis Generator, do not modify.
    -->
    	<if test="cond != null">
			<if test="cond.id != null">
				and id = #{cond.id, jdbcType=INTEGER}
			</if>
			<if test="cond.status != null and cond.status != ''">
				and status <if test ="!strict"> like concat('%', </if><if test ="strict"> = </if>#{cond.status, jdbcType=VARCHAR}<if test ="!strict">, '%') </if>
			</if>
			<if test="cond.statusName != null and cond.statusName != ''">
				and status_name <if test ="!strict"> like concat('%', </if><if test ="strict"> = </if>#{cond.statusName, jdbcType=VARCHAR}<if test ="!strict">, '%') </if>
			</if>
			<if test="cond.mapCode != null and cond.mapCode != ''">
				and map_code <if test ="!strict"> like concat('%', </if><if test ="strict"> = </if>#{cond.mapCode, jdbcType=VARCHAR}<if test ="!strict">, '%') </if>
			</if>
			<if test="cond.mapDesc != null and cond.mapDesc != ''">
				and map_desc <if test ="!strict"> like concat('%', </if><if test ="strict"> = </if>#{cond.mapDesc, jdbcType=VARCHAR}<if test ="!strict">, '%') </if>
			</if>
			<if test="cond.routeUrl != null and cond.routeUrl != ''">
				and route_url <if test ="!strict"> like concat('%', </if><if test ="strict"> = </if>#{cond.routeUrl, jdbcType=VARCHAR}<if test ="!strict">, '%') </if>
			</if>
			<if test="cond.description != null and cond.description != ''">
				and description <if test ="!strict"> like concat('%', </if><if test ="strict"> = </if>#{cond.description, jdbcType=VARCHAR}<if test ="!strict">, '%') </if>
			</if>
			<if test="cond.createDate != null">
				and create_date = #{cond.createDate, jdbcType=TIMESTAMP}
			</if>
			<if test="cond.createBy != null and cond.createBy != ''">
				and create_by <if test ="!strict"> like concat('%', </if><if test ="strict"> = </if>#{cond.createBy, jdbcType=VARCHAR}<if test ="!strict">, '%') </if>
			</if>
			<if test="cond.updateDate != null">
				and update_date = #{cond.updateDate, jdbcType=TIMESTAMP}
			</if>
			<if test="cond.updateBy != null and cond.updateBy != ''">
				and update_by <if test ="!strict"> like concat('%', </if><if test ="strict"> = </if>#{cond.updateBy, jdbcType=VARCHAR}<if test ="!strict">, '%') </if>
			</if>
		</if>
  </sql>
  <sql id="Base_Column_List_Prefix">
    <!--
      WARNING - @mbg.generated
      This element is automatically generated by MyBatis Generator, do not modify.
    -->
    my.id,my.status,my.status_name,my.map_code,my.map_desc,my.route_url,my.description,my.create_date,my.create_by,my.update_date,my.update_by
  </sql>
  <select id="selectByModelSelective" parameterType="map" resultMap="BaseResultMap">
    <!--
      WARNING - @mbg.generated
      This element is automatically generated by MyBatis Generator, do not modify.
    -->
    select <include refid="Base_Column_List" /> 
		from loan_status_map
		<where>
			<include refid="dynamicModelSql" />
		</where>
  </select>
  <insert id="insertBatchSelective" parameterType="java.util.List">
    <!--
      WARNING - @mbg.generated
      This element is automatically generated by MyBatis Generator, do not modify.
    -->
    insert into loan_status_map
    <trim prefix="(" suffix=")" suffixOverrides=",">
      <if test="list[0].id!=null">
        id,
      </if>
      <if test="list[0].status!=null">
        status,
      </if>
      <if test="list[0].statusName!=null">
        status_name,
      </if>
      <if test="list[0].mapCode!=null">
        map_code,
      </if>
      <if test="list[0].mapDesc!=null">
        map_desc,
      </if>
      <if test="list[0].routeUrl!=null">
        route_url,
      </if>
      <if test="list[0].description!=null">
        description,
      </if>
      <if test="list[0].createDate!=null">
        create_date,
      </if>
      <if test="list[0].createBy!=null">
        create_by,
      </if>
      <if test="list[0].updateDate!=null">
        update_date,
      </if>
      <if test="list[0].updateBy!=null">
        update_by,
      </if>
    </trim>
     values 
    <foreach collection="list" index="index" item="item" separator=",">
      <trim prefix=" (" suffix=")" suffixOverrides=",">
        <if test="item.id!=null">
          #{item.id,jdbcType=INTEGER},
        </if>
        <if test="item.status!=null">
          #{item.status,jdbcType=VARCHAR},
        </if>
        <if test="item.statusName!=null">
          #{item.statusName,jdbcType=VARCHAR},
        </if>
        <if test="item.mapCode!=null">
          #{item.mapCode,jdbcType=VARCHAR},
        </if>
        <if test="item.mapDesc!=null">
          #{item.mapDesc,jdbcType=VARCHAR},
        </if>
        <if test="item.routeUrl!=null">
          #{item.routeUrl,jdbcType=VARCHAR},
        </if>
        <if test="item.description!=null">
          #{item.description,jdbcType=VARCHAR},
        </if>
        <if test="item.createDate!=null">
          #{item.createDate,jdbcType=TIMESTAMP},
        </if>
        <if test="item.createBy!=null">
          #{item.createBy,jdbcType=VARCHAR},
        </if>
        <if test="item.updateDate!=null">
          #{item.updateDate,jdbcType=TIMESTAMP},
        </if>
        <if test="item.updateBy!=null">
          #{item.updateBy,jdbcType=VARCHAR},
        </if>
      </trim>
    </foreach>
  </insert>
  <select id="selectOneByModelSelective" parameterType="map" resultMap="BaseResultMap">
    <!--
      WARNING - @mbg.generated
      This element is automatically generated by MyBatis Generator, do not modify.
    -->
    select <include refid="Base_Column_List" /> 
		from loan_status_map
		<where>
			<include refid="dynamicModelSql" />
		</where>
		limit 1
  </select>
</mapper>