<?xml version="1.0" encoding="UTF-8"?>
<!DOCTYPE mapper PUBLIC "-//mybatis.org//DTD Mapper 3.0//EN" "http://mybatis.org/dtd/mybatis-3-mapper.dtd">
<mapper namespace="com.dashuf.dpbs.mapper.MsmpSupportMapper">
	<resultMap id="UserBeanMap" type="com.dashuf.dpbs.app.web.resp.msmp.UserBean">
		<result column="user_no" jdbcType="VARCHAR" property="userNo" />
		<result column="user_name" jdbcType="VARCHAR" property="userName" />
		<result column="user_type" jdbcType="VARCHAR" property="userType" />
		<result column="mobile_no" jdbcType="VARCHAR" property="mobileNo" />
		<result column="src_channel" jdbcType="VARCHAR" property="srcChannel" />
		<result column="src_channel_code" jdbcType="VARCHAR" property="srcChannelCode" />
	</resultMap>
	
	
	<resultMap id="ClientBeanMap" type="com.dashuf.dpbs.app.web.resp.msmp.ClientBean">
		<result column="push_order_no" jdbcType="VARCHAR" property="pushOrderNo" />
		<result column="push_start_time" jdbcType="TIMESTAMP" property="pushStartTime" />
    	<result column="push_end_time" jdbcType="TIMESTAMP" property="pushEndTime" />
    	<result column="rtn_code" jdbcType="VARCHAR" property="rtnCode" />
		<result column="rtn_msg" jdbcType="VARCHAR" property="rtnMsg" />
		<result column="push_status" jdbcType="VARCHAR" property="pushStatus" />
		<result column="user_no" jdbcType="VARCHAR" property="userNo" />
		<result column="user_name" jdbcType="VARCHAR" property="userName" />
		<result column="client_no" jdbcType="VARCHAR" property="clientNo" />
		<result column="client_name" jdbcType="VARCHAR" property="clientName" />
		<result column="cert_no" jdbcType="VARCHAR" property="certNo" />
		<result column="mobile_no" jdbcType="VARCHAR" property="mobileNo"/>
		<result column="application_id" jdbcType="VARCHAR" property="applicationId"/>
	</resultMap>
	
	<select id="getClientList" resultMap="ClientBeanMap">
		SELECT
			pol.push_order_no,
			pol.push_start_time,
			pol.push_end_time,
			pol.rtn_code,
			pol.rtn_msg,
			pol.push_status,
			ui.user_no,
			ui.user_name,
			ui.src_um_no,
			ci.client_no,
			ci.client_name,
			ci.cert_no,
		    ci.mobile_no,
		    pol.application_id
		FROM
			push_order_log pol
			LEFT JOIN client_info ci ON pol.client_no = ci.client_no
			LEFT JOIN user_info ui ON ci.recon_user_no = ui.user_no
		where ui.status = 'normal' 
			  <if test="custManager != null and custManager != ''">
			  	and ui.src_um_no = #{custManager, jdbcType=VARCHAR}
			  </if>
			  <if test="clientName != null and clientName != ''">
			  	and ci.client_name = #{clientName, jdbcType=VARCHAR}
			  </if>
			  order by pol.push_start_time desc
	</select>
	
	<select id="getAlreadyClientList" resultMap="ClientBeanMap">
		SELECT
			pol.push_order_no,
			pol.push_start_time,
			pol.push_end_time,
			pol.rtn_code,
			pol.rtn_msg,
			pol.push_status,
			ui.user_no,
			ui.user_name,
			ui.src_um_no,
			ci.client_no,
			ci.client_name,
			ci.cert_no,
			ie.mobile_no,
			pol.application_id
		FROM
			push_order_log pol
			LEFT JOIN client_info ci ON pol.client_no = ci.client_no
			LEFT JOIN user_info ui ON ci.recon_user_no = ui.user_no
			LEFT JOIN info_entry ie on pol.info_entry_no = ie.info_entry_no
		where ui.status = 'normal' 
		      and pol.push_status in ('fail', 'eval_fail', 'success','loan_success','loan_veto','approval_veto', 'cust_waive')
			  <if test="userNo != null and userNo != ''">
			  	and ui.user_no = #{userNo, jdbcType=VARCHAR}
			  </if>
			  <if test="clientName != null and clientName != ''">
			  	and ci.client_name = #{clientName, jdbcType=VARCHAR}
			  </if>
			  order by pol.push_start_time desc
	</select>
	
	<select id="getPendClientList" resultMap="ClientBeanMap">
		SELECT
			pol.push_order_no,
			pol.push_start_time,
			pol.push_end_time,
			pol.rtn_code,
			pol.rtn_msg,
			pol.push_status,
			ui.user_no,
			ui.user_name,
			ui.src_um_no,
			ci.client_no,
			ci.client_name,
			ci.cert_no,
		    ie.mobile_no,
			pol.application_id
		FROM
			push_order_log pol
			LEFT JOIN client_info ci ON pol.client_no = ci.client_no
			LEFT JOIN user_info ui ON ci.recon_user_no = ui.user_no
			LEFT JOIN info_entry ie on pol.info_entry_no = ie.info_entry_no
		where ui.status = 'normal' 
		      and pol.push_status in ('scan','movie','entry','credit','eval_ing','eval_success','push_client_success','approval','approval_finish')
			  <if test="userNo != null and userNo != ''">
			  	and ui.user_no = #{userNo, jdbcType=VARCHAR}
			  </if>
			  <if test="clientName != null and clientName != ''">
			  	and ci.client_name = #{clientName, jdbcType=VARCHAR}
			  </if>
			  order by pol.push_start_time desc
	</select>
	
	<select id="getUserList"  resultMap="UserBeanMap">
		SELECT
			ui.user_no,
			ui.user_name,
			ui.user_type,
			ui.mobile_no
		FROM
			user_info ui 
		WHERE ui.status = 'normal'
			  <if test="userName != null and userName != ''">
			  	and ui.user_name = #{userName, jdbcType=VARCHAR}
			  </if>
			  <if test="custManager != null and custManager != ''">
			  	and ui.src_um_no = #{custManager, jdbcType=VARCHAR}
			  </if>
			  order by ui.reg_date, ui.user_no desc
	</select>
	
	<update id="modifyUserCompany" parameterType="com.dashuf.dpbs.model.UserInfo">
		update user_info
    		set src_channel = #{srcChannel, jdbcType=VARCHAR},
				user_type = #{userType, jdbcType=VARCHAR},
		        src_channel_code = #{srcChannelCode, jdbcType=VARCHAR}
		where user_no = #{userNo, jdbcType=VARCHAR}
	</update>

	<select id="getDetailOfUser" resultMap="UserBeanMap">
		SELECT
			ui.user_no,
			ui.user_name,
			ui.user_type,
			ui.mobile_no,
		    ui.src_channel,
		    ui.src_channel_code
		FROM
			user_info ui
		WHERE ui.status = 'normal'
			  and ui.user_no = #{userNo, jdbcType=VARCHAR}
	</select>

	<select id="statUserReconForm" resultType="java.util.Map">
		SELECT
			count( 1 ) total_cnt,
			sum( ifnull( pol.loan_pay_amt, 0 ) ) total_pay_amt
		FROM
			push_order_log pol
		WHERE pol.user_no = #{userNo, jdbcType=VARCHAR}
		      and pol.push_end_time is not null
	</select>
</mapper>