<?xml version="1.0" encoding="UTF-8"?>
<!DOCTYPE mapper PUBLIC "-//mybatis.org//DTD Mapper 3.0//EN" "http://mybatis.org/dtd/mybatis-3-mapper.dtd">
<mapper namespace="com.dashuf.dpbs.mapper.NoticeInfoMapper">
  <resultMap id="BaseResultMap" type="com.dashuf.dpbs.model.NoticeInfo">
    <!--
      WARNING - @mbg.generated
      This element is automatically generated by MyBatis Generator, do not modify.
    -->
    <id column="id" jdbcType="INTEGER" property="id" />
    <result column="notice_no" jdbcType="VARCHAR" property="noticeNo" />
    <result column="notice_title" jdbcType="VARCHAR" property="noticeTitle" />
    <result column="notice_content" jdbcType="VARCHAR" property="noticeContent" />
    <result column="start_date" jdbcType="TIMESTAMP" property="startDate" />
    <result column="end_date" jdbcType="TIMESTAMP" property="endDate" />
    <result column="status" jdbcType="VARCHAR" property="status" />
    <result column="created_by" jdbcType="VARCHAR" property="createdBy" />
    <result column="created_date" jdbcType="TIMESTAMP" property="createdDate" />
    <result column="updated_by" jdbcType="VARCHAR" property="updatedBy" />
    <result column="updated_date" jdbcType="TIMESTAMP" property="updatedDate" />
  </resultMap>
  <sql id="Base_Column_List">
    <!--
      WARNING - @mbg.generated
      This element is automatically generated by MyBatis Generator, do not modify.
    -->
    id, notice_no, notice_title, notice_content, start_date, end_date, status, created_by, 
    created_date, updated_by, updated_date
  </sql>
  <select id="selectByPrimaryKey" parameterType="java.lang.Integer" resultMap="BaseResultMap">
    <!--
      WARNING - @mbg.generated
      This element is automatically generated by MyBatis Generator, do not modify.
    -->
    select 
    <include refid="Base_Column_List" />
    from notice_info
    where id = #{id,jdbcType=INTEGER}
  </select>
  <delete id="deleteByPrimaryKey" parameterType="java.lang.Integer">
    <!--
      WARNING - @mbg.generated
      This element is automatically generated by MyBatis Generator, do not modify.
    -->
    delete from notice_info
    where id = #{id,jdbcType=INTEGER}
  </delete>
  <insert id="insert" parameterType="com.dashuf.dpbs.model.NoticeInfo">
    <!--
      WARNING - @mbg.generated
      This element is automatically generated by MyBatis Generator, do not modify.
    -->
    <selectKey keyProperty="id" order="AFTER" resultType="java.lang.Integer">
      SELECT LAST_INSERT_ID()
    </selectKey>
    insert into notice_info (notice_no, notice_title, notice_content, 
      start_date, end_date, status, 
      created_by, created_date, updated_by, 
      updated_date)
    values (#{noticeNo,jdbcType=VARCHAR}, #{noticeTitle,jdbcType=VARCHAR}, #{noticeContent,jdbcType=VARCHAR}, 
      #{startDate,jdbcType=TIMESTAMP}, #{endDate,jdbcType=TIMESTAMP}, #{status,jdbcType=VARCHAR}, 
      #{createdBy,jdbcType=VARCHAR}, #{createdDate,jdbcType=TIMESTAMP}, #{updatedBy,jdbcType=VARCHAR}, 
      #{updatedDate,jdbcType=TIMESTAMP})
  </insert>
  <insert id="insertSelective" parameterType="com.dashuf.dpbs.model.NoticeInfo">
    <!--
      WARNING - @mbg.generated
      This element is automatically generated by MyBatis Generator, do not modify.
    -->
    <selectKey keyProperty="id" order="AFTER" resultType="java.lang.Integer">
      SELECT LAST_INSERT_ID()
    </selectKey>
    insert into notice_info
    <trim prefix="(" suffix=")" suffixOverrides=",">
      <if test="noticeNo != null">
        notice_no,
      </if>
      <if test="noticeTitle != null">
        notice_title,
      </if>
      <if test="noticeContent != null">
        notice_content,
      </if>
      <if test="startDate != null">
        start_date,
      </if>
      <if test="endDate != null">
        end_date,
      </if>
      <if test="status != null">
        status,
      </if>
      <if test="createdBy != null">
        created_by,
      </if>
      <if test="createdDate != null">
        created_date,
      </if>
      <if test="updatedBy != null">
        updated_by,
      </if>
      <if test="updatedDate != null">
        updated_date,
      </if>
    </trim>
    <trim prefix="values (" suffix=")" suffixOverrides=",">
      <if test="noticeNo != null">
        #{noticeNo,jdbcType=VARCHAR},
      </if>
      <if test="noticeTitle != null">
        #{noticeTitle,jdbcType=VARCHAR},
      </if>
      <if test="noticeContent != null">
        #{noticeContent,jdbcType=VARCHAR},
      </if>
      <if test="startDate != null">
        #{startDate,jdbcType=TIMESTAMP},
      </if>
      <if test="endDate != null">
        #{endDate,jdbcType=TIMESTAMP},
      </if>
      <if test="status != null">
        #{status,jdbcType=VARCHAR},
      </if>
      <if test="createdBy != null">
        #{createdBy,jdbcType=VARCHAR},
      </if>
      <if test="createdDate != null">
        #{createdDate,jdbcType=TIMESTAMP},
      </if>
      <if test="updatedBy != null">
        #{updatedBy,jdbcType=VARCHAR},
      </if>
      <if test="updatedDate != null">
        #{updatedDate,jdbcType=TIMESTAMP},
      </if>
    </trim>
  </insert>
  <update id="updateByPrimaryKeySelective" parameterType="com.dashuf.dpbs.model.NoticeInfo">
    <!--
      WARNING - @mbg.generated
      This element is automatically generated by MyBatis Generator, do not modify.
    -->
    update notice_info
    <set>
      <if test="noticeNo != null">
        notice_no = #{noticeNo,jdbcType=VARCHAR},
      </if>
      <if test="noticeTitle != null">
        notice_title = #{noticeTitle,jdbcType=VARCHAR},
      </if>
      <if test="noticeContent != null">
        notice_content = #{noticeContent,jdbcType=VARCHAR},
      </if>
      <if test="startDate != null">
        start_date = #{startDate,jdbcType=TIMESTAMP},
      </if>
      <if test="endDate != null">
        end_date = #{endDate,jdbcType=TIMESTAMP},
      </if>
      <if test="status != null">
        status = #{status,jdbcType=VARCHAR},
      </if>
      <if test="createdBy != null">
        created_by = #{createdBy,jdbcType=VARCHAR},
      </if>
      <if test="createdDate != null">
        created_date = #{createdDate,jdbcType=TIMESTAMP},
      </if>
      <if test="updatedBy != null">
        updated_by = #{updatedBy,jdbcType=VARCHAR},
      </if>
      <if test="updatedDate != null">
        updated_date = #{updatedDate,jdbcType=TIMESTAMP},
      </if>
    </set>
    where id = #{id,jdbcType=INTEGER}
  </update>
  <update id="updateByPrimaryKey" parameterType="com.dashuf.dpbs.model.NoticeInfo">
    <!--
      WARNING - @mbg.generated
      This element is automatically generated by MyBatis Generator, do not modify.
    -->
    update notice_info
    set notice_no = #{noticeNo,jdbcType=VARCHAR},
      notice_title = #{noticeTitle,jdbcType=VARCHAR},
      notice_content = #{noticeContent,jdbcType=VARCHAR},
      start_date = #{startDate,jdbcType=TIMESTAMP},
      end_date = #{endDate,jdbcType=TIMESTAMP},
      status = #{status,jdbcType=VARCHAR},
      created_by = #{createdBy,jdbcType=VARCHAR},
      created_date = #{createdDate,jdbcType=TIMESTAMP},
      updated_by = #{updatedBy,jdbcType=VARCHAR},
      updated_date = #{updatedDate,jdbcType=TIMESTAMP}
    where id = #{id,jdbcType=INTEGER}
  </update>
  <select id="countByModelSelective" parameterType="map" resultType="int">
    <!--
      WARNING - @mbg.generated
      This element is automatically generated by MyBatis Generator, do not modify.
    -->
    select count(*)
		from notice_info
		<where>
			<include refid="dynamicModelSql" />
		</where>
  </select>
  <delete id="deleteByModelSelective" parameterType="map">
    <!--
      WARNING - @mbg.generated
      This element is automatically generated by MyBatis Generator, do not modify.
    -->
    	delete from notice_info
		<where>
			<include refid="dynamicModelSql" />
		</where>
  </delete>
  <update id="updateByModelSelective" parameterType="map">
    <!--
      WARNING - @mbg.generated
      This element is automatically generated by MyBatis Generator, do not modify.
    -->
    update notice_info
		<set>
			<if test="model.id != null">
				id = #{model.id, jdbcType=INTEGER},
			</if>
			<if test="model.noticeNo != null">
				notice_no = #{model.noticeNo, jdbcType=VARCHAR},
			</if>
			<if test="model.noticeTitle != null">
				notice_title = #{model.noticeTitle, jdbcType=VARCHAR},
			</if>
			<if test="model.noticeContent != null">
				notice_content = #{model.noticeContent, jdbcType=VARCHAR},
			</if>
			<if test="model.startDate != null">
				start_date = #{model.startDate, jdbcType=TIMESTAMP},
			</if>
			<if test="model.endDate != null">
				end_date = #{model.endDate, jdbcType=TIMESTAMP},
			</if>
			<if test="model.status != null">
				status = #{model.status, jdbcType=VARCHAR},
			</if>
			<if test="model.createdBy != null">
				created_by = #{model.createdBy, jdbcType=VARCHAR},
			</if>
			<if test="model.createdDate != null">
				created_date = #{model.createdDate, jdbcType=TIMESTAMP},
			</if>
			<if test="model.updatedBy != null">
				updated_by = #{model.updatedBy, jdbcType=VARCHAR},
			</if>
			<if test="model.updatedDate != null">
				updated_date = #{model.updatedDate, jdbcType=TIMESTAMP},
			</if>
		</set>
		<where>
			<include refid="dynamicModelSql" />
		</where>
  </update>
  <sql id="dynamicModelSql">
    <!--
      WARNING - @mbg.generated
      This element is automatically generated by MyBatis Generator, do not modify.
    -->
    	<if test="cond != null">
			<if test="cond.id != null">
				and id = #{cond.id, jdbcType=INTEGER}
			</if>
			<if test="cond.noticeNo != null and cond.noticeNo != ''">
				and notice_no <if test ="!strict"> like concat('%', </if><if test ="strict"> = </if>#{cond.noticeNo, jdbcType=VARCHAR}<if test ="!strict">, '%') </if>
			</if>
			<if test="cond.noticeTitle != null and cond.noticeTitle != ''">
				and notice_title <if test ="!strict"> like concat('%', </if><if test ="strict"> = </if>#{cond.noticeTitle, jdbcType=VARCHAR}<if test ="!strict">, '%') </if>
			</if>
			<if test="cond.noticeContent != null and cond.noticeContent != ''">
				and notice_content <if test ="!strict"> like concat('%', </if><if test ="strict"> = </if>#{cond.noticeContent, jdbcType=VARCHAR}<if test ="!strict">, '%') </if>
			</if>
			<if test="cond.startDate != null">
				and start_date = #{cond.startDate, jdbcType=TIMESTAMP}
			</if>
			<if test="cond.endDate != null">
				and end_date = #{cond.endDate, jdbcType=TIMESTAMP}
			</if>
			<if test="cond.status != null and cond.status != ''">
				and status <if test ="!strict"> like concat('%', </if><if test ="strict"> = </if>#{cond.status, jdbcType=VARCHAR}<if test ="!strict">, '%') </if>
			</if>
			<if test="cond.createdBy != null and cond.createdBy != ''">
				and created_by <if test ="!strict"> like concat('%', </if><if test ="strict"> = </if>#{cond.createdBy, jdbcType=VARCHAR}<if test ="!strict">, '%') </if>
			</if>
			<if test="cond.createdDate != null">
				and created_date = #{cond.createdDate, jdbcType=TIMESTAMP}
			</if>
			<if test="cond.updatedBy != null and cond.updatedBy != ''">
				and updated_by <if test ="!strict"> like concat('%', </if><if test ="strict"> = </if>#{cond.updatedBy, jdbcType=VARCHAR}<if test ="!strict">, '%') </if>
			</if>
			<if test="cond.updatedDate != null">
				and updated_date = #{cond.updatedDate, jdbcType=TIMESTAMP}
			</if>
		</if>
  </sql>
  <sql id="Base_Column_List_Prefix">
    <!--
      WARNING - @mbg.generated
      This element is automatically generated by MyBatis Generator, do not modify.
    -->
    my.id,my.notice_no,my.notice_title,my.notice_content,my.start_date,my.end_date,my.status,my.created_by,my.created_date,my.updated_by,my.updated_date
  </sql>
  <select id="selectByModelSelective" parameterType="map" resultMap="BaseResultMap">
    <!--
      WARNING - @mbg.generated
      This element is automatically generated by MyBatis Generator, do not modify.
    -->
    select <include refid="Base_Column_List" /> 
		from notice_info
		<where>
			<include refid="dynamicModelSql" />
		</where>
  </select>
  <insert id="insertBatchSelective" parameterType="java.util.List">
    <!--
      WARNING - @mbg.generated
      This element is automatically generated by MyBatis Generator, do not modify.
    -->
    insert into notice_info
    <trim prefix="(" suffix=")" suffixOverrides=",">
      <if test="list[0].id!=null">
        id,
      </if>
      <if test="list[0].noticeNo!=null">
        notice_no,
      </if>
      <if test="list[0].noticeTitle!=null">
        notice_title,
      </if>
      <if test="list[0].noticeContent!=null">
        notice_content,
      </if>
      <if test="list[0].startDate!=null">
        start_date,
      </if>
      <if test="list[0].endDate!=null">
        end_date,
      </if>
      <if test="list[0].status!=null">
        status,
      </if>
      <if test="list[0].createdBy!=null">
        created_by,
      </if>
      <if test="list[0].createdDate!=null">
        created_date,
      </if>
      <if test="list[0].updatedBy!=null">
        updated_by,
      </if>
      <if test="list[0].updatedDate!=null">
        updated_date,
      </if>
    </trim>
     values 
    <foreach collection="list" index="index" item="item" separator=",">
      <trim prefix=" (" suffix=")" suffixOverrides=",">
        <if test="item.id!=null">
          #{item.id,jdbcType=INTEGER},
        </if>
        <if test="item.noticeNo!=null">
          #{item.noticeNo,jdbcType=VARCHAR},
        </if>
        <if test="item.noticeTitle!=null">
          #{item.noticeTitle,jdbcType=VARCHAR},
        </if>
        <if test="item.noticeContent!=null">
          #{item.noticeContent,jdbcType=VARCHAR},
        </if>
        <if test="item.startDate!=null">
          #{item.startDate,jdbcType=TIMESTAMP},
        </if>
        <if test="item.endDate!=null">
          #{item.endDate,jdbcType=TIMESTAMP},
        </if>
        <if test="item.status!=null">
          #{item.status,jdbcType=VARCHAR},
        </if>
        <if test="item.createdBy!=null">
          #{item.createdBy,jdbcType=VARCHAR},
        </if>
        <if test="item.createdDate!=null">
          #{item.createdDate,jdbcType=TIMESTAMP},
        </if>
        <if test="item.updatedBy!=null">
          #{item.updatedBy,jdbcType=VARCHAR},
        </if>
        <if test="item.updatedDate!=null">
          #{item.updatedDate,jdbcType=TIMESTAMP},
        </if>
      </trim>
    </foreach>
  </insert>
  <select id="selectOneByModelSelective" parameterType="map" resultMap="BaseResultMap">
    <!--
      WARNING - @mbg.generated
      This element is automatically generated by MyBatis Generator, do not modify.
    -->
    select <include refid="Base_Column_List" /> 
		from notice_info
		<where>
			<include refid="dynamicModelSql" />
		</where>
		limit 1
  </select>
</mapper>