<?xml version="1.0" encoding="UTF-8"?>
<!DOCTYPE mapper PUBLIC "-//mybatis.org//DTD Mapper 3.0//EN" "http://mybatis.org/dtd/mybatis-3-mapper.dtd">
<mapper namespace="com.dashuf.dpbs.mapper.PushMsgMapper">
  <resultMap id="BaseResultMap" type="com.dashuf.dpbs.model.PushMsg">
    <!--
      WARNING - @mbg.generated
      This element is automatically generated by MyBatis Generator, do not modify.
    -->
    <id column="id" jdbcType="INTEGER" property="id" />
    <result column="msg_no" jdbcType="VARCHAR" property="msgNo" />
    <result column="msg_type" jdbcType="VARCHAR" property="msgType" />
    <result column="msg_title" jdbcType="VARCHAR" property="msgTitle" />
    <result column="msg_id" jdbcType="VARCHAR" property="msgId" />
    <result column="msg_content" jdbcType="VARCHAR" property="msgContent" />
    <result column="push_time" jdbcType="TIMESTAMP" property="pushTime" />
    <result column="status" jdbcType="VARCHAR" property="status" />
    <result column="remark" jdbcType="VARCHAR" property="remark" />
    <result column="created_by" jdbcType="VARCHAR" property="createdBy" />
    <result column="created_date" jdbcType="TIMESTAMP" property="createdDate" />
    <result column="updated_by" jdbcType="VARCHAR" property="updatedBy" />
    <result column="updated_date" jdbcType="TIMESTAMP" property="updatedDate" />
  </resultMap>
  <sql id="Base_Column_List">
    <!--
      WARNING - @mbg.generated
      This element is automatically generated by MyBatis Generator, do not modify.
    -->
    id, msg_no, msg_type, msg_title, msg_id, msg_content, push_time, status, remark, 
    created_by, created_date, updated_by, updated_date
  </sql>
  <select id="selectByPrimaryKey" parameterType="java.lang.Integer" resultMap="BaseResultMap">
    <!--
      WARNING - @mbg.generated
      This element is automatically generated by MyBatis Generator, do not modify.
    -->
    select 
    <include refid="Base_Column_List" />
    from push_msg
    where id = #{id,jdbcType=INTEGER}
  </select>
  <delete id="deleteByPrimaryKey" parameterType="java.lang.Integer">
    <!--
      WARNING - @mbg.generated
      This element is automatically generated by MyBatis Generator, do not modify.
    -->
    delete from push_msg
    where id = #{id,jdbcType=INTEGER}
  </delete>
  <insert id="insert" parameterType="com.dashuf.dpbs.model.PushMsg">
    <!--
      WARNING - @mbg.generated
      This element is automatically generated by MyBatis Generator, do not modify.
    -->
    <selectKey keyProperty="id" order="AFTER" resultType="java.lang.Integer">
      SELECT LAST_INSERT_ID()
    </selectKey>
    insert into push_msg (msg_no, msg_type, msg_title, 
      msg_id, msg_content, push_time, 
      status, remark, created_by, 
      created_date, updated_by, updated_date
      )
    values (#{msgNo,jdbcType=VARCHAR}, #{msgType,jdbcType=VARCHAR}, #{msgTitle,jdbcType=VARCHAR}, 
      #{msgId,jdbcType=VARCHAR}, #{msgContent,jdbcType=VARCHAR}, #{pushTime,jdbcType=TIMESTAMP}, 
      #{status,jdbcType=VARCHAR}, #{remark,jdbcType=VARCHAR}, #{createdBy,jdbcType=VARCHAR}, 
      #{createdDate,jdbcType=TIMESTAMP}, #{updatedBy,jdbcType=VARCHAR}, #{updatedDate,jdbcType=TIMESTAMP}
      )
  </insert>
  <insert id="insertSelective" parameterType="com.dashuf.dpbs.model.PushMsg">
    <!--
      WARNING - @mbg.generated
      This element is automatically generated by MyBatis Generator, do not modify.
    -->
    <selectKey keyProperty="id" order="AFTER" resultType="java.lang.Integer">
      SELECT LAST_INSERT_ID()
    </selectKey>
    insert into push_msg
    <trim prefix="(" suffix=")" suffixOverrides=",">
      <if test="msgNo != null">
        msg_no,
      </if>
      <if test="msgType != null">
        msg_type,
      </if>
      <if test="msgTitle != null">
        msg_title,
      </if>
      <if test="msgId != null">
        msg_id,
      </if>
      <if test="msgContent != null">
        msg_content,
      </if>
      <if test="pushTime != null">
        push_time,
      </if>
      <if test="status != null">
        status,
      </if>
      <if test="remark != null">
        remark,
      </if>
      <if test="createdBy != null">
        created_by,
      </if>
      <if test="createdDate != null">
        created_date,
      </if>
      <if test="updatedBy != null">
        updated_by,
      </if>
      <if test="updatedDate != null">
        updated_date,
      </if>
    </trim>
    <trim prefix="values (" suffix=")" suffixOverrides=",">
      <if test="msgNo != null">
        #{msgNo,jdbcType=VARCHAR},
      </if>
      <if test="msgType != null">
        #{msgType,jdbcType=VARCHAR},
      </if>
      <if test="msgTitle != null">
        #{msgTitle,jdbcType=VARCHAR},
      </if>
      <if test="msgId != null">
        #{msgId,jdbcType=VARCHAR},
      </if>
      <if test="msgContent != null">
        #{msgContent,jdbcType=VARCHAR},
      </if>
      <if test="pushTime != null">
        #{pushTime,jdbcType=TIMESTAMP},
      </if>
      <if test="status != null">
        #{status,jdbcType=VARCHAR},
      </if>
      <if test="remark != null">
        #{remark,jdbcType=VARCHAR},
      </if>
      <if test="createdBy != null">
        #{createdBy,jdbcType=VARCHAR},
      </if>
      <if test="createdDate != null">
        #{createdDate,jdbcType=TIMESTAMP},
      </if>
      <if test="updatedBy != null">
        #{updatedBy,jdbcType=VARCHAR},
      </if>
      <if test="updatedDate != null">
        #{updatedDate,jdbcType=TIMESTAMP},
      </if>
    </trim>
  </insert>
  <update id="updateByPrimaryKeySelective" parameterType="com.dashuf.dpbs.model.PushMsg">
    <!--
      WARNING - @mbg.generated
      This element is automatically generated by MyBatis Generator, do not modify.
    -->
    update push_msg
    <set>
      <if test="msgNo != null">
        msg_no = #{msgNo,jdbcType=VARCHAR},
      </if>
      <if test="msgType != null">
        msg_type = #{msgType,jdbcType=VARCHAR},
      </if>
      <if test="msgTitle != null">
        msg_title = #{msgTitle,jdbcType=VARCHAR},
      </if>
      <if test="msgId != null">
        msg_id = #{msgId,jdbcType=VARCHAR},
      </if>
      <if test="msgContent != null">
        msg_content = #{msgContent,jdbcType=VARCHAR},
      </if>
      <if test="pushTime != null">
        push_time = #{pushTime,jdbcType=TIMESTAMP},
      </if>
      <if test="status != null">
        status = #{status,jdbcType=VARCHAR},
      </if>
      <if test="remark != null">
        remark = #{remark,jdbcType=VARCHAR},
      </if>
      <if test="createdBy != null">
        created_by = #{createdBy,jdbcType=VARCHAR},
      </if>
      <if test="createdDate != null">
        created_date = #{createdDate,jdbcType=TIMESTAMP},
      </if>
      <if test="updatedBy != null">
        updated_by = #{updatedBy,jdbcType=VARCHAR},
      </if>
      <if test="updatedDate != null">
        updated_date = #{updatedDate,jdbcType=TIMESTAMP},
      </if>
    </set>
    where id = #{id,jdbcType=INTEGER}
  </update>
  <update id="updateByPrimaryKey" parameterType="com.dashuf.dpbs.model.PushMsg">
    <!--
      WARNING - @mbg.generated
      This element is automatically generated by MyBatis Generator, do not modify.
    -->
    update push_msg
    set msg_no = #{msgNo,jdbcType=VARCHAR},
      msg_type = #{msgType,jdbcType=VARCHAR},
      msg_title = #{msgTitle,jdbcType=VARCHAR},
      msg_id = #{msgId,jdbcType=VARCHAR},
      msg_content = #{msgContent,jdbcType=VARCHAR},
      push_time = #{pushTime,jdbcType=TIMESTAMP},
      status = #{status,jdbcType=VARCHAR},
      remark = #{remark,jdbcType=VARCHAR},
      created_by = #{createdBy,jdbcType=VARCHAR},
      created_date = #{createdDate,jdbcType=TIMESTAMP},
      updated_by = #{updatedBy,jdbcType=VARCHAR},
      updated_date = #{updatedDate,jdbcType=TIMESTAMP}
    where id = #{id,jdbcType=INTEGER}
  </update>
  <select id="countByModelSelective" parameterType="map" resultType="int">
    <!--
      WARNING - @mbg.generated
      This element is automatically generated by MyBatis Generator, do not modify.
    -->
    select count(*)
		from push_msg
		<where>
			<include refid="dynamicModelSql" />
		</where>
  </select>
  <delete id="deleteByModelSelective" parameterType="map">
    <!--
      WARNING - @mbg.generated
      This element is automatically generated by MyBatis Generator, do not modify.
    -->
    	delete from push_msg
		<where>
			<include refid="dynamicModelSql" />
		</where>
  </delete>
  <update id="updateByModelSelective" parameterType="map">
    <!--
      WARNING - @mbg.generated
      This element is automatically generated by MyBatis Generator, do not modify.
    -->
    update push_msg
		<set>
			<if test="model.id != null">
				id = #{model.id, jdbcType=INTEGER},
			</if>
			<if test="model.msgNo != null">
				msg_no = #{model.msgNo, jdbcType=VARCHAR},
			</if>
			<if test="model.msgType != null">
				msg_type = #{model.msgType, jdbcType=VARCHAR},
			</if>
			<if test="model.msgTitle != null">
				msg_title = #{model.msgTitle, jdbcType=VARCHAR},
			</if>
			<if test="model.msgId != null">
				msg_id = #{model.msgId, jdbcType=VARCHAR},
			</if>
			<if test="model.msgContent != null">
				msg_content = #{model.msgContent, jdbcType=VARCHAR},
			</if>
			<if test="model.pushTime != null">
				push_time = #{model.pushTime, jdbcType=TIMESTAMP},
			</if>
			<if test="model.status != null">
				status = #{model.status, jdbcType=VARCHAR},
			</if>
			<if test="model.remark != null">
				remark = #{model.remark, jdbcType=VARCHAR},
			</if>
			<if test="model.createdBy != null">
				created_by = #{model.createdBy, jdbcType=VARCHAR},
			</if>
			<if test="model.createdDate != null">
				created_date = #{model.createdDate, jdbcType=TIMESTAMP},
			</if>
			<if test="model.updatedBy != null">
				updated_by = #{model.updatedBy, jdbcType=VARCHAR},
			</if>
			<if test="model.updatedDate != null">
				updated_date = #{model.updatedDate, jdbcType=TIMESTAMP},
			</if>
		</set>
		<where>
			<include refid="dynamicModelSql" />
		</where>
  </update>
  <sql id="dynamicModelSql">
    <!--
      WARNING - @mbg.generated
      This element is automatically generated by MyBatis Generator, do not modify.
    -->
    	<if test="cond != null">
			<if test="cond.id != null">
				and id = #{cond.id, jdbcType=INTEGER}
			</if>
			<if test="cond.msgNo != null and cond.msgNo != ''">
				and msg_no <if test="!strict"> like concat('%', </if><if test="strict"> = </if>#{cond.msgNo, jdbcType=VARCHAR}<if test="!strict">, '%') </if>
			</if>
			<if test="cond.msgType != null and cond.msgType != ''">
				and msg_type <if test="!strict"> like concat('%', </if><if test="strict"> = </if>#{cond.msgType, jdbcType=VARCHAR}<if test="!strict">, '%') </if>
			</if>
			<if test="cond.msgTitle != null and cond.msgTitle != ''">
				and msg_title <if test="!strict"> like concat('%', </if><if test="strict"> = </if>#{cond.msgTitle, jdbcType=VARCHAR}<if test="!strict">, '%') </if>
			</if>
			<if test="cond.msgId != null and cond.msgId != ''">
				and msg_id <if test="!strict"> like concat('%', </if><if test="strict"> = </if>#{cond.msgId, jdbcType=VARCHAR}<if test="!strict">, '%') </if>
			</if>
			<if test="cond.msgContent != null and cond.msgContent != ''">
				and msg_content <if test="!strict"> like concat('%', </if><if test="strict"> = </if>#{cond.msgContent, jdbcType=VARCHAR}<if test="!strict">, '%') </if>
			</if>
			<if test="cond.pushTime != null">
				and push_time = #{cond.pushTime, jdbcType=TIMESTAMP}
			</if>
			<if test="cond.status != null and cond.status != ''">
				and status <if test="!strict"> like concat('%', </if><if test="strict"> = </if>#{cond.status, jdbcType=VARCHAR}<if test="!strict">, '%') </if>
			</if>
			<if test="cond.remark != null and cond.remark != ''">
				and remark <if test="!strict"> like concat('%', </if><if test="strict"> = </if>#{cond.remark, jdbcType=VARCHAR}<if test="!strict">, '%') </if>
			</if>
			<if test="cond.createdBy != null and cond.createdBy != ''">
				and created_by <if test="!strict"> like concat('%', </if><if test="strict"> = </if>#{cond.createdBy, jdbcType=VARCHAR}<if test="!strict">, '%') </if>
			</if>
			<if test="cond.createdDate != null">
				and created_date = #{cond.createdDate, jdbcType=TIMESTAMP}
			</if>
			<if test="cond.updatedBy != null and cond.updatedBy != ''">
				and updated_by <if test="!strict"> like concat('%', </if><if test="strict"> = </if>#{cond.updatedBy, jdbcType=VARCHAR}<if test="!strict">, '%') </if>
			</if>
			<if test="cond.updatedDate != null">
				and updated_date = #{cond.updatedDate, jdbcType=TIMESTAMP}
			</if>
		</if>
  </sql>
  <sql id="Base_Column_List_Prefix">
    <!--
      WARNING - @mbg.generated
      This element is automatically generated by MyBatis Generator, do not modify.
    -->
    my.id,my.msg_no,my.msg_type,my.msg_title,my.msg_id,my.msg_content,my.push_time,my.status,my.remark,my.created_by,my.created_date,my.updated_by,my.updated_date
  </sql>
  <select id="selectByModelSelective" parameterType="map" resultMap="BaseResultMap">
    <!--
      WARNING - @mbg.generated
      This element is automatically generated by MyBatis Generator, do not modify.
    -->
    select <include refid="Base_Column_List" /> 
		from push_msg
		<where>
			<include refid="dynamicModelSql" />
		</where>
  </select>
  <insert id="insertBatchSelective" parameterType="java.util.List">
    <!--
      WARNING - @mbg.generated
      This element is automatically generated by MyBatis Generator, do not modify.
    -->
    insert into push_msg
    <trim prefix="(" suffix=")" suffixOverrides=",">
      <if test="list[0].id!=null">
        id,
      </if>
      <if test="list[0].msgNo!=null">
        msg_no,
      </if>
      <if test="list[0].msgType!=null">
        msg_type,
      </if>
      <if test="list[0].msgTitle!=null">
        msg_title,
      </if>
      <if test="list[0].msgId!=null">
        msg_id,
      </if>
      <if test="list[0].msgContent!=null">
        msg_content,
      </if>
      <if test="list[0].pushTime!=null">
        push_time,
      </if>
      <if test="list[0].status!=null">
        status,
      </if>
      <if test="list[0].remark!=null">
        remark,
      </if>
      <if test="list[0].createdBy!=null">
        created_by,
      </if>
      <if test="list[0].createdDate!=null">
        created_date,
      </if>
      <if test="list[0].updatedBy!=null">
        updated_by,
      </if>
      <if test="list[0].updatedDate!=null">
        updated_date,
      </if>
    </trim>
     values 
    <foreach collection="list" index="index" item="item" separator=",">
      <trim prefix=" (" suffix=")" suffixOverrides=",">
        <if test="item.id!=null">
          #{item.id,jdbcType=INTEGER},
        </if>
        <if test="item.msgNo!=null">
          #{item.msgNo,jdbcType=VARCHAR},
        </if>
        <if test="item.msgType!=null">
          #{item.msgType,jdbcType=VARCHAR},
        </if>
        <if test="item.msgTitle!=null">
          #{item.msgTitle,jdbcType=VARCHAR},
        </if>
        <if test="item.msgId!=null">
          #{item.msgId,jdbcType=VARCHAR},
        </if>
        <if test="item.msgContent!=null">
          #{item.msgContent,jdbcType=VARCHAR},
        </if>
        <if test="item.pushTime!=null">
          #{item.pushTime,jdbcType=TIMESTAMP},
        </if>
        <if test="item.status!=null">
          #{item.status,jdbcType=VARCHAR},
        </if>
        <if test="item.remark!=null">
          #{item.remark,jdbcType=VARCHAR},
        </if>
        <if test="item.createdBy!=null">
          #{item.createdBy,jdbcType=VARCHAR},
        </if>
        <if test="item.createdDate!=null">
          #{item.createdDate,jdbcType=TIMESTAMP},
        </if>
        <if test="item.updatedBy!=null">
          #{item.updatedBy,jdbcType=VARCHAR},
        </if>
        <if test="item.updatedDate!=null">
          #{item.updatedDate,jdbcType=TIMESTAMP},
        </if>
      </trim>
    </foreach>
  </insert>
  <select id="selectOneByModelSelective" parameterType="map" resultMap="BaseResultMap">
    <!--
      WARNING - @mbg.generated
      This element is automatically generated by MyBatis Generator, do not modify.
    -->
    select <include refid="Base_Column_List" /> 
		from push_msg
		<where>
			<include refid="dynamicModelSql" />
		</where>
		limit 1
  </select>
</mapper>