<?xml version="1.0" encoding="UTF-8"?>
<!DOCTYPE mapper PUBLIC "-//mybatis.org//DTD Mapper 3.0//EN" "http://mybatis.org/dtd/mybatis-3-mapper.dtd">
<mapper namespace="com.dashuf.dpbs.mapper.PushLoanProductMapper">
  <resultMap id="BaseResultMap" type="com.dashuf.dpbs.model.PushLoanProduct">
    <!--
      WARNING - @mbg.generated
      This element is automatically generated by MyBatis Generator, do not modify.
    -->
    <id column="id" jdbcType="INTEGER" property="id" />
    <result column="push_order_no" jdbcType="VARCHAR" property="pushOrderNo" />
    <result column="application_id" jdbcType="VARCHAR" property="applicationId" />
    <result column="product_id" jdbcType="VARCHAR" property="productId" />
    <result column="putout_no" jdbcType="VARCHAR" property="putoutNo" />
    <result column="putout_date" jdbcType="TIMESTAMP" property="putoutDate" />
    <result column="putout_amt" jdbcType="DECIMAL" property="putoutAmt" />
    <result column="putout_status" jdbcType="VARCHAR" property="putoutStatus" />
    <result column="map_status_desc" jdbcType="VARCHAR" property="mapStatusDesc" />
    <result column="created_by" jdbcType="VARCHAR" property="createdBy" />
    <result column="created_date" jdbcType="TIMESTAMP" property="createdDate" />
    <result column="updated_by" jdbcType="VARCHAR" property="updatedBy" />
    <result column="updated_date" jdbcType="TIMESTAMP" property="updatedDate" />
  </resultMap>
  <sql id="Base_Column_List">
    <!--
      WARNING - @mbg.generated
      This element is automatically generated by MyBatis Generator, do not modify.
    -->
    id, push_order_no, application_id, product_id, putout_no, putout_date, putout_amt, 
    putout_status, map_status_desc, created_by, created_date, updated_by, updated_date
  </sql>
  <select id="selectByPrimaryKey" parameterType="java.lang.Integer" resultMap="BaseResultMap">
    <!--
      WARNING - @mbg.generated
      This element is automatically generated by MyBatis Generator, do not modify.
    -->
    select 
    <include refid="Base_Column_List" />
    from push_loan_product
    where id = #{id,jdbcType=INTEGER}
  </select>
  <delete id="deleteByPrimaryKey" parameterType="java.lang.Integer">
    <!--
      WARNING - @mbg.generated
      This element is automatically generated by MyBatis Generator, do not modify.
    -->
    delete from push_loan_product
    where id = #{id,jdbcType=INTEGER}
  </delete>
  <insert id="insert" parameterType="com.dashuf.dpbs.model.PushLoanProduct">
    <!--
      WARNING - @mbg.generated
      This element is automatically generated by MyBatis Generator, do not modify.
    -->
    <selectKey keyProperty="id" order="AFTER" resultType="java.lang.Integer">
      SELECT LAST_INSERT_ID()
    </selectKey>
    insert into push_loan_product (push_order_no, application_id, product_id, 
      putout_no, putout_date, putout_amt, 
      putout_status, map_status_desc, created_by, 
      created_date, updated_by, updated_date
      )
    values (#{pushOrderNo,jdbcType=VARCHAR}, #{applicationId,jdbcType=VARCHAR}, #{productId,jdbcType=VARCHAR}, 
      #{putoutNo,jdbcType=VARCHAR}, #{putoutDate,jdbcType=TIMESTAMP}, #{putoutAmt,jdbcType=DECIMAL}, 
      #{putoutStatus,jdbcType=VARCHAR}, #{mapStatusDesc,jdbcType=VARCHAR}, #{createdBy,jdbcType=VARCHAR}, 
      #{createdDate,jdbcType=TIMESTAMP}, #{updatedBy,jdbcType=VARCHAR}, #{updatedDate,jdbcType=TIMESTAMP}
      )
  </insert>
  <insert id="insertSelective" parameterType="com.dashuf.dpbs.model.PushLoanProduct">
    <!--
      WARNING - @mbg.generated
      This element is automatically generated by MyBatis Generator, do not modify.
    -->
    <selectKey keyProperty="id" order="AFTER" resultType="java.lang.Integer">
      SELECT LAST_INSERT_ID()
    </selectKey>
    insert into push_loan_product
    <trim prefix="(" suffix=")" suffixOverrides=",">
      <if test="pushOrderNo != null">
        push_order_no,
      </if>
      <if test="applicationId != null">
        application_id,
      </if>
      <if test="productId != null">
        product_id,
      </if>
      <if test="putoutNo != null">
        putout_no,
      </if>
      <if test="putoutDate != null">
        putout_date,
      </if>
      <if test="putoutAmt != null">
        putout_amt,
      </if>
      <if test="putoutStatus != null">
        putout_status,
      </if>
      <if test="mapStatusDesc != null">
        map_status_desc,
      </if>
      <if test="createdBy != null">
        created_by,
      </if>
      <if test="createdDate != null">
        created_date,
      </if>
      <if test="updatedBy != null">
        updated_by,
      </if>
      <if test="updatedDate != null">
        updated_date,
      </if>
    </trim>
    <trim prefix="values (" suffix=")" suffixOverrides=",">
      <if test="pushOrderNo != null">
        #{pushOrderNo,jdbcType=VARCHAR},
      </if>
      <if test="applicationId != null">
        #{applicationId,jdbcType=VARCHAR},
      </if>
      <if test="productId != null">
        #{productId,jdbcType=VARCHAR},
      </if>
      <if test="putoutNo != null">
        #{putoutNo,jdbcType=VARCHAR},
      </if>
      <if test="putoutDate != null">
        #{putoutDate,jdbcType=TIMESTAMP},
      </if>
      <if test="putoutAmt != null">
        #{putoutAmt,jdbcType=DECIMAL},
      </if>
      <if test="putoutStatus != null">
        #{putoutStatus,jdbcType=VARCHAR},
      </if>
      <if test="mapStatusDesc != null">
        #{mapStatusDesc,jdbcType=VARCHAR},
      </if>
      <if test="createdBy != null">
        #{createdBy,jdbcType=VARCHAR},
      </if>
      <if test="createdDate != null">
        #{createdDate,jdbcType=TIMESTAMP},
      </if>
      <if test="updatedBy != null">
        #{updatedBy,jdbcType=VARCHAR},
      </if>
      <if test="updatedDate != null">
        #{updatedDate,jdbcType=TIMESTAMP},
      </if>
    </trim>
  </insert>
  <update id="updateByPrimaryKeySelective" parameterType="com.dashuf.dpbs.model.PushLoanProduct">
    <!--
      WARNING - @mbg.generated
      This element is automatically generated by MyBatis Generator, do not modify.
    -->
    update push_loan_product
    <set>
      <if test="pushOrderNo != null">
        push_order_no = #{pushOrderNo,jdbcType=VARCHAR},
      </if>
      <if test="applicationId != null">
        application_id = #{applicationId,jdbcType=VARCHAR},
      </if>
      <if test="productId != null">
        product_id = #{productId,jdbcType=VARCHAR},
      </if>
      <if test="putoutNo != null">
        putout_no = #{putoutNo,jdbcType=VARCHAR},
      </if>
      <if test="putoutDate != null">
        putout_date = #{putoutDate,jdbcType=TIMESTAMP},
      </if>
      <if test="putoutAmt != null">
        putout_amt = #{putoutAmt,jdbcType=DECIMAL},
      </if>
      <if test="putoutStatus != null">
        putout_status = #{putoutStatus,jdbcType=VARCHAR},
      </if>
      <if test="mapStatusDesc != null">
        map_status_desc = #{mapStatusDesc,jdbcType=VARCHAR},
      </if>
      <if test="createdBy != null">
        created_by = #{createdBy,jdbcType=VARCHAR},
      </if>
      <if test="createdDate != null">
        created_date = #{createdDate,jdbcType=TIMESTAMP},
      </if>
      <if test="updatedBy != null">
        updated_by = #{updatedBy,jdbcType=VARCHAR},
      </if>
      <if test="updatedDate != null">
        updated_date = #{updatedDate,jdbcType=TIMESTAMP},
      </if>
    </set>
    where id = #{id,jdbcType=INTEGER}
  </update>
  <update id="updateByPrimaryKey" parameterType="com.dashuf.dpbs.model.PushLoanProduct">
    <!--
      WARNING - @mbg.generated
      This element is automatically generated by MyBatis Generator, do not modify.
    -->
    update push_loan_product
    set push_order_no = #{pushOrderNo,jdbcType=VARCHAR},
      application_id = #{applicationId,jdbcType=VARCHAR},
      product_id = #{productId,jdbcType=VARCHAR},
      putout_no = #{putoutNo,jdbcType=VARCHAR},
      putout_date = #{putoutDate,jdbcType=TIMESTAMP},
      putout_amt = #{putoutAmt,jdbcType=DECIMAL},
      putout_status = #{putoutStatus,jdbcType=VARCHAR},
      map_status_desc = #{mapStatusDesc,jdbcType=VARCHAR},
      created_by = #{createdBy,jdbcType=VARCHAR},
      created_date = #{createdDate,jdbcType=TIMESTAMP},
      updated_by = #{updatedBy,jdbcType=VARCHAR},
      updated_date = #{updatedDate,jdbcType=TIMESTAMP}
    where id = #{id,jdbcType=INTEGER}
  </update>
  <select id="countByModelSelective" parameterType="map" resultType="int">
    <!--
      WARNING - @mbg.generated
      This element is automatically generated by MyBatis Generator, do not modify.
    -->
    select count(*)
		from push_loan_product
		<where>
			<include refid="dynamicModelSql" />
		</where>
  </select>
  <delete id="deleteByModelSelective" parameterType="map">
    <!--
      WARNING - @mbg.generated
      This element is automatically generated by MyBatis Generator, do not modify.
    -->
    	delete from push_loan_product
		<where>
			<include refid="dynamicModelSql" />
		</where>
  </delete>
  <update id="updateByModelSelective" parameterType="map">
    <!--
      WARNING - @mbg.generated
      This element is automatically generated by MyBatis Generator, do not modify.
    -->
    update push_loan_product
		<set>
			<if test="model.id != null">
				id = #{model.id, jdbcType=INTEGER},
			</if>
			<if test="model.pushOrderNo != null">
				push_order_no = #{model.pushOrderNo, jdbcType=VARCHAR},
			</if>
			<if test="model.applicationId != null">
				application_id = #{model.applicationId, jdbcType=VARCHAR},
			</if>
			<if test="model.productId != null">
				product_id = #{model.productId, jdbcType=VARCHAR},
			</if>
			<if test="model.putoutNo != null">
				putout_no = #{model.putoutNo, jdbcType=VARCHAR},
			</if>
			<if test="model.putoutDate != null">
				putout_date = #{model.putoutDate, jdbcType=TIMESTAMP},
			</if>
			<if test="model.putoutAmt != null">
				putout_amt = #{model.putoutAmt, jdbcType=DECIMAL},
			</if>
			<if test="model.putoutStatus != null">
				putout_status = #{model.putoutStatus, jdbcType=VARCHAR},
			</if>
			<if test="model.mapStatusDesc != null">
				map_status_desc = #{model.mapStatusDesc, jdbcType=VARCHAR},
			</if>
			<if test="model.createdBy != null">
				created_by = #{model.createdBy, jdbcType=VARCHAR},
			</if>
			<if test="model.createdDate != null">
				created_date = #{model.createdDate, jdbcType=TIMESTAMP},
			</if>
			<if test="model.updatedBy != null">
				updated_by = #{model.updatedBy, jdbcType=VARCHAR},
			</if>
			<if test="model.updatedDate != null">
				updated_date = #{model.updatedDate, jdbcType=TIMESTAMP},
			</if>
		</set>
		<where>
			<include refid="dynamicModelSql" />
		</where>
  </update>
  <sql id="dynamicModelSql">
    <!--
      WARNING - @mbg.generated
      This element is automatically generated by MyBatis Generator, do not modify.
    -->
    	<if test="cond != null">
			<if test="cond.id != null">
				and id = #{cond.id, jdbcType=INTEGER}
			</if>
			<if test="cond.pushOrderNo != null and cond.pushOrderNo != ''">
				and push_order_no <if test="!strict"> like concat('%', </if><if test="strict"> = </if>#{cond.pushOrderNo, jdbcType=VARCHAR}<if test="!strict">, '%') </if>
			</if>
			<if test="cond.applicationId != null and cond.applicationId != ''">
				and application_id <if test="!strict"> like concat('%', </if><if test="strict"> = </if>#{cond.applicationId, jdbcType=VARCHAR}<if test="!strict">, '%') </if>
			</if>
			<if test="cond.productId != null and cond.productId != ''">
				and product_id <if test="!strict"> like concat('%', </if><if test="strict"> = </if>#{cond.productId, jdbcType=VARCHAR}<if test="!strict">, '%') </if>
			</if>
			<if test="cond.putoutNo != null and cond.putoutNo != ''">
				and putout_no <if test="!strict"> like concat('%', </if><if test="strict"> = </if>#{cond.putoutNo, jdbcType=VARCHAR}<if test="!strict">, '%') </if>
			</if>
			<if test="cond.putoutDate != null">
				and putout_date = #{cond.putoutDate, jdbcType=TIMESTAMP}
			</if>
			<if test="cond.putoutAmt != null">
				and putout_amt = #{cond.putoutAmt, jdbcType=DECIMAL}
			</if>
			<if test="cond.putoutStatus != null and cond.putoutStatus != ''">
				and putout_status <if test="!strict"> like concat('%', </if><if test="strict"> = </if>#{cond.putoutStatus, jdbcType=VARCHAR}<if test="!strict">, '%') </if>
			</if>
			<if test="cond.mapStatusDesc != null and cond.mapStatusDesc != ''">
				and map_status_desc <if test="!strict"> like concat('%', </if><if test="strict"> = </if>#{cond.mapStatusDesc, jdbcType=VARCHAR}<if test="!strict">, '%') </if>
			</if>
			<if test="cond.createdBy != null and cond.createdBy != ''">
				and created_by <if test="!strict"> like concat('%', </if><if test="strict"> = </if>#{cond.createdBy, jdbcType=VARCHAR}<if test="!strict">, '%') </if>
			</if>
			<if test="cond.createdDate != null">
				and created_date = #{cond.createdDate, jdbcType=TIMESTAMP}
			</if>
			<if test="cond.updatedBy != null and cond.updatedBy != ''">
				and updated_by <if test="!strict"> like concat('%', </if><if test="strict"> = </if>#{cond.updatedBy, jdbcType=VARCHAR}<if test="!strict">, '%') </if>
			</if>
			<if test="cond.updatedDate != null">
				and updated_date = #{cond.updatedDate, jdbcType=TIMESTAMP}
			</if>
		</if>
  </sql>
  <sql id="Base_Column_List_Prefix">
    <!--
      WARNING - @mbg.generated
      This element is automatically generated by MyBatis Generator, do not modify.
    -->
    my.id,my.push_order_no,my.application_id,my.product_id,my.putout_no,my.putout_date,my.putout_amt,my.putout_status,my.map_status_desc,my.created_by,my.created_date,my.updated_by,my.updated_date
  </sql>
  <select id="selectByModelSelective" parameterType="map" resultMap="BaseResultMap">
    <!--
      WARNING - @mbg.generated
      This element is automatically generated by MyBatis Generator, do not modify.
    -->
    select <include refid="Base_Column_List" /> 
		from push_loan_product
		<where>
			<include refid="dynamicModelSql" />
		</where>
  </select>
  <insert id="insertBatchSelective" parameterType="java.util.List">
    <!--
      WARNING - @mbg.generated
      This element is automatically generated by MyBatis Generator, do not modify.
    -->
    insert into push_loan_product
    <trim prefix="(" suffix=")" suffixOverrides=",">
      <if test="list[0].id!=null">
        id,
      </if>
      <if test="list[0].pushOrderNo!=null">
        push_order_no,
      </if>
      <if test="list[0].applicationId!=null">
        application_id,
      </if>
      <if test="list[0].productId!=null">
        product_id,
      </if>
      <if test="list[0].putoutNo!=null">
        putout_no,
      </if>
      <if test="list[0].putoutDate!=null">
        putout_date,
      </if>
      <if test="list[0].putoutAmt!=null">
        putout_amt,
      </if>
      <if test="list[0].putoutStatus!=null">
        putout_status,
      </if>
      <if test="list[0].mapStatusDesc!=null">
        map_status_desc,
      </if>
      <if test="list[0].createdBy!=null">
        created_by,
      </if>
      <if test="list[0].createdDate!=null">
        created_date,
      </if>
      <if test="list[0].updatedBy!=null">
        updated_by,
      </if>
      <if test="list[0].updatedDate!=null">
        updated_date,
      </if>
    </trim>
     values 
    <foreach collection="list" index="index" item="item" separator=",">
      <trim prefix=" (" suffix=")" suffixOverrides=",">
        <if test="item.id!=null">
          #{item.id,jdbcType=INTEGER},
        </if>
        <if test="item.pushOrderNo!=null">
          #{item.pushOrderNo,jdbcType=VARCHAR},
        </if>
        <if test="item.applicationId!=null">
          #{item.applicationId,jdbcType=VARCHAR},
        </if>
        <if test="item.productId!=null">
          #{item.productId,jdbcType=VARCHAR},
        </if>
        <if test="item.putoutNo!=null">
          #{item.putoutNo,jdbcType=VARCHAR},
        </if>
        <if test="item.putoutDate!=null">
          #{item.putoutDate,jdbcType=TIMESTAMP},
        </if>
        <if test="item.putoutAmt!=null">
          #{item.putoutAmt,jdbcType=DECIMAL},
        </if>
        <if test="item.putoutStatus!=null">
          #{item.putoutStatus,jdbcType=VARCHAR},
        </if>
        <if test="item.mapStatusDesc!=null">
          #{item.mapStatusDesc,jdbcType=VARCHAR},
        </if>
        <if test="item.createdBy!=null">
          #{item.createdBy,jdbcType=VARCHAR},
        </if>
        <if test="item.createdDate!=null">
          #{item.createdDate,jdbcType=TIMESTAMP},
        </if>
        <if test="item.updatedBy!=null">
          #{item.updatedBy,jdbcType=VARCHAR},
        </if>
        <if test="item.updatedDate!=null">
          #{item.updatedDate,jdbcType=TIMESTAMP},
        </if>
      </trim>
    </foreach>
  </insert>
  <select id="selectOneByModelSelective" parameterType="map" resultMap="BaseResultMap">
    <!--
      WARNING - @mbg.generated
      This element is automatically generated by MyBatis Generator, do not modify.
    -->
    select <include refid="Base_Column_List" /> 
		from push_loan_product
		<where>
			<include refid="dynamicModelSql" />
		</where>
		limit 1
  </select>
</mapper>