<?xml version="1.0" encoding="UTF-8"?>
<!DOCTYPE mapper PUBLIC "-//mybatis.org//DTD Mapper 3.0//EN" "http://mybatis.org/dtd/mybatis-3-mapper.dtd">
<mapper namespace="com.dashuf.dpbs.mapper.PushMsgFormMapper">
    <resultMap id="BaseResultMap" type="com.dashuf.dpbs.model.PushMsgForm">
        <!--
          WARNING - @mbg.generated
          This element is automatically generated by MyBatis Generator, do not modify.
        -->
        <id column="id" jdbcType="INTEGER" property="id"/>
        <result column="msg_form_no" jdbcType="VARCHAR" property="msgFormNo"/>
        <result column="user_no" jdbcType="VARCHAR" property="userNo"/>
        <result column="push_index" jdbcType="INTEGER" property="pushIndex"/>
        <result column="use_index" jdbcType="INTEGER" property="useIndex"/>
        <result column="save_index" jdbcType="VARCHAR" property="saveIndex"/>
        <result column="form_id_one" jdbcType="VARCHAR" property="formIdOne"/>
        <result column="form_id_two" jdbcType="VARCHAR" property="formIdTwo"/>
        <result column="form_id_three" jdbcType="VARCHAR" property="formIdThree"/>
        <result column="form_id_four" jdbcType="VARCHAR" property="formIdFour"/>
        <result column="form_id_five" jdbcType="VARCHAR" property="formIdFive"/>
        <result column="status" jdbcType="VARCHAR" property="status"/>
        <result column="remark" jdbcType="VARCHAR" property="remark"/>
        <result column="created_by" jdbcType="VARCHAR" property="createdBy"/>
        <result column="created_date" jdbcType="TIMESTAMP" property="createdDate"/>
        <result column="updated_by" jdbcType="VARCHAR" property="updatedBy"/>
        <result column="updated_date" jdbcType="TIMESTAMP" property="updatedDate"/>
    </resultMap>
    <sql id="Base_Column_List">
        <!--
          WARNING - @mbg.generated
          This element is automatically generated by MyBatis Generator, do not modify.
        -->
        id, msg_form_no, user_no, push_index, use_index, save_index, form_id_one, form_id_two,
        form_id_three, form_id_four, form_id_five, status, remark, created_by, created_date,
        updated_by, updated_date
    </sql>
    <select id="selectByPrimaryKey" parameterType="java.lang.Integer" resultMap="BaseResultMap">
        <!--
          WARNING - @mbg.generated
          This element is automatically generated by MyBatis Generator, do not modify.
        -->
        select
        <include refid="Base_Column_List"/>
        from push_msg_form
        where id = #{id,jdbcType=INTEGER}
    </select>
    <delete id="deleteByPrimaryKey" parameterType="java.lang.Integer">
        <!--
          WARNING - @mbg.generated
          This element is automatically generated by MyBatis Generator, do not modify.
        -->
        delete from push_msg_form
        where id = #{id,jdbcType=INTEGER}
    </delete>
    <insert id="insert" parameterType="com.dashuf.dpbs.model.PushMsgForm">
        <!--
          WARNING - @mbg.generated
          This element is automatically generated by MyBatis Generator, do not modify.
        -->
        <selectKey keyProperty="id" order="AFTER" resultType="java.lang.Integer">
            SELECT LAST_INSERT_ID()
        </selectKey>
        insert into push_msg_form (msg_form_no, user_no,open_id, push_index,
        use_index, save_index, form_id_one,
        form_id_two, form_id_three, form_id_four,
        form_id_five, status, remark)
        values (#{msgFormNo,jdbcType=VARCHAR}, #{userNo,jdbcType=VARCHAR},#{openId,jdbcType=VARCHAR},
        #{pushIndex,jdbcType=INTEGER},
        #{useIndex,jdbcType=INTEGER}, #{saveIndex,jdbcType=VARCHAR}, #{formIdOne,jdbcType=VARCHAR},
        #{formIdTwo,jdbcType=VARCHAR}, #{formIdThree,jdbcType=VARCHAR}, #{formIdFour,jdbcType=VARCHAR},
        #{formIdFive,jdbcType=VARCHAR}, 'normal', #{remark,jdbcType=VARCHAR})
    </insert>
    <insert id="insertSelective" parameterType="com.dashuf.dpbs.model.PushMsgForm">
        <!--
          WARNING - @mbg.generated
          This element is automatically generated by MyBatis Generator, do not modify.
        -->
        <selectKey keyProperty="id" order="AFTER" resultType="java.lang.Integer">
            SELECT LAST_INSERT_ID()
        </selectKey>
        insert into push_msg_form
        <trim prefix="(" suffix=")" suffixOverrides=",">
            <if test="msgFormNo != null">
                msg_form_no,
            </if>
            <if test="userNo != null">
                user_no,
            </if>
            <if test="pushIndex != null">
                push_index,
            </if>
            <if test="useIndex != null">
                use_index,
            </if>
            <if test="saveIndex != null">
                save_index,
            </if>
            <if test="formIdOne != null">
                form_id_one,
            </if>
            <if test="formIdTwo != null">
                form_id_two,
            </if>
            <if test="formIdThree != null">
                form_id_three,
            </if>
            <if test="formIdFour != null">
                form_id_four,
            </if>
            <if test="formIdFive != null">
                form_id_five,
            </if>
            <if test="status != null">
                status,
            </if>
            <if test="remark != null">
                remark,
            </if>
            <if test="createdBy != null">
                created_by,
            </if>
            <if test="createdDate != null">
                created_date,
            </if>
            <if test="updatedBy != null">
                updated_by,
            </if>
            <if test="updatedDate != null">
                updated_date,
            </if>
        </trim>
        <trim prefix="values (" suffix=")" suffixOverrides=",">
            <if test="msgFormNo != null">
                #{msgFormNo,jdbcType=VARCHAR},
            </if>
            <if test="userNo != null">
                #{userNo,jdbcType=VARCHAR},
            </if>
            <if test="pushIndex != null">
                #{pushIndex,jdbcType=INTEGER},
            </if>
            <if test="useIndex != null">
                #{useIndex,jdbcType=INTEGER},
            </if>
            <if test="saveIndex != null">
                #{saveIndex,jdbcType=VARCHAR},
            </if>
            <if test="formIdOne != null">
                #{formIdOne,jdbcType=VARCHAR},
            </if>
            <if test="formIdTwo != null">
                #{formIdTwo,jdbcType=VARCHAR},
            </if>
            <if test="formIdThree != null">
                #{formIdThree,jdbcType=VARCHAR},
            </if>
            <if test="formIdFour != null">
                #{formIdFour,jdbcType=VARCHAR},
            </if>
            <if test="formIdFive != null">
                #{formIdFive,jdbcType=VARCHAR},
            </if>
            <if test="status != null">
                #{status,jdbcType=VARCHAR},
            </if>
            <if test="remark != null">
                #{remark,jdbcType=VARCHAR},
            </if>
            <if test="createdBy != null">
                #{createdBy,jdbcType=VARCHAR},
            </if>
            <if test="createdDate != null">
                #{createdDate,jdbcType=TIMESTAMP},
            </if>
            <if test="updatedBy != null">
                #{updatedBy,jdbcType=VARCHAR},
            </if>
            <if test="updatedDate != null">
                #{updatedDate,jdbcType=TIMESTAMP},
            </if>
        </trim>
    </insert>
    <update id="updateByPrimaryKeySelective" parameterType="com.dashuf.dpbs.model.PushMsgForm">
        <!--
          WARNING - @mbg.generated
          This element is automatically generated by MyBatis Generator, do not modify.
        -->
        update push_msg_form
        <set>
            <if test="msgFormNo != null">
                msg_form_no = #{msgFormNo,jdbcType=VARCHAR},
            </if>
            <if test="userNo != null">
                user_no = #{userNo,jdbcType=VARCHAR},
            </if>
            <if test="pushIndex != null">
                push_index = #{pushIndex,jdbcType=INTEGER},
            </if>
            <if test="useIndex != null">
                use_index = #{useIndex,jdbcType=INTEGER},
            </if>
            <if test="saveIndex != null">
                save_index = #{saveIndex,jdbcType=VARCHAR},
            </if>
            <if test="formIdOne != null">
                form_id_one = #{formIdOne,jdbcType=VARCHAR},
            </if>
            <if test="formIdTwo != null">
                form_id_two = #{formIdTwo,jdbcType=VARCHAR},
            </if>
            <if test="formIdThree != null">
                form_id_three = #{formIdThree,jdbcType=VARCHAR},
            </if>
            <if test="formIdFour != null">
                form_id_four = #{formIdFour,jdbcType=VARCHAR},
            </if>
            <if test="formIdFive != null">
                form_id_five = #{formIdFive,jdbcType=VARCHAR},
            </if>
            <if test="status != null">
                status = #{status,jdbcType=VARCHAR},
            </if>
            <if test="remark != null">
                remark = #{remark,jdbcType=VARCHAR},
            </if>
            <if test="createdBy != null">
                created_by = #{createdBy,jdbcType=VARCHAR},
            </if>
            <if test="createdDate != null">
                created_date = #{createdDate,jdbcType=TIMESTAMP},
            </if>
            <if test="updatedBy != null">
                updated_by = #{updatedBy,jdbcType=VARCHAR},
            </if>
            <if test="updatedDate != null">
                updated_date = #{updatedDate,jdbcType=TIMESTAMP},
            </if>
        </set>
        where id = #{id,jdbcType=INTEGER}
    </update>
    <update id="updateByPrimaryKey" parameterType="com.dashuf.dpbs.model.PushMsgForm">
        <!--
          WARNING - @mbg.generated
          This element is automatically generated by MyBatis Generator, do not modify.
        -->
        update push_msg_form
        set msg_form_no = #{msgFormNo,jdbcType=VARCHAR},
        user_no = #{userNo,jdbcType=VARCHAR},
        push_index = #{pushIndex,jdbcType=INTEGER},
        use_index = #{useIndex,jdbcType=INTEGER},
        save_index = #{saveIndex,jdbcType=VARCHAR},
        form_id_one = #{formIdOne,jdbcType=VARCHAR},
        form_id_two = #{formIdTwo,jdbcType=VARCHAR},
        form_id_three = #{formIdThree,jdbcType=VARCHAR},
        form_id_four = #{formIdFour,jdbcType=VARCHAR},
        form_id_five = #{formIdFive,jdbcType=VARCHAR},
        status = #{status,jdbcType=VARCHAR},
        remark = #{remark,jdbcType=VARCHAR},
        created_by = #{createdBy,jdbcType=VARCHAR},
        created_date = #{createdDate,jdbcType=TIMESTAMP},
        updated_by = #{updatedBy,jdbcType=VARCHAR},
        updated_date = #{updatedDate,jdbcType=TIMESTAMP}
        where id = #{id,jdbcType=INTEGER}
    </update>
    <select id="countByModelSelective" parameterType="map" resultType="int">
        <!--
          WARNING - @mbg.generated
          This element is automatically generated by MyBatis Generator, do not modify.
        -->
        select count(*)
        from push_msg_form
        <where>
            <include refid="dynamicModelSql"/>
        </where>
    </select>
    <delete id="deleteByModelSelective" parameterType="map">
        <!--
          WARNING - @mbg.generated
          This element is automatically generated by MyBatis Generator, do not modify.
        -->
        delete from push_msg_form
        <where>
            <include refid="dynamicModelSql"/>
        </where>
    </delete>
    <update id="updateByModelSelective" parameterType="map">
        <!--
          WARNING - @mbg.generated
          This element is automatically generated by MyBatis Generator, do not modify.
        -->
        update push_msg_form
        <set>
            <if test="model.id != null">
                id = #{model.id, jdbcType=INTEGER},
            </if>
            <if test="model.msgFormNo != null">
                msg_form_no = #{model.msgFormNo, jdbcType=VARCHAR},
            </if>
            <if test="model.userNo != null">
                user_no = #{model.userNo, jdbcType=VARCHAR},
            </if>
            <if test="model.pushIndex != null">
                push_index = #{model.pushIndex, jdbcType=INTEGER},
            </if>
            <if test="model.useIndex != null">
                use_index = #{model.useIndex, jdbcType=INTEGER},
            </if>
            <if test="model.saveIndex != null">
                save_index = #{model.saveIndex, jdbcType=VARCHAR},
            </if>
            <if test="model.formIdOne != null">
                form_id_one = #{model.formIdOne, jdbcType=VARCHAR},
            </if>
            <if test="model.formIdTwo != null">
                form_id_two = #{model.formIdTwo, jdbcType=VARCHAR},
            </if>
            <if test="model.formIdThree != null">
                form_id_three = #{model.formIdThree, jdbcType=VARCHAR},
            </if>
            <if test="model.formIdFour != null">
                form_id_four = #{model.formIdFour, jdbcType=VARCHAR},
            </if>
            <if test="model.formIdFive != null">
                form_id_five = #{model.formIdFive, jdbcType=VARCHAR},
            </if>
            <if test="model.status != null">
                status = #{model.status, jdbcType=VARCHAR},
            </if>
            <if test="model.remark != null">
                remark = #{model.remark, jdbcType=VARCHAR},
            </if>
            <if test="model.createdBy != null">
                created_by = #{model.createdBy, jdbcType=VARCHAR},
            </if>
            <if test="model.createdDate != null">
                created_date = #{model.createdDate, jdbcType=TIMESTAMP},
            </if>
            <if test="model.updatedBy != null">
                updated_by = #{model.updatedBy, jdbcType=VARCHAR},
            </if>
            <if test="model.updatedDate != null">
                updated_date = #{model.updatedDate, jdbcType=TIMESTAMP},
            </if>
        </set>
        <where>
            <include refid="dynamicModelSql"/>
        </where>
    </update>
    <sql id="dynamicModelSql">
        <!--
          WARNING - @mbg.generated
          This element is automatically generated by MyBatis Generator, do not modify.
        -->
        <if test="cond != null">
            <if test="cond.id != null">
                and id = #{cond.id, jdbcType=INTEGER}
            </if>
            <if test="cond.msgFormNo != null and cond.msgFormNo != ''">
                and msg_form_no
                <if test="!strict">like concat('%',</if>
                <if test="strict">=</if>#{cond.msgFormNo, jdbcType=VARCHAR}
                <if test="!strict">, '%')</if>
            </if>
            <if test="cond.userNo != null and cond.userNo != ''">
                and user_no
                <if test="!strict">like concat('%',</if>
                <if test="strict">=</if>#{cond.userNo, jdbcType=VARCHAR}
                <if test="!strict">, '%')</if>
            </if>
            <if test="cond.openId != null and cond.openId != ''">
                and open_id
                <if test="!strict">like concat('%',</if>
                <if test="strict">=</if>#{cond.openId, jdbcType=VARCHAR}
                <if test="!strict">, '%')</if>
            </if>
            <if test="cond.pushIndex != null">
                and push_index = #{cond.pushIndex, jdbcType=INTEGER}
            </if>
            <if test="cond.useIndex != null">
                and use_index
                <if test="!strict">like concat('%',</if>
                <if test="strict">=</if>#{cond.useIndex, jdbcType=INTEGER}
                <if test="!strict">, '%')</if>
            </if>
            <if test="cond.saveIndex != null and cond.saveIndex != ''">
                and save_index
                <if test="!strict">like concat('%',</if>
                <if test="strict">=</if>#{cond.saveIndex, jdbcType=VARCHAR}
                <if test="!strict">, '%')</if>
            </if>
            <if test="cond.formIdOne != null and cond.formIdOne != ''">
                and form_id_one
                <if test="!strict">like concat('%',</if>
                <if test="strict">=</if>#{cond.formIdOne, jdbcType=VARCHAR}
                <if test="!strict">, '%')</if>
            </if>
            <if test="cond.formIdTwo != null and cond.formIdTwo != ''">
                and form_id_two
                <if test="!strict">like concat('%',</if>
                <if test="strict">=</if>#{cond.formIdTwo, jdbcType=VARCHAR}
                <if test="!strict">, '%')</if>
            </if>
            <if test="cond.formIdThree != null and cond.formIdThree != ''">
                and form_id_three
                <if test="!strict">like concat('%',</if>
                <if test="strict">=</if>#{cond.formIdThree, jdbcType=VARCHAR}
                <if test="!strict">, '%')</if>
            </if>
            <if test="cond.formIdFour != null and cond.formIdFour != ''">
                and form_id_four
                <if test="!strict">like concat('%',</if>
                <if test="strict">=</if>#{cond.formIdFour, jdbcType=VARCHAR}
                <if test="!strict">, '%')</if>
            </if>
            <if test="cond.formIdFive != null and cond.formIdFive != ''">
                and form_id_five
                <if test="!strict">like concat('%',</if>
                <if test="strict">=</if>#{cond.formIdFive, jdbcType=VARCHAR}
                <if test="!strict">, '%')</if>
            </if>
            <if test="cond.status != null and cond.status != ''">
                and status
                <if test="!strict">like concat('%',</if>
                <if test="strict">=</if>#{cond.status, jdbcType=VARCHAR}
                <if test="!strict">, '%')</if>
            </if>
            <if test="cond.remark != null and cond.remark != ''">
                and remark
                <if test="!strict">like concat('%',</if>
                <if test="strict">=</if>#{cond.remark, jdbcType=VARCHAR}
                <if test="!strict">, '%')</if>
            </if>
            <if test="cond.createdBy != null and cond.createdBy != ''">
                and created_by
                <if test="!strict">like concat('%',</if>
                <if test="strict">=</if>#{cond.createdBy, jdbcType=VARCHAR}
                <if test="!strict">, '%')</if>
            </if>
            <if test="cond.createdDate != null">
                and created_date = #{cond.createdDate, jdbcType=TIMESTAMP}
            </if>
            <if test="cond.updatedBy != null and cond.updatedBy != ''">
                and updated_by
                <if test="!strict">like concat('%',</if>
                <if test="strict">=</if>#{cond.updatedBy, jdbcType=VARCHAR}
                <if test="!strict">, '%')</if>
            </if>
            <if test="cond.updatedDate != null">
                and updated_date = #{cond.updatedDate, jdbcType=TIMESTAMP}
            </if>
        </if>
    </sql>
    <sql id="Base_Column_List_Prefix">
        <!--
          WARNING - @mbg.generated
          This element is automatically generated by MyBatis Generator, do not modify.
        -->
        my.id,my.msg_form_no,my.user_no,my.push_index,my.use_index,my.save_index,my.form_id_one,my.form_id_two,my.form_id_three,my.form_id_four,my.form_id_five,my.status,my.remark,my.created_by,my.created_date,my.updated_by,my.updated_date
    </sql>
    <select id="selectByModelSelective" parameterType="map" resultMap="BaseResultMap">
        <!--
          WARNING - @mbg.generated
          This element is automatically generated by MyBatis Generator, do not modify.
        -->
        select
        <include refid="Base_Column_List"/>
        from push_msg_form
        <where>
            <include refid="dynamicModelSql"/>
        </where>
    </select>
    <insert id="insertBatchSelective" parameterType="java.util.List">
        <!--
          WARNING - @mbg.generated
          This element is automatically generated by MyBatis Generator, do not modify.
        -->
        insert into push_msg_form
        <trim prefix="(" suffix=")" suffixOverrides=",">
            <if test="list[0].id!=null">
                id,
            </if>
            <if test="list[0].msgFormNo!=null">
                msg_form_no,
            </if>
            <if test="list[0].userNo!=null">
                user_no,
            </if>
            <if test="list[0].pushIndex!=null">
                push_index,
            </if>
            <if test="list[0].useIndex!=null">
                use_index,
            </if>
            <if test="list[0].saveIndex!=null">
                save_index,
            </if>
            <if test="list[0].formIdOne!=null">
                form_id_one,
            </if>
            <if test="list[0].formIdTwo!=null">
                form_id_two,
            </if>
            <if test="list[0].formIdThree!=null">
                form_id_three,
            </if>
            <if test="list[0].formIdFour!=null">
                form_id_four,
            </if>
            <if test="list[0].formIdFive!=null">
                form_id_five,
            </if>
            <if test="list[0].status!=null">
                status,
            </if>
            <if test="list[0].remark!=null">
                remark,
            </if>
            <if test="list[0].createdBy!=null">
                created_by,
            </if>
            <if test="list[0].createdDate!=null">
                created_date,
            </if>
            <if test="list[0].updatedBy!=null">
                updated_by,
            </if>
            <if test="list[0].updatedDate!=null">
                updated_date,
            </if>
        </trim>
        values
        <foreach collection="list" index="index" item="item" separator=",">
            <trim prefix=" (" suffix=")" suffixOverrides=",">
                <if test="item.id!=null">
                    #{item.id,jdbcType=INTEGER},
                </if>
                <if test="item.msgFormNo!=null">
                    #{item.msgFormNo,jdbcType=VARCHAR},
                </if>
                <if test="item.userNo!=null">
                    #{item.userNo,jdbcType=VARCHAR},
                </if>
                <if test="item.pushIndex!=null">
                    #{item.pushIndex,jdbcType=INTEGER},
                </if>
                <if test="item.useIndex!=null">
                    #{item.useIndex,jdbcType=INTEGER},
                </if>
                <if test="item.saveIndex!=null">
                    #{item.saveIndex,jdbcType=VARCHAR},
                </if>
                <if test="item.formIdOne!=null">
                    #{item.formIdOne,jdbcType=VARCHAR},
                </if>
                <if test="item.formIdTwo!=null">
                    #{item.formIdTwo,jdbcType=VARCHAR},
                </if>
                <if test="item.formIdThree!=null">
                    #{item.formIdThree,jdbcType=VARCHAR},
                </if>
                <if test="item.formIdFour!=null">
                    #{item.formIdFour,jdbcType=VARCHAR},
                </if>
                <if test="item.formIdFive!=null">
                    #{item.formIdFive,jdbcType=VARCHAR},
                </if>
                <if test="item.status!=null">
                    #{item.status,jdbcType=VARCHAR},
                </if>
                <if test="item.remark!=null">
                    #{item.remark,jdbcType=VARCHAR},
                </if>
                <if test="item.createdBy!=null">
                    #{item.createdBy,jdbcType=VARCHAR},
                </if>
                <if test="item.createdDate!=null">
                    #{item.createdDate,jdbcType=TIMESTAMP},
                </if>
                <if test="item.updatedBy!=null">
                    #{item.updatedBy,jdbcType=VARCHAR},
                </if>
                <if test="item.updatedDate!=null">
                    #{item.updatedDate,jdbcType=TIMESTAMP},
                </if>
            </trim>
        </foreach>
    </insert>
    <select id="selectOneByModelSelective" parameterType="map" resultMap="BaseResultMap">
        <!--
          WARNING - @mbg.generated
          This element is automatically generated by MyBatis Generator, do not modify.
        -->
        select
        <include refid="Base_Column_List"/>
        from push_msg_form
        <where>
            <include refid="dynamicModelSql"/>
        </where>
        limit 1
    </select>

    <update id="updatePushMsgForm" parameterType="com.dashuf.dpbs.model.PushMsgForm">
        update push_msg_form
        <trim prefix="set" suffixOverrides=",">
            <if test="formIdOne != null">
                form_id_one = #{formIdOne, jdbcType=VARCHAR},
            </if>
            <if test="formIdTwo != null">
                form_id_two = #{formIdTwo, jdbcType=VARCHAR},
            </if>
            <if test="formIdThree != null">
                form_id_three = #{formIdThree, jdbcType=VARCHAR},
            </if>
            <if test="formIdFour != null">
                form_id_four = #{formIdFour, jdbcType=VARCHAR},
            </if>
            <if test="formIdFive != null">
                form_id_five = #{formIdFive, jdbcType=VARCHAR},
            </if>
            <if test="useIndex != null">
                use_index = #{useIndex, jdbcType=INTEGER},
            </if>
            <if test="pushIndex != null">
                push_index = #{pushIndex, jdbcType=INTEGER}
            </if>
        </trim>
        where msg_form_no = #{msgFormNo, jdbcType=VARCHAR}
        and user_no = #{userNo, jdbcType=VARCHAR}
        and status = 'normal'
    </update>
</mapper>