<?xml version="1.0" encoding="UTF-8"?>
<!DOCTYPE mapper PUBLIC "-//mybatis.org//DTD Mapper 3.0//EN" "http://mybatis.org/dtd/mybatis-3-mapper.dtd">
<mapper namespace="com.dashuf.dpbs.mapper.PushOrderLogMapper">
    <resultMap id="BaseResultMap" type="com.dashuf.dpbs.model.PushOrderLog">
        <!--
          WARNING - @mbg.generated
          This element is automatically generated by MyBatis Generator, do not modify.
        -->
        <id column="id" jdbcType="INTEGER" property="id"/>
        <result column="push_order_no" jdbcType="VARCHAR" property="pushOrderNo"/>
        <result column="user_no" jdbcType="VARCHAR" property="userNo"/>
        <result column="client_no" jdbcType="VARCHAR" property="clientNo"/>
        <result column="cert_no" jdbcType="VARCHAR" property="certNo"/>
        <result column="movie_no" jdbcType="VARCHAR" property="movieNo"/>
        <result column="info_entry_no" jdbcType="VARCHAR" property="infoEntryNo"/>
        <result column="if_insurance" jdbcType="VARCHAR" property="ifInsurance"/>
        <result column="if_credit_supply" jdbcType="VARCHAR" property="ifCreditSupply"/>
        <result column="if_house" jdbcType="VARCHAR" property="ifHouse"/>
        <result column="credit_sign_result" jdbcType="VARCHAR" property="creditSignResult"/>
        <result column="credit_auth_code" jdbcType="VARCHAR" property="creditAuthCode"/>
        <result column="credit_auth_result" jdbcType="VARCHAR" property="creditAuthResult"/>
        <result column="rtn_code" jdbcType="VARCHAR" property="rtnCode"/>
        <result column="rtn_msg" jdbcType="VARCHAR" property="rtnMsg"/>
        <result column="push_start_time" jdbcType="TIMESTAMP" property="pushStartTime"/>
        <result column="push_end_time" jdbcType="TIMESTAMP" property="pushEndTime"/>
        <result column="ds001_result" jdbcType="VARCHAR" property="ds001Result"/>
        <result column="ds002_result" jdbcType="VARCHAR" property="ds002Result"/>
        <result column="eval_start_time" jdbcType="TIMESTAMP" property="evalStartTime"/>
        <result column="eval_end_time" jdbcType="TIMESTAMP" property="evalEndTime"/>
        <result column="eval_loan_amt" jdbcType="DECIMAL" property="evalLoanAmt"/>
        <result column="eval_pay_month_amt" jdbcType="DECIMAL" property="evalPayMonthAmt"/>
        <result column="eval_expire_time" jdbcType="TIMESTAMP" property="evalExpireTime"/>
        <result column="push_client_time" jdbcType="TIMESTAMP" property="pushClientTime"/>
        <result column="push_status" jdbcType="VARCHAR" property="pushStatus"/>
        <result column="approval_time" jdbcType="TIMESTAMP" property="approvalTime"/>
        <result column="loan_pay_amt" jdbcType="DECIMAL" property="loanPayAmt"/>
        <result column="application_id" jdbcType="VARCHAR" property="applicationId"/>
        <result column="created_by" jdbcType="VARCHAR" property="createdBy"/>
        <result column="created_date" jdbcType="TIMESTAMP" property="createdDate"/>
        <result column="updated_by" jdbcType="VARCHAR" property="updatedBy"/>
        <result column="updated_date" jdbcType="TIMESTAMP" property="updatedDate"/>
    </resultMap>
    <sql id="Base_Column_List">
        <!--
          WARNING - @mbg.generated
          This element is automatically generated by MyBatis Generator, do not modify.
        -->
        id, push_order_no, user_no, client_no, cert_no, movie_no, info_entry_no, if_insurance,
        if_credit_supply, if_house, credit_sign_result, credit_auth_code, credit_auth_result,
        rtn_code, rtn_msg, push_start_time, push_end_time, ds001_result, ds002_result, eval_start_time,
        eval_end_time, eval_loan_amt, eval_pay_month_amt, eval_expire_time, push_client_time,
        push_status, approval_time, loan_pay_amt, application_id, created_by, created_date,
        updated_by, updated_date
    </sql>
    <select id="selectByPrimaryKey" parameterType="java.lang.Integer" resultMap="BaseResultMap">
        <!--
          WARNING - @mbg.generated
          This element is automatically generated by MyBatis Generator, do not modify.
        -->
        select
        <include refid="Base_Column_List"/>
        from push_order_log
        where id = #{id,jdbcType=INTEGER}
    </select>
    <delete id="deleteByPrimaryKey" parameterType="java.lang.Integer">
        <!--
          WARNING - @mbg.generated
          This element is automatically generated by MyBatis Generator, do not modify.
        -->
        delete from push_order_log
        where id = #{id,jdbcType=INTEGER}
    </delete>
    <insert id="insert" parameterType="com.dashuf.dpbs.model.PushOrderLog">
        <!--
          WARNING - @mbg.generated
          This element is automatically generated by MyBatis Generator, do not modify.
        -->
        <selectKey keyProperty="id" order="AFTER" resultType="java.lang.Integer">
            SELECT LAST_INSERT_ID()
        </selectKey>
        insert into push_order_log (push_order_no, user_no, client_no,
        cert_no, movie_no, info_entry_no,
        if_insurance, if_credit_supply, if_house,
        credit_sign_result, credit_auth_code, credit_auth_result,
        rtn_code, rtn_msg, push_start_time,
        push_end_time, ds001_result, ds002_result,
        eval_start_time, eval_end_time, eval_loan_amt,
        eval_pay_month_amt, eval_expire_time, push_client_time,
        push_status, approval_time, loan_pay_amt,
        application_id, created_by, created_date,
        updated_by, updated_date)
        values (#{pushOrderNo,jdbcType=VARCHAR}, #{userNo,jdbcType=VARCHAR}, #{clientNo,jdbcType=VARCHAR},
        #{certNo,jdbcType=VARCHAR}, #{movieNo,jdbcType=VARCHAR}, #{infoEntryNo,jdbcType=VARCHAR},
        #{ifInsurance,jdbcType=VARCHAR}, #{ifCreditSupply,jdbcType=VARCHAR}, #{ifHouse,jdbcType=VARCHAR},
        #{creditSignResult,jdbcType=VARCHAR}, #{creditAuthCode,jdbcType=VARCHAR}, #{creditAuthResult,jdbcType=VARCHAR},
        #{rtnCode,jdbcType=VARCHAR}, #{rtnMsg,jdbcType=VARCHAR}, #{pushStartTime,jdbcType=TIMESTAMP},
        #{pushEndTime,jdbcType=TIMESTAMP}, #{ds001Result,jdbcType=VARCHAR}, #{ds002Result,jdbcType=VARCHAR},
        #{evalStartTime,jdbcType=TIMESTAMP}, #{evalEndTime,jdbcType=TIMESTAMP}, #{evalLoanAmt,jdbcType=DECIMAL},
        #{evalPayMonthAmt,jdbcType=DECIMAL}, #{evalExpireTime,jdbcType=TIMESTAMP}, #{pushClientTime,jdbcType=TIMESTAMP},
        #{pushStatus,jdbcType=VARCHAR}, #{approvalTime,jdbcType=TIMESTAMP}, #{loanPayAmt,jdbcType=DECIMAL},
        #{applicationId,jdbcType=VARCHAR}, #{createdBy,jdbcType=VARCHAR}, #{createdDate,jdbcType=TIMESTAMP},
        #{updatedBy,jdbcType=VARCHAR}, #{updatedDate,jdbcType=TIMESTAMP})
    </insert>
    <insert id="insertSelective" parameterType="com.dashuf.dpbs.model.PushOrderLog">
        <!--
          WARNING - @mbg.generated
          This element is automatically generated by MyBatis Generator, do not modify.
        -->
        <selectKey keyProperty="id" order="AFTER" resultType="java.lang.Integer">
            SELECT LAST_INSERT_ID()
        </selectKey>
        insert into push_order_log
        <trim prefix="(" suffix=")" suffixOverrides=",">
            <if test="pushOrderNo != null">
                push_order_no,
            </if>
            <if test="userNo != null">
                user_no,
            </if>
            <if test="clientNo != null">
                client_no,
            </if>
            <if test="certNo != null">
                cert_no,
            </if>
            <if test="movieNo != null">
                movie_no,
            </if>
            <if test="infoEntryNo != null">
                info_entry_no,
            </if>
            <if test="ifInsurance != null">
                if_insurance,
            </if>
            <if test="ifCreditSupply != null">
                if_credit_supply,
            </if>
            <if test="ifHouse != null">
                if_house,
            </if>
            <if test="creditSignResult != null">
                credit_sign_result,
            </if>
            <if test="creditAuthCode != null">
                credit_auth_code,
            </if>
            <if test="creditAuthResult != null">
                credit_auth_result,
            </if>
            <if test="rtnCode != null">
                rtn_code,
            </if>
            <if test="rtnMsg != null">
                rtn_msg,
            </if>
            <if test="pushStartTime != null">
                push_start_time,
            </if>
            <if test="pushEndTime != null">
                push_end_time,
            </if>
            <if test="ds001Result != null">
                ds001_result,
            </if>
            <if test="ds002Result != null">
                ds002_result,
            </if>
            <if test="evalStartTime != null">
                eval_start_time,
            </if>
            <if test="evalEndTime != null">
                eval_end_time,
            </if>
            <if test="evalLoanAmt != null">
                eval_loan_amt,
            </if>
            <if test="evalPayMonthAmt != null">
                eval_pay_month_amt,
            </if>
            <if test="evalExpireTime != null">
                eval_expire_time,
            </if>
            <if test="pushClientTime != null">
                push_client_time,
            </if>
            <if test="pushStatus != null">
                push_status,
            </if>
            <if test="approvalTime != null">
                approval_time,
            </if>
            <if test="loanPayAmt != null">
                loan_pay_amt,
            </if>
            <if test="applicationId != null">
                application_id,
            </if>
            <if test="createdBy != null">
                created_by,
            </if>
            <if test="createdDate != null">
                created_date,
            </if>
            <if test="updatedBy != null">
                updated_by,
            </if>
            <if test="updatedDate != null">
                updated_date,
            </if>
        </trim>
        <trim prefix="values (" suffix=")" suffixOverrides=",">
            <if test="pushOrderNo != null">
                #{pushOrderNo,jdbcType=VARCHAR},
            </if>
            <if test="userNo != null">
                #{userNo,jdbcType=VARCHAR},
            </if>
            <if test="clientNo != null">
                #{clientNo,jdbcType=VARCHAR},
            </if>
            <if test="certNo != null">
                #{certNo,jdbcType=VARCHAR},
            </if>
            <if test="movieNo != null">
                #{movieNo,jdbcType=VARCHAR},
            </if>
            <if test="infoEntryNo != null">
                #{infoEntryNo,jdbcType=VARCHAR},
            </if>
            <if test="ifInsurance != null">
                #{ifInsurance,jdbcType=VARCHAR},
            </if>
            <if test="ifCreditSupply != null">
                #{ifCreditSupply,jdbcType=VARCHAR},
            </if>
            <if test="ifHouse != null">
                #{ifHouse,jdbcType=VARCHAR},
            </if>
            <if test="creditSignResult != null">
                #{creditSignResult,jdbcType=VARCHAR},
            </if>
            <if test="creditAuthCode != null">
                #{creditAuthCode,jdbcType=VARCHAR},
            </if>
            <if test="creditAuthResult != null">
                #{creditAuthResult,jdbcType=VARCHAR},
            </if>
            <if test="rtnCode != null">
                #{rtnCode,jdbcType=VARCHAR},
            </if>
            <if test="rtnMsg != null">
                #{rtnMsg,jdbcType=VARCHAR},
            </if>
            <if test="pushStartTime != null">
                #{pushStartTime,jdbcType=TIMESTAMP},
            </if>
            <if test="pushEndTime != null">
                #{pushEndTime,jdbcType=TIMESTAMP},
            </if>
            <if test="ds001Result != null">
                #{ds001Result,jdbcType=VARCHAR},
            </if>
            <if test="ds002Result != null">
                #{ds002Result,jdbcType=VARCHAR},
            </if>
            <if test="evalStartTime != null">
                #{evalStartTime,jdbcType=TIMESTAMP},
            </if>
            <if test="evalEndTime != null">
                #{evalEndTime,jdbcType=TIMESTAMP},
            </if>
            <if test="evalLoanAmt != null">
                #{evalLoanAmt,jdbcType=DECIMAL},
            </if>
            <if test="evalPayMonthAmt != null">
                #{evalPayMonthAmt,jdbcType=DECIMAL},
            </if>
            <if test="evalExpireTime != null">
                #{evalExpireTime,jdbcType=TIMESTAMP},
            </if>
            <if test="pushClientTime != null">
                #{pushClientTime,jdbcType=TIMESTAMP},
            </if>
            <if test="pushStatus != null">
                #{pushStatus,jdbcType=VARCHAR},
            </if>
            <if test="approvalTime != null">
                #{approvalTime,jdbcType=TIMESTAMP},
            </if>
            <if test="loanPayAmt != null">
                #{loanPayAmt,jdbcType=DECIMAL},
            </if>
            <if test="applicationId != null">
                #{applicationId,jdbcType=VARCHAR},
            </if>
            <if test="createdBy != null">
                #{createdBy,jdbcType=VARCHAR},
            </if>
            <if test="createdDate != null">
                #{createdDate,jdbcType=TIMESTAMP},
            </if>
            <if test="updatedBy != null">
                #{updatedBy,jdbcType=VARCHAR},
            </if>
            <if test="updatedDate != null">
                #{updatedDate,jdbcType=TIMESTAMP},
            </if>
        </trim>
    </insert>
    <update id="updateByPrimaryKeySelective" parameterType="com.dashuf.dpbs.model.PushOrderLog">
        <!--
          WARNING - @mbg.generated
          This element is automatically generated by MyBatis Generator, do not modify.
        -->
        update push_order_log
        <set>
            <if test="pushOrderNo != null">
                push_order_no = #{pushOrderNo,jdbcType=VARCHAR},
            </if>
            <if test="userNo != null">
                user_no = #{userNo,jdbcType=VARCHAR},
            </if>
            <if test="clientNo != null">
                client_no = #{clientNo,jdbcType=VARCHAR},
            </if>
            <if test="certNo != null">
                cert_no = #{certNo,jdbcType=VARCHAR},
            </if>
            <if test="movieNo != null">
                movie_no = #{movieNo,jdbcType=VARCHAR},
            </if>
            <if test="infoEntryNo != null">
                info_entry_no = #{infoEntryNo,jdbcType=VARCHAR},
            </if>
            <if test="ifInsurance != null">
                if_insurance = #{ifInsurance,jdbcType=VARCHAR},
            </if>
            <if test="ifCreditSupply != null">
                if_credit_supply = #{ifCreditSupply,jdbcType=VARCHAR},
            </if>
            <if test="ifHouse != null">
                if_house = #{ifHouse,jdbcType=VARCHAR},
            </if>
            <if test="creditSignResult != null">
                credit_sign_result = #{creditSignResult,jdbcType=VARCHAR},
            </if>
            <if test="creditAuthCode != null">
                credit_auth_code = #{creditAuthCode,jdbcType=VARCHAR},
            </if>
            <if test="creditAuthResult != null">
                credit_auth_result = #{creditAuthResult,jdbcType=VARCHAR},
            </if>
            <if test="rtnCode != null">
                rtn_code = #{rtnCode,jdbcType=VARCHAR},
            </if>
            <if test="rtnMsg != null">
                rtn_msg = #{rtnMsg,jdbcType=VARCHAR},
            </if>
            <if test="pushStartTime != null">
                push_start_time = #{pushStartTime,jdbcType=TIMESTAMP},
            </if>
            <if test="pushEndTime != null">
                push_end_time = #{pushEndTime,jdbcType=TIMESTAMP},
            </if>
            <if test="ds001Result != null">
                ds001_result = #{ds001Result,jdbcType=VARCHAR},
            </if>
            <if test="ds002Result != null">
                ds002_result = #{ds002Result,jdbcType=VARCHAR},
            </if>
            <if test="evalStartTime != null">
                eval_start_time = #{evalStartTime,jdbcType=TIMESTAMP},
            </if>
            <if test="evalEndTime != null">
                eval_end_time = #{evalEndTime,jdbcType=TIMESTAMP},
            </if>
            <if test="evalLoanAmt != null">
                eval_loan_amt = #{evalLoanAmt,jdbcType=DECIMAL},
            </if>
            <if test="evalPayMonthAmt != null">
                eval_pay_month_amt = #{evalPayMonthAmt,jdbcType=DECIMAL},
            </if>
            <if test="evalExpireTime != null">
                eval_expire_time = #{evalExpireTime,jdbcType=TIMESTAMP},
            </if>
            <if test="pushClientTime != null">
                push_client_time = #{pushClientTime,jdbcType=TIMESTAMP},
            </if>
            <if test="pushStatus != null">
                push_status = #{pushStatus,jdbcType=VARCHAR},
            </if>
            <if test="approvalTime != null">
                approval_time = #{approvalTime,jdbcType=TIMESTAMP},
            </if>
            <if test="loanPayAmt != null">
                loan_pay_amt = #{loanPayAmt,jdbcType=DECIMAL},
            </if>
            <if test="applicationId != null">
                application_id = #{applicationId,jdbcType=VARCHAR},
            </if>
            <if test="createdBy != null">
                created_by = #{createdBy,jdbcType=VARCHAR},
            </if>
            <if test="createdDate != null">
                created_date = #{createdDate,jdbcType=TIMESTAMP},
            </if>
            <if test="updatedBy != null">
                updated_by = #{updatedBy,jdbcType=VARCHAR},
            </if>
            <if test="updatedDate != null">
                updated_date = #{updatedDate,jdbcType=TIMESTAMP},
            </if>
        </set>
        where id = #{id,jdbcType=INTEGER}
    </update>
    <update id="updateByPrimaryKey" parameterType="com.dashuf.dpbs.model.PushOrderLog">
        <!--
          WARNING - @mbg.generated
          This element is automatically generated by MyBatis Generator, do not modify.
        -->
        update push_order_log
        set push_order_no = #{pushOrderNo,jdbcType=VARCHAR},
        user_no = #{userNo,jdbcType=VARCHAR},
        client_no = #{clientNo,jdbcType=VARCHAR},
        cert_no = #{certNo,jdbcType=VARCHAR},
        movie_no = #{movieNo,jdbcType=VARCHAR},
        info_entry_no = #{infoEntryNo,jdbcType=VARCHAR},
        if_insurance = #{ifInsurance,jdbcType=VARCHAR},
        if_credit_supply = #{ifCreditSupply,jdbcType=VARCHAR},
        if_house = #{ifHouse,jdbcType=VARCHAR},
        credit_sign_result = #{creditSignResult,jdbcType=VARCHAR},
        credit_auth_code = #{creditAuthCode,jdbcType=VARCHAR},
        credit_auth_result = #{creditAuthResult,jdbcType=VARCHAR},
        rtn_code = #{rtnCode,jdbcType=VARCHAR},
        rtn_msg = #{rtnMsg,jdbcType=VARCHAR},
        push_start_time = #{pushStartTime,jdbcType=TIMESTAMP},
        push_end_time = #{pushEndTime,jdbcType=TIMESTAMP},
        ds001_result = #{ds001Result,jdbcType=VARCHAR},
        ds002_result = #{ds002Result,jdbcType=VARCHAR},
        eval_start_time = #{evalStartTime,jdbcType=TIMESTAMP},
        eval_end_time = #{evalEndTime,jdbcType=TIMESTAMP},
        eval_loan_amt = #{evalLoanAmt,jdbcType=DECIMAL},
        eval_pay_month_amt = #{evalPayMonthAmt,jdbcType=DECIMAL},
        eval_expire_time = #{evalExpireTime,jdbcType=TIMESTAMP},
        push_client_time = #{pushClientTime,jdbcType=TIMESTAMP},
        push_status = #{pushStatus,jdbcType=VARCHAR},
        approval_time = #{approvalTime,jdbcType=TIMESTAMP},
        loan_pay_amt = #{loanPayAmt,jdbcType=DECIMAL},
        application_id = #{applicationId,jdbcType=VARCHAR},
        created_by = #{createdBy,jdbcType=VARCHAR},
        created_date = #{createdDate,jdbcType=TIMESTAMP},
        updated_by = #{updatedBy,jdbcType=VARCHAR},
        updated_date = #{updatedDate,jdbcType=TIMESTAMP}
        where id = #{id,jdbcType=INTEGER}
    </update>
    <select id="countByModelSelective" parameterType="map" resultType="int">
        <!--
          WARNING - @mbg.generated
          This element is automatically generated by MyBatis Generator, do not modify.
        -->
        select count(*)
        from push_order_log
        <where>
            <include refid="dynamicModelSql"/>
        </where>
    </select>
    <delete id="deleteByModelSelective" parameterType="map">
        <!--
          WARNING - @mbg.generated
          This element is automatically generated by MyBatis Generator, do not modify.
        -->
        delete from push_order_log
        <where>
            <include refid="dynamicModelSql"/>
        </where>
    </delete>
    <update id="updateByModelSelective" parameterType="map">
        <!--
          WARNING - @mbg.generated
          This element is automatically generated by MyBatis Generator, do not modify.
        -->
        update push_order_log
        <set>
            <if test="model.id != null">
                id = #{model.id, jdbcType=INTEGER},
            </if>
            <if test="model.pushOrderNo != null">
                push_order_no = #{model.pushOrderNo, jdbcType=VARCHAR},
            </if>
            <if test="model.userNo != null">
                user_no = #{model.userNo, jdbcType=VARCHAR},
            </if>
            <if test="model.clientNo != null">
                client_no = #{model.clientNo, jdbcType=VARCHAR},
            </if>
            <if test="model.certNo != null">
                cert_no = #{model.certNo, jdbcType=VARCHAR},
            </if>
            <if test="model.movieNo != null">
                movie_no = #{model.movieNo, jdbcType=VARCHAR},
            </if>
            <if test="model.infoEntryNo != null">
                info_entry_no = #{model.infoEntryNo, jdbcType=VARCHAR},
            </if>
            <if test="model.ifInsurance != null">
                if_insurance = #{model.ifInsurance, jdbcType=VARCHAR},
            </if>
            <if test="model.ifCreditSupply != null">
                if_credit_supply = #{model.ifCreditSupply, jdbcType=VARCHAR},
            </if>
            <if test="model.ifHouse != null">
                if_house = #{model.ifHouse, jdbcType=VARCHAR},
            </if>
            <if test="model.creditSignResult != null">
                credit_sign_result = #{model.creditSignResult, jdbcType=VARCHAR},
            </if>
            <if test="model.creditAuthCode != null">
                credit_auth_code = #{model.creditAuthCode, jdbcType=VARCHAR},
            </if>
            <if test="model.creditAuthResult != null">
                credit_auth_result = #{model.creditAuthResult, jdbcType=VARCHAR},
            </if>
            <if test="model.rtnCode != null">
                rtn_code = #{model.rtnCode, jdbcType=VARCHAR},
            </if>
            <if test="model.rtnMsg != null">
                rtn_msg = #{model.rtnMsg, jdbcType=VARCHAR},
            </if>
            <if test="model.pushStartTime != null">
                push_start_time = #{model.pushStartTime, jdbcType=TIMESTAMP},
            </if>
            <if test="model.pushEndTime != null">
                push_end_time = #{model.pushEndTime, jdbcType=TIMESTAMP},
            </if>
            <if test="model.ds001Result != null">
                ds001_result = #{model.ds001Result, jdbcType=VARCHAR},
            </if>
            <if test="model.ds002Result != null">
                ds002_result = #{model.ds002Result, jdbcType=VARCHAR},
            </if>
            <if test="model.evalStartTime != null">
                eval_start_time = #{model.evalStartTime, jdbcType=TIMESTAMP},
            </if>
            <if test="model.evalEndTime != null">
                eval_end_time = #{model.evalEndTime, jdbcType=TIMESTAMP},
            </if>
            <if test="model.evalLoanAmt != null">
                eval_loan_amt = #{model.evalLoanAmt, jdbcType=DECIMAL},
            </if>
            <if test="model.evalPayMonthAmt != null">
                eval_pay_month_amt = #{model.evalPayMonthAmt, jdbcType=DECIMAL},
            </if>
            <if test="model.evalExpireTime != null">
                eval_expire_time = #{model.evalExpireTime, jdbcType=TIMESTAMP},
            </if>
            <if test="model.pushClientTime != null">
                push_client_time = #{model.pushClientTime, jdbcType=TIMESTAMP},
            </if>
            <if test="model.pushStatus != null">
                push_status = #{model.pushStatus, jdbcType=VARCHAR},
            </if>
            <if test="model.approvalTime != null">
                approval_time = #{model.approvalTime, jdbcType=TIMESTAMP},
            </if>
            <if test="model.loanPayAmt != null">
                loan_pay_amt = #{model.loanPayAmt, jdbcType=DECIMAL},
            </if>
            <if test="model.applicationId != null">
                application_id = #{model.applicationId, jdbcType=VARCHAR},
            </if>
            <if test="model.createdBy != null">
                created_by = #{model.createdBy, jdbcType=VARCHAR},
            </if>
            <if test="model.createdDate != null">
                created_date = #{model.createdDate, jdbcType=TIMESTAMP},
            </if>
            <if test="model.updatedBy != null">
                updated_by = #{model.updatedBy, jdbcType=VARCHAR},
            </if>
            <if test="model.updatedDate != null">
                updated_date = #{model.updatedDate, jdbcType=TIMESTAMP},
            </if>
        </set>
        <where>
            <include refid="dynamicModelSql"/>
        </where>
    </update>
    <sql id="dynamicModelSql">
        <!--
          WARNING - @mbg.generated
          This element is automatically generated by MyBatis Generator, do not modify.
        -->
        <if test="cond != null">
            <if test="cond.id != null">
                and id = #{cond.id, jdbcType=INTEGER}
            </if>
            <if test="cond.pushOrderNo != null and cond.pushOrderNo != ''">
                and push_order_no
                <if test="!strict">like concat('%',</if>
                <if test="strict">=</if>#{cond.pushOrderNo, jdbcType=VARCHAR}
                <if test="!strict">, '%')</if>
            </if>
            <if test="cond.userNo != null and cond.userNo != ''">
                and user_no
                <if test="!strict">like concat('%',</if>
                <if test="strict">=</if>#{cond.userNo, jdbcType=VARCHAR}
                <if test="!strict">, '%')</if>
            </if>
            <if test="cond.clientNo != null and cond.clientNo != ''">
                and client_no
                <if test="!strict">like concat('%',</if>
                <if test="strict">=</if>#{cond.clientNo, jdbcType=VARCHAR}
                <if test="!strict">, '%')</if>
            </if>
            <if test="cond.certNo != null and cond.certNo != ''">
                and cert_no
                <if test="!strict">like concat('%',</if>
                <if test="strict">=</if>#{cond.certNo, jdbcType=VARCHAR}
                <if test="!strict">, '%')</if>
            </if>
            <if test="cond.movieNo != null and cond.movieNo != ''">
                and movie_no
                <if test="!strict">like concat('%',</if>
                <if test="strict">=</if>#{cond.movieNo, jdbcType=VARCHAR}
                <if test="!strict">, '%')</if>
            </if>
            <if test="cond.infoEntryNo != null and cond.infoEntryNo != ''">
                and info_entry_no
                <if test="!strict">like concat('%',</if>
                <if test="strict">=</if>#{cond.infoEntryNo, jdbcType=VARCHAR}
                <if test="!strict">, '%')</if>
            </if>
            <if test="cond.ifInsurance != null and cond.ifInsurance != ''">
                and if_insurance
                <if test="!strict">like concat('%',</if>
                <if test="strict">=</if>#{cond.ifInsurance, jdbcType=VARCHAR}
                <if test="!strict">, '%')</if>
            </if>
            <if test="cond.ifCreditSupply != null and cond.ifCreditSupply != ''">
                and if_credit_supply
                <if test="!strict">like concat('%',</if>
                <if test="strict">=</if>#{cond.ifCreditSupply, jdbcType=VARCHAR}
                <if test="!strict">, '%')</if>
            </if>
            <if test="cond.ifHouse != null and cond.ifHouse != ''">
                and if_house
                <if test="!strict">like concat('%',</if>
                <if test="strict">=</if>#{cond.ifHouse, jdbcType=VARCHAR}
                <if test="!strict">, '%')</if>
            </if>
            <if test="cond.creditSignResult != null and cond.creditSignResult != ''">
                and credit_sign_result
                <if test="!strict">like concat('%',</if>
                <if test="strict">=</if>#{cond.creditSignResult, jdbcType=VARCHAR}
                <if test="!strict">, '%')</if>
            </if>
            <if test="cond.creditAuthCode != null and cond.creditAuthCode != ''">
                and credit_auth_code
                <if test="!strict">like concat('%',</if>
                <if test="strict">=</if>#{cond.creditAuthCode, jdbcType=VARCHAR}
                <if test="!strict">, '%')</if>
            </if>
            <if test="cond.creditAuthResult != null and cond.creditAuthResult != ''">
                and credit_auth_result
                <if test="!strict">like concat('%',</if>
                <if test="strict">=</if>#{cond.creditAuthResult, jdbcType=VARCHAR}
                <if test="!strict">, '%')</if>
            </if>
            <if test="cond.rtnCode != null and cond.rtnCode != ''">
                and rtn_code
                <if test="!strict">like concat('%',</if>
                <if test="strict">=</if>#{cond.rtnCode, jdbcType=VARCHAR}
                <if test="!strict">, '%')</if>
            </if>
            <if test="cond.rtnMsg != null and cond.rtnMsg != ''">
                and rtn_msg
                <if test="!strict">like concat('%',</if>
                <if test="strict">=</if>#{cond.rtnMsg, jdbcType=VARCHAR}
                <if test="!strict">, '%')</if>
            </if>
            <if test="cond.pushStartTime != null">
                and push_start_time = #{cond.pushStartTime, jdbcType=TIMESTAMP}
            </if>
            <if test="cond.pushEndTime != null">
                and push_end_time = #{cond.pushEndTime, jdbcType=TIMESTAMP}
            </if>
            <if test="cond.ds001Result != null and cond.ds001Result != ''">
                and ds001_result
                <if test="!strict">like concat('%',</if>
                <if test="strict">=</if>#{cond.ds001Result, jdbcType=VARCHAR}
                <if test="!strict">, '%')</if>
            </if>
            <if test="cond.ds002Result != null and cond.ds002Result != ''">
                and ds002_result
                <if test="!strict">like concat('%',</if>
                <if test="strict">=</if>#{cond.ds002Result, jdbcType=VARCHAR}
                <if test="!strict">, '%')</if>
            </if>
            <if test="cond.evalStartTime != null">
                and eval_start_time = #{cond.evalStartTime, jdbcType=TIMESTAMP}
            </if>
            <if test="cond.evalEndTime != null">
                and eval_end_time = #{cond.evalEndTime, jdbcType=TIMESTAMP}
            </if>
            <if test="cond.evalLoanAmt != null">
                and eval_loan_amt = #{cond.evalLoanAmt, jdbcType=DECIMAL}
            </if>
            <if test="cond.evalPayMonthAmt != null">
                and eval_pay_month_amt = #{cond.evalPayMonthAmt, jdbcType=DECIMAL}
            </if>
            <if test="cond.evalExpireTime != null">
                and eval_expire_time = #{cond.evalExpireTime, jdbcType=TIMESTAMP}
            </if>
            <if test="cond.pushClientTime != null">
                and push_client_time = #{cond.pushClientTime, jdbcType=TIMESTAMP}
            </if>
            <if test="cond.pushStatus != null and cond.pushStatus != ''">
                and push_status
                <if test="!strict">like concat('%',</if>
                <if test="strict">=</if>#{cond.pushStatus, jdbcType=VARCHAR}
                <if test="!strict">, '%')</if>
            </if>
            <if test="cond.approvalTime != null">
                and approval_time = #{cond.approvalTime, jdbcType=TIMESTAMP}
            </if>
            <if test="cond.loanPayAmt != null">
                and loan_pay_amt = #{cond.loanPayAmt, jdbcType=DECIMAL}
            </if>
            <if test="cond.applicationId != null and cond.applicationId != ''">
                and application_id
                <if test="!strict">like concat('%',</if>
                <if test="strict">=</if>#{cond.applicationId, jdbcType=VARCHAR}
                <if test="!strict">, '%')</if>
            </if>
            <if test="cond.createdBy != null and cond.createdBy != ''">
                and created_by
                <if test="!strict">like concat('%',</if>
                <if test="strict">=</if>#{cond.createdBy, jdbcType=VARCHAR}
                <if test="!strict">, '%')</if>
            </if>
            <if test="cond.createdDate != null">
                and created_date = #{cond.createdDate, jdbcType=TIMESTAMP}
            </if>
            <if test="cond.updatedBy != null and cond.updatedBy != ''">
                and updated_by
                <if test="!strict">like concat('%',</if>
                <if test="strict">=</if>#{cond.updatedBy, jdbcType=VARCHAR}
                <if test="!strict">, '%')</if>
            </if>
            <if test="cond.updatedDate != null">
                and updated_date = #{cond.updatedDate, jdbcType=TIMESTAMP}
            </if>
        </if>
    </sql>
    <sql id="Base_Column_List_Prefix">
        <!--
          WARNING - @mbg.generated
          This element is automatically generated by MyBatis Generator, do not modify.
        -->
        my.id,my.push_order_no,my.user_no,my.client_no,my.cert_no,my.movie_no,my.info_entry_no,my.if_insurance,my.if_credit_supply,my.if_house,my.credit_sign_result,my.credit_auth_code,my.credit_auth_result,my.rtn_code,my.rtn_msg,my.push_start_time,my.push_end_time,my.ds001_result,my.ds002_result,my.eval_start_time,my.eval_end_time,my.eval_loan_amt,my.eval_pay_month_amt,my.eval_expire_time,my.push_client_time,my.push_status,my.approval_time,my.loan_pay_amt,my.application_id,my.created_by,my.created_date,my.updated_by,my.updated_date
    </sql>
    <select id="selectByModelSelective" parameterType="map" resultMap="BaseResultMap">
        <!--
          WARNING - @mbg.generated
          This element is automatically generated by MyBatis Generator, do not modify.
        -->
        select
        <include refid="Base_Column_List"/>
        from push_order_log
        <where>
            <include refid="dynamicModelSql"/>
        </where>
    </select>
    <insert id="insertBatchSelective" parameterType="java.util.List">
        <!--
          WARNING - @mbg.generated
          This element is automatically generated by MyBatis Generator, do not modify.
        -->
        insert into push_order_log
        <trim prefix="(" suffix=")" suffixOverrides=",">
            <if test="list[0].id!=null">
                id,
            </if>
            <if test="list[0].pushOrderNo!=null">
                push_order_no,
            </if>
            <if test="list[0].userNo!=null">
                user_no,
            </if>
            <if test="list[0].clientNo!=null">
                client_no,
            </if>
            <if test="list[0].certNo!=null">
                cert_no,
            </if>
            <if test="list[0].movieNo!=null">
                movie_no,
            </if>
            <if test="list[0].infoEntryNo!=null">
                info_entry_no,
            </if>
            <if test="list[0].ifInsurance!=null">
                if_insurance,
            </if>
            <if test="list[0].ifCreditSupply!=null">
                if_credit_supply,
            </if>
            <if test="list[0].ifHouse!=null">
                if_house,
            </if>
            <if test="list[0].creditSignResult!=null">
                credit_sign_result,
            </if>
            <if test="list[0].creditAuthCode!=null">
                credit_auth_code,
            </if>
            <if test="list[0].creditAuthResult!=null">
                credit_auth_result,
            </if>
            <if test="list[0].rtnCode!=null">
                rtn_code,
            </if>
            <if test="list[0].rtnMsg!=null">
                rtn_msg,
            </if>
            <if test="list[0].pushStartTime!=null">
                push_start_time,
            </if>
            <if test="list[0].pushEndTime!=null">
                push_end_time,
            </if>
            <if test="list[0].ds001Result!=null">
                ds001_result,
            </if>
            <if test="list[0].ds002Result!=null">
                ds002_result,
            </if>
            <if test="list[0].evalStartTime!=null">
                eval_start_time,
            </if>
            <if test="list[0].evalEndTime!=null">
                eval_end_time,
            </if>
            <if test="list[0].evalLoanAmt!=null">
                eval_loan_amt,
            </if>
            <if test="list[0].evalPayMonthAmt!=null">
                eval_pay_month_amt,
            </if>
            <if test="list[0].evalExpireTime!=null">
                eval_expire_time,
            </if>
            <if test="list[0].pushClientTime!=null">
                push_client_time,
            </if>
            <if test="list[0].pushStatus!=null">
                push_status,
            </if>
            <if test="list[0].approvalTime!=null">
                approval_time,
            </if>
            <if test="list[0].loanPayAmt!=null">
                loan_pay_amt,
            </if>
            <if test="list[0].applicationId!=null">
                application_id,
            </if>
            <if test="list[0].createdBy!=null">
                created_by,
            </if>
            <if test="list[0].createdDate!=null">
                created_date,
            </if>
            <if test="list[0].updatedBy!=null">
                updated_by,
            </if>
            <if test="list[0].updatedDate!=null">
                updated_date,
            </if>
        </trim>
        values
        <foreach collection="list" index="index" item="item" separator=",">
            <trim prefix=" (" suffix=")" suffixOverrides=",">
                <if test="item.id!=null">
                    #{item.id,jdbcType=INTEGER},
                </if>
                <if test="item.pushOrderNo!=null">
                    #{item.pushOrderNo,jdbcType=VARCHAR},
                </if>
                <if test="item.userNo!=null">
                    #{item.userNo,jdbcType=VARCHAR},
                </if>
                <if test="item.clientNo!=null">
                    #{item.clientNo,jdbcType=VARCHAR},
                </if>
                <if test="item.certNo!=null">
                    #{item.certNo,jdbcType=VARCHAR},
                </if>
                <if test="item.movieNo!=null">
                    #{item.movieNo,jdbcType=VARCHAR},
                </if>
                <if test="item.infoEntryNo!=null">
                    #{item.infoEntryNo,jdbcType=VARCHAR},
                </if>
                <if test="item.ifInsurance!=null">
                    #{item.ifInsurance,jdbcType=VARCHAR},
                </if>
                <if test="item.ifCreditSupply!=null">
                    #{item.ifCreditSupply,jdbcType=VARCHAR},
                </if>
                <if test="item.ifHouse!=null">
                    #{item.ifHouse,jdbcType=VARCHAR},
                </if>
                <if test="item.creditSignResult!=null">
                    #{item.creditSignResult,jdbcType=VARCHAR},
                </if>
                <if test="item.creditAuthCode!=null">
                    #{item.creditAuthCode,jdbcType=VARCHAR},
                </if>
                <if test="item.creditAuthResult!=null">
                    #{item.creditAuthResult,jdbcType=VARCHAR},
                </if>
                <if test="item.rtnCode!=null">
                    #{item.rtnCode,jdbcType=VARCHAR},
                </if>
                <if test="item.rtnMsg!=null">
                    #{item.rtnMsg,jdbcType=VARCHAR},
                </if>
                <if test="item.pushStartTime!=null">
                    #{item.pushStartTime,jdbcType=TIMESTAMP},
                </if>
                <if test="item.pushEndTime!=null">
                    #{item.pushEndTime,jdbcType=TIMESTAMP},
                </if>
                <if test="item.ds001Result!=null">
                    #{item.ds001Result,jdbcType=VARCHAR},
                </if>
                <if test="item.ds002Result!=null">
                    #{item.ds002Result,jdbcType=VARCHAR},
                </if>
                <if test="item.evalStartTime!=null">
                    #{item.evalStartTime,jdbcType=TIMESTAMP},
                </if>
                <if test="item.evalEndTime!=null">
                    #{item.evalEndTime,jdbcType=TIMESTAMP},
                </if>
                <if test="item.evalLoanAmt!=null">
                    #{item.evalLoanAmt,jdbcType=DECIMAL},
                </if>
                <if test="item.evalPayMonthAmt!=null">
                    #{item.evalPayMonthAmt,jdbcType=DECIMAL},
                </if>
                <if test="item.evalExpireTime!=null">
                    #{item.evalExpireTime,jdbcType=TIMESTAMP},
                </if>
                <if test="item.pushClientTime!=null">
                    #{item.pushClientTime,jdbcType=TIMESTAMP},
                </if>
                <if test="item.pushStatus!=null">
                    #{item.pushStatus,jdbcType=VARCHAR},
                </if>
                <if test="item.approvalTime!=null">
                    #{item.approvalTime,jdbcType=TIMESTAMP},
                </if>
                <if test="item.loanPayAmt!=null">
                    #{item.loanPayAmt,jdbcType=DECIMAL},
                </if>
                <if test="item.applicationId!=null">
                    #{item.applicationId,jdbcType=VARCHAR},
                </if>
                <if test="item.createdBy!=null">
                    #{item.createdBy,jdbcType=VARCHAR},
                </if>
                <if test="item.createdDate!=null">
                    #{item.createdDate,jdbcType=TIMESTAMP},
                </if>
                <if test="item.updatedBy!=null">
                    #{item.updatedBy,jdbcType=VARCHAR},
                </if>
                <if test="item.updatedDate!=null">
                    #{item.updatedDate,jdbcType=TIMESTAMP},
                </if>
            </trim>
        </foreach>
    </insert>
    <select id="selectOneByModelSelective" parameterType="map" resultMap="BaseResultMap">
        <!--
          WARNING - @mbg.generated
          This element is automatically generated by MyBatis Generator, do not modify.
        -->
        select
        <include refid="Base_Column_List"/>
        from push_order_log
        <where>
            <include refid="dynamicModelSql"/>
        </where>
        limit 1
    </select>

    <resultMap id="BusinessListResultMap" type="com.dashuf.dpbs.app.web.resp.business.BusinessProcessResp">
        <result column="push_order_no" jdbcType="VARCHAR" property="pushOrderNo"/>
        <result column="client_name" jdbcType="VARCHAR" property="clientName"/>
        <result column="push_start_time" jdbcType="TIMESTAMP" property="pushStartTime"/>
        <result column="push_end_time" jdbcType="TIMESTAMP" property="pushEndTime"/>
    </resultMap>

    <resultMap id="BusinessProcessDetailResultMap"
               type="com.dashuf.dpbs.app.web.resp.business.BusinessProcessDetailResp">
        <result column="push_order_no" jdbcType="VARCHAR" property="pushOrderNo"/>
        <result column="client_no" jdbcType="VARCHAR" property="clientNo"/>
        <result column="client_name" jdbcType="VARCHAR" property="clientName"/>
        <result column="mobile_no" jdbcType="VARCHAR" property="mobileNo"/>
        <result column="recon_date" jdbcType="TIMESTAMP" property="reconDate"/>
    </resultMap>
    <insert id="initPushOrder">
        <selectKey keyProperty="id" order="AFTER" resultType="java.lang.Integer">
            SELECT LAST_INSERT_ID()
        </selectKey>
        insert into push_order_log (push_order_no, push_status, cert_no)
        values (#{pushOrderNo, jdbcType=VARCHAR}, 'init', 'false')
    </insert>

    <select id="queryPushOrderLog" parameterType="com.dashuf.dpbs.model.PushOrderLog" resultMap="BaseResultMap">
          select push_order_no, push_status, client_no,
            from push_order_log
          where push_order_no = #{pushOrderNo, jdbcType=VARCHAR}
    </select>

    <update id="updatePushOrderLogByOrgStatus">
        update push_order_log
        set
        <if test="pushOrderLog.pushStatus != null and pushOrderLog.pushStatus != ''">
            push_status = #{pushOrderLog.pushStatus, jdbcType=VARCHAR},
        </if>
        <if test="pushOrderLog.userNo != null and pushOrderLog.userNo != ''">
            user_no = #{pushOrderLog.userNo, jdbcType=VARCHAR},
        </if>
        <if test="pushOrderLog.creditReportNo != null and pushOrderLog.creditReportNo != ''">
            credit_report_no = #{pushOrderLog.creditReportNo, jdbcType=VARCHAR},
        </if>
        <if test="pushOrderLog.movieNo != null and pushOrderLog.movieNo != ''">
            movie_no = #{pushOrderLog.movieNo, jdbcType=VARCHAR},
        </if>
        <if test="pushOrderLog.clientNo != null and pushOrderLog.clientNo != ''">
            client_no = #{pushOrderLog.clientNo, jdbcType=VARCHAR},
        </if>
        <if test="pushOrderLog.infoEntryNo != null and pushOrderLog.infoEntryNo != ''">
            info_entry_no = #{pushOrderLog.infoEntryNo, jdbcType=VARCHAR},
        </if>
        <if test="pushOrderLog.ifInsurance!=null and pushOrderLog.ifInsurance!=''">
            if_insurance = #{pushOrderLog.ifInsurance,jdbcType=VARCHAR},
        </if>
        <if test="pushOrderLog.ifCreditSupply!=null and pushOrderLog.ifCreditSupply!=''">
            if_credit_supply = #{pushOrderLog.ifCreditSupply,jdbcType=VARCHAR},
        </if>
        <if test="pushOrderLog.ifHouse!=null and pushOrderLog.ifHouse!=''">
            if_house = #{pushOrderLog.ifHouse,jdbcType=VARCHAR},
        </if>
        <if test="pushOrderLog.pushStartTime != null">
            push_start_time = #{pushOrderLog.pushStartTime, jdbcType=TIMESTAMP},
        </if>
        <if test="pushOrderLog.pushEndTime != null">
            push_end_time = #{pushOrderLog.pushEndTime, jdbcType=TIMESTAMP},
        </if>
        <if test="pushOrderLog.ds001Result != null">
            ds001_result = #{pushOrderLog.ds001Result, jdbcType=VARCHAR},
        </if>
        <if test="pushOrderLog.ds002Result != null">
            ds002_result = #{pushOrderLog.ds002Result, jdbcType=VARCHAR},
        </if>
        <if test="pushOrderLog.evalStartTime != null">
            eval_start_time = #{pushOrderLog.evalStartTime, jdbcType=TIMESTAMP},
        </if>
        <if test="pushOrderLog.evalEndTime != null">
            eval_end_time = #{pushOrderLog.evalEndTime, jdbcType=TIMESTAMP},
        </if>
        <if test="pushOrderLog.evalLoanAmt != null">
            eval_loan_amt = #{pushOrderLog.evalLoanAmt, jdbcType=DECIMAL},
        </if>
        <if test="pushOrderLog.loanPayAmt != null">
            loan_pay_amt = #{pushOrderLog.loanPayAmt, jdbcType=DECIMAL},
        </if>
        <if test="pushOrderLog.evalPayMonthAmt != null">
            eval_pay_month_amt = #{pushOrderLog.evalPayMonthAmt, jdbcType=DECIMAL},
        </if>
        <if test="pushOrderLog.evalExpireTime != null">
            eval_expire_time = #{pushOrderLog.evalExpireTime, jdbcType=TIMESTAMP},
        </if>
        <if test="pushOrderLog.applicationId != null">
            application_id = #{pushOrderLog.applicationId, jdbcType=VARCHAR},
        </if>
        <if test="pushOrderLog.pushClientTime != null">
            push_client_time = #{pushOrderLog.pushClientTime, jdbcType=TIMESTAMP},
        </if>
        <if test="pushOrderLog.creditAuthCode != null">
            credit_auth_code = #{pushOrderLog.creditAuthCode, jdbcType=VARCHAR},
        </if>
        <if test="pushOrderLog.creditSignResult != null">
            credit_sign_result = #{pushOrderLog.creditSignResult, jdbcType=VARCHAR},
        </if>
        <if test="pushOrderLog.creditAuthResult != null">
            credit_auth_result = #{pushOrderLog.creditAuthResult, jdbcType=VARCHAR},
        </if>
        rtn_code = #{pushOrderLog.rtnCode, jdbcType=VARCHAR},
        rtn_Msg = #{pushOrderLog.rtnMsg, jdbcType=VARCHAR}
        where push_order_no = #{pushOrderLog.pushOrderNo, jdbcType=VARCHAR}
        and push_status = #{orgStatus, jdbcType=VARCHAR}
    </update>

    <update id="updatePushOrderLog">
        update push_order_log
        set application_id = #{pushOrderLog.applicationId, jdbcType=VARCHAR}
        where push_order_no = #{pushOrderLog.pushOrderNo, jdbcType=VARCHAR}
    </update>

    <update id="giveUpPushOrderLog">
        update push_order_log
        set push_status = #{pushOrderLog.pushStatus, jdbcType=VARCHAR}
        where push_order_no = #{pushOrderLog.pushOrderNo, jdbcType=VARCHAR}
        and push_status != 'fail'

    </update>

    <select id="getBusinessProcess" parameterType="java.lang.Integer" resultMap="BusinessListResultMap">
        SELECT t.client_name,t2.push_order_no,t2.push_start_time,t2.push_end_time
        FROM client_info t
        INNER JOIN user_info t1
        ON t.recon_user_no=t1.user_no
        INNER JOIN push_order_log t2
        ON t2.client_no=t.client_no
        <where>
            <if test="userNo!=null">
                t1.user_no = #{userNo}
            </if>
            <if test="processStatus == 1">
                and t2.push_status IN ('init','scan','movie','entry','credit','eval_ing','eval_success','push_client_success','approval','approval_finish')
                order by t2.push_start_time desc
            </if>
            <if test="processStatus == 2">
                and t2.push_status IN ('fail','success','loan_success','loan_veto','approval_veto','eval_fail','cust_waive')
                order by t2.push_end_time desc
            </if>
        </where>
    </select>

    <select id="getBusinessDetail" parameterType="java.lang.String" resultMap="BusinessProcessDetailResultMap">
        SELECT
        t.client_no,
        t.client_name,
        t.cert_no,
        t.mobile_no,
        t.recon_date,
        t2.push_order_no,
        t2.push_start_time,
        t2.push_end_time
        FROM
        client_info t
        INNER JOIN user_info t1 ON t.recon_user_no = t1.user_no
        INNER JOIN push_order_log t2 ON t2.client_no = t.client_no
        <where>
            <if test="pushOrderNo != null">
                t2.push_order_no = #{pushOrderNo}
            </if>
        </where>
    </select>

    <select id="getLoanSum" parameterType="java.lang.String" resultType="java.math.BigDecimal">
        SELECT
            IFNULL(SUM(t2.putout_amt), 0)
        FROM
            push_order_log t
        INNER JOIN push_loan_product t2 ON t2.push_order_no=t.push_order_no
        where
        t.user_no = #{userNo}
        AND t2.putout_date <![CDATA[ >= ]]> date_add(curdate() - DAY (curdate()) + 1,INTERVAL - 1 MONTH)
        AND t2.putout_date <![CDATA[ < ]]> last_day(date_sub(now(), INTERVAL 1 MONTH))
    </select>
    <select id="getPullStatusOrderList" resultMap="BaseResultMap">
        <!--
          WARNING - @mbg.generated
          This element is automatically generated by MyBatis Generator, do not modify.
        -->
        select
        <include refid="Base_Column_List"/>
        from push_order_log t
        where t.push_status in('eval_success','loan_success','approval','approval_finish','push_client_success')
        AND t.push_end_time>DATE_SUB(now(), INTERVAL 30 DAY)
    </select>
</mapper>