<?xml version="1.0" encoding="UTF-8"?>
<!DOCTYPE mapper PUBLIC "-//mybatis.org//DTD Mapper 3.0//EN" "http://mybatis.org/dtd/mybatis-3-mapper.dtd">
<mapper namespace="com.dashuf.dpbs.mapper.PushMsgLogMapper">
  <resultMap id="BaseResultMap" type="com.dashuf.dpbs.model.PushMsgLog">
    <!--
      WARNING - @mbg.generated
      This element is automatically generated by MyBatis Generator, do not modify.
    -->
    <id column="id" jdbcType="INTEGER" property="id" />
    <result column="msg_log_no" jdbcType="VARCHAR" property="msgLogNo" />
    <result column="msg_no" jdbcType="VARCHAR" property="msgNo" />
    <result column="mobile_no" jdbcType="VARCHAR" property="mobileNo" />
    <result column="user_no" jdbcType="VARCHAR" property="userNo" />
    <result column="form_id" jdbcType="VARCHAR" property="formId" />
    <result column="open_id" jdbcType="VARCHAR" property="openId" />
    <result column="status" jdbcType="VARCHAR" property="status" />
    <result column="remark" jdbcType="VARCHAR" property="remark" />
    <result column="created_by" jdbcType="VARCHAR" property="createdBy" />
    <result column="created_date" jdbcType="TIMESTAMP" property="createdDate" />
    <result column="updated_by" jdbcType="VARCHAR" property="updatedBy" />
    <result column="updated_date" jdbcType="TIMESTAMP" property="updatedDate" />
  </resultMap>
  <sql id="Base_Column_List">
    <!--
      WARNING - @mbg.generated
      This element is automatically generated by MyBatis Generator, do not modify.
    -->
    id, msg_log_no, msg_no, mobile_no, user_no, form_id, open_id, status, remark, created_by, 
    created_date, updated_by, updated_date
  </sql>
  <select id="selectByPrimaryKey" parameterType="java.lang.Integer" resultMap="BaseResultMap">
    <!--
      WARNING - @mbg.generated
      This element is automatically generated by MyBatis Generator, do not modify.
    -->
    select 
    <include refid="Base_Column_List" />
    from push_msg_log
    where id = #{id,jdbcType=INTEGER}
  </select>
  <delete id="deleteByPrimaryKey" parameterType="java.lang.Integer">
    <!--
      WARNING - @mbg.generated
      This element is automatically generated by MyBatis Generator, do not modify.
    -->
    delete from push_msg_log
    where id = #{id,jdbcType=INTEGER}
  </delete>
  <insert id="insert" parameterType="com.dashuf.dpbs.model.PushMsgLog">
    <!--
      WARNING - @mbg.generated
      This element is automatically generated by MyBatis Generator, do not modify.
    -->
    <selectKey keyProperty="id" order="AFTER" resultType="java.lang.Integer">
      SELECT LAST_INSERT_ID()
    </selectKey>
    insert into push_msg_log (msg_log_no, msg_no, mobile_no, 
      user_no, form_id, open_id, 
      status, remark, created_by, 
      created_date, updated_by, updated_date
      )
    values (#{msgLogNo,jdbcType=VARCHAR}, #{msgNo,jdbcType=VARCHAR}, #{mobileNo,jdbcType=VARCHAR}, 
      #{userNo,jdbcType=VARCHAR}, #{formId,jdbcType=VARCHAR}, #{openId,jdbcType=VARCHAR}, 
      #{status,jdbcType=VARCHAR}, #{remark,jdbcType=VARCHAR}, #{createdBy,jdbcType=VARCHAR}, 
      #{createdDate,jdbcType=TIMESTAMP}, #{updatedBy,jdbcType=VARCHAR}, #{updatedDate,jdbcType=TIMESTAMP}
      )
  </insert>
  <insert id="insertSelective" parameterType="com.dashuf.dpbs.model.PushMsgLog">
    <!--
      WARNING - @mbg.generated
      This element is automatically generated by MyBatis Generator, do not modify.
    -->
    <selectKey keyProperty="id" order="AFTER" resultType="java.lang.Integer">
      SELECT LAST_INSERT_ID()
    </selectKey>
    insert into push_msg_log
    <trim prefix="(" suffix=")" suffixOverrides=",">
      <if test="msgLogNo != null">
        msg_log_no,
      </if>
      <if test="msgNo != null">
        msg_no,
      </if>
      <if test="mobileNo != null">
        mobile_no,
      </if>
      <if test="userNo != null">
        user_no,
      </if>
      <if test="formId != null">
        form_id,
      </if>
      <if test="openId != null">
        open_id,
      </if>
      <if test="status != null">
        status,
      </if>
      <if test="remark != null">
        remark,
      </if>
      <if test="createdBy != null">
        created_by,
      </if>
      <if test="createdDate != null">
        created_date,
      </if>
      <if test="updatedBy != null">
        updated_by,
      </if>
      <if test="updatedDate != null">
        updated_date,
      </if>
    </trim>
    <trim prefix="values (" suffix=")" suffixOverrides=",">
      <if test="msgLogNo != null">
        #{msgLogNo,jdbcType=VARCHAR},
      </if>
      <if test="msgNo != null">
        #{msgNo,jdbcType=VARCHAR},
      </if>
      <if test="mobileNo != null">
        #{mobileNo,jdbcType=VARCHAR},
      </if>
      <if test="userNo != null">
        #{userNo,jdbcType=VARCHAR},
      </if>
      <if test="formId != null">
        #{formId,jdbcType=VARCHAR},
      </if>
      <if test="openId != null">
        #{openId,jdbcType=VARCHAR},
      </if>
      <if test="status != null">
        #{status,jdbcType=VARCHAR},
      </if>
      <if test="remark != null">
        #{remark,jdbcType=VARCHAR},
      </if>
      <if test="createdBy != null">
        #{createdBy,jdbcType=VARCHAR},
      </if>
      <if test="createdDate != null">
        #{createdDate,jdbcType=TIMESTAMP},
      </if>
      <if test="updatedBy != null">
        #{updatedBy,jdbcType=VARCHAR},
      </if>
      <if test="updatedDate != null">
        #{updatedDate,jdbcType=TIMESTAMP},
      </if>
    </trim>
  </insert>
  <update id="updateByPrimaryKeySelective" parameterType="com.dashuf.dpbs.model.PushMsgLog">
    <!--
      WARNING - @mbg.generated
      This element is automatically generated by MyBatis Generator, do not modify.
    -->
    update push_msg_log
    <set>
      <if test="msgLogNo != null">
        msg_log_no = #{msgLogNo,jdbcType=VARCHAR},
      </if>
      <if test="msgNo != null">
        msg_no = #{msgNo,jdbcType=VARCHAR},
      </if>
      <if test="mobileNo != null">
        mobile_no = #{mobileNo,jdbcType=VARCHAR},
      </if>
      <if test="userNo != null">
        user_no = #{userNo,jdbcType=VARCHAR},
      </if>
      <if test="formId != null">
        form_id = #{formId,jdbcType=VARCHAR},
      </if>
      <if test="openId != null">
        open_id = #{openId,jdbcType=VARCHAR},
      </if>
      <if test="status != null">
        status = #{status,jdbcType=VARCHAR},
      </if>
      <if test="remark != null">
        remark = #{remark,jdbcType=VARCHAR},
      </if>
      <if test="createdBy != null">
        created_by = #{createdBy,jdbcType=VARCHAR},
      </if>
      <if test="createdDate != null">
        created_date = #{createdDate,jdbcType=TIMESTAMP},
      </if>
      <if test="updatedBy != null">
        updated_by = #{updatedBy,jdbcType=VARCHAR},
      </if>
      <if test="updatedDate != null">
        updated_date = #{updatedDate,jdbcType=TIMESTAMP},
      </if>
    </set>
    where id = #{id,jdbcType=INTEGER}
  </update>
  <update id="updateByPrimaryKey" parameterType="com.dashuf.dpbs.model.PushMsgLog">
    <!--
      WARNING - @mbg.generated
      This element is automatically generated by MyBatis Generator, do not modify.
    -->
    update push_msg_log
    set msg_log_no = #{msgLogNo,jdbcType=VARCHAR},
      msg_no = #{msgNo,jdbcType=VARCHAR},
      mobile_no = #{mobileNo,jdbcType=VARCHAR},
      user_no = #{userNo,jdbcType=VARCHAR},
      form_id = #{formId,jdbcType=VARCHAR},
      open_id = #{openId,jdbcType=VARCHAR},
      status = #{status,jdbcType=VARCHAR},
      remark = #{remark,jdbcType=VARCHAR},
      created_by = #{createdBy,jdbcType=VARCHAR},
      created_date = #{createdDate,jdbcType=TIMESTAMP},
      updated_by = #{updatedBy,jdbcType=VARCHAR},
      updated_date = #{updatedDate,jdbcType=TIMESTAMP}
    where id = #{id,jdbcType=INTEGER}
  </update>
  <select id="countByModelSelective" parameterType="map" resultType="int">
    <!--
      WARNING - @mbg.generated
      This element is automatically generated by MyBatis Generator, do not modify.
    -->
    select count(*)
		from push_msg_log
		<where>
			<include refid="dynamicModelSql" />
		</where>
  </select>
  <delete id="deleteByModelSelective" parameterType="map">
    <!--
      WARNING - @mbg.generated
      This element is automatically generated by MyBatis Generator, do not modify.
    -->
    	delete from push_msg_log
		<where>
			<include refid="dynamicModelSql" />
		</where>
  </delete>
  <update id="updateByModelSelective" parameterType="map">
    <!--
      WARNING - @mbg.generated
      This element is automatically generated by MyBatis Generator, do not modify.
    -->
    update push_msg_log
		<set>
			<if test="model.id != null">
				id = #{model.id, jdbcType=INTEGER},
			</if>
			<if test="model.msgLogNo != null">
				msg_log_no = #{model.msgLogNo, jdbcType=VARCHAR},
			</if>
			<if test="model.msgNo != null">
				msg_no = #{model.msgNo, jdbcType=VARCHAR},
			</if>
			<if test="model.mobileNo != null">
				mobile_no = #{model.mobileNo, jdbcType=VARCHAR},
			</if>
			<if test="model.userNo != null">
				user_no = #{model.userNo, jdbcType=VARCHAR},
			</if>
			<if test="model.formId != null">
				form_id = #{model.formId, jdbcType=VARCHAR},
			</if>
			<if test="model.openId != null">
				open_id = #{model.openId, jdbcType=VARCHAR},
			</if>
			<if test="model.status != null">
				status = #{model.status, jdbcType=VARCHAR},
			</if>
			<if test="model.remark != null">
				remark = #{model.remark, jdbcType=VARCHAR},
			</if>
			<if test="model.createdBy != null">
				created_by = #{model.createdBy, jdbcType=VARCHAR},
			</if>
			<if test="model.createdDate != null">
				created_date = #{model.createdDate, jdbcType=TIMESTAMP},
			</if>
			<if test="model.updatedBy != null">
				updated_by = #{model.updatedBy, jdbcType=VARCHAR},
			</if>
			<if test="model.updatedDate != null">
				updated_date = #{model.updatedDate, jdbcType=TIMESTAMP},
			</if>
		</set>
		<where>
			<include refid="dynamicModelSql" />
		</where>
  </update>
  <sql id="dynamicModelSql">
    <!--
      WARNING - @mbg.generated
      This element is automatically generated by MyBatis Generator, do not modify.
    -->
    	<if test="cond != null">
			<if test="cond.id != null">
				and id = #{cond.id, jdbcType=INTEGER}
			</if>
			<if test="cond.msgLogNo != null and cond.msgLogNo != ''">
				and msg_log_no <if test="!strict"> like concat('%', </if><if test="strict"> = </if>#{cond.msgLogNo, jdbcType=VARCHAR}<if test="!strict">, '%') </if>
			</if>
			<if test="cond.msgNo != null and cond.msgNo != ''">
				and msg_no <if test="!strict"> like concat('%', </if><if test="strict"> = </if>#{cond.msgNo, jdbcType=VARCHAR}<if test="!strict">, '%') </if>
			</if>
			<if test="cond.mobileNo != null and cond.mobileNo != ''">
				and mobile_no <if test="!strict"> like concat('%', </if><if test="strict"> = </if>#{cond.mobileNo, jdbcType=VARCHAR}<if test="!strict">, '%') </if>
			</if>
			<if test="cond.userNo != null and cond.userNo != ''">
				and user_no <if test="!strict"> like concat('%', </if><if test="strict"> = </if>#{cond.userNo, jdbcType=VARCHAR}<if test="!strict">, '%') </if>
			</if>
			<if test="cond.formId != null and cond.formId != ''">
				and form_id <if test="!strict"> like concat('%', </if><if test="strict"> = </if>#{cond.formId, jdbcType=VARCHAR}<if test="!strict">, '%') </if>
			</if>
			<if test="cond.openId != null and cond.openId != ''">
				and open_id <if test="!strict"> like concat('%', </if><if test="strict"> = </if>#{cond.openId, jdbcType=VARCHAR}<if test="!strict">, '%') </if>
			</if>
			<if test="cond.status != null and cond.status != ''">
				and status <if test="!strict"> like concat('%', </if><if test="strict"> = </if>#{cond.status, jdbcType=VARCHAR}<if test="!strict">, '%') </if>
			</if>
			<if test="cond.remark != null and cond.remark != ''">
				and remark <if test="!strict"> like concat('%', </if><if test="strict"> = </if>#{cond.remark, jdbcType=VARCHAR}<if test="!strict">, '%') </if>
			</if>
			<if test="cond.createdBy != null and cond.createdBy != ''">
				and created_by <if test="!strict"> like concat('%', </if><if test="strict"> = </if>#{cond.createdBy, jdbcType=VARCHAR}<if test="!strict">, '%') </if>
			</if>
			<if test="cond.createdDate != null">
				and created_date = #{cond.createdDate, jdbcType=TIMESTAMP}
			</if>
			<if test="cond.updatedBy != null and cond.updatedBy != ''">
				and updated_by <if test="!strict"> like concat('%', </if><if test="strict"> = </if>#{cond.updatedBy, jdbcType=VARCHAR}<if test="!strict">, '%') </if>
			</if>
			<if test="cond.updatedDate != null">
				and updated_date = #{cond.updatedDate, jdbcType=TIMESTAMP}
			</if>
		</if>
  </sql>
  <sql id="Base_Column_List_Prefix">
    <!--
      WARNING - @mbg.generated
      This element is automatically generated by MyBatis Generator, do not modify.
    -->
    my.id,my.msg_log_no,my.msg_no,my.mobile_no,my.user_no,my.form_id,my.open_id,my.status,my.remark,my.created_by,my.created_date,my.updated_by,my.updated_date
  </sql>
  <select id="selectByModelSelective" parameterType="map" resultMap="BaseResultMap">
    <!--
      WARNING - @mbg.generated
      This element is automatically generated by MyBatis Generator, do not modify.
    -->
    select <include refid="Base_Column_List" /> 
		from push_msg_log
		<where>
			<include refid="dynamicModelSql" />
		</where>
  </select>
  <insert id="insertBatchSelective" parameterType="java.util.List">
    <!--
      WARNING - @mbg.generated
      This element is automatically generated by MyBatis Generator, do not modify.
    -->
    insert into push_msg_log
    <trim prefix="(" suffix=")" suffixOverrides=",">
      <if test="list[0].id!=null">
        id,
      </if>
      <if test="list[0].msgLogNo!=null">
        msg_log_no,
      </if>
      <if test="list[0].msgNo!=null">
        msg_no,
      </if>
      <if test="list[0].mobileNo!=null">
        mobile_no,
      </if>
      <if test="list[0].userNo!=null">
        user_no,
      </if>
      <if test="list[0].formId!=null">
        form_id,
      </if>
      <if test="list[0].openId!=null">
        open_id,
      </if>
      <if test="list[0].status!=null">
        status,
      </if>
      <if test="list[0].remark!=null">
        remark,
      </if>
      <if test="list[0].createdBy!=null">
        created_by,
      </if>
      <if test="list[0].createdDate!=null">
        created_date,
      </if>
      <if test="list[0].updatedBy!=null">
        updated_by,
      </if>
      <if test="list[0].updatedDate!=null">
        updated_date,
      </if>
    </trim>
     values 
    <foreach collection="list" index="index" item="item" separator=",">
      <trim prefix=" (" suffix=")" suffixOverrides=",">
        <if test="item.id!=null">
          #{item.id,jdbcType=INTEGER},
        </if>
        <if test="item.msgLogNo!=null">
          #{item.msgLogNo,jdbcType=VARCHAR},
        </if>
        <if test="item.msgNo!=null">
          #{item.msgNo,jdbcType=VARCHAR},
        </if>
        <if test="item.mobileNo!=null">
          #{item.mobileNo,jdbcType=VARCHAR},
        </if>
        <if test="item.userNo!=null">
          #{item.userNo,jdbcType=VARCHAR},
        </if>
        <if test="item.formId!=null">
          #{item.formId,jdbcType=VARCHAR},
        </if>
        <if test="item.openId!=null">
          #{item.openId,jdbcType=VARCHAR},
        </if>
        <if test="item.status!=null">
          #{item.status,jdbcType=VARCHAR},
        </if>
        <if test="item.remark!=null">
          #{item.remark,jdbcType=VARCHAR},
        </if>
        <if test="item.createdBy!=null">
          #{item.createdBy,jdbcType=VARCHAR},
        </if>
        <if test="item.createdDate!=null">
          #{item.createdDate,jdbcType=TIMESTAMP},
        </if>
        <if test="item.updatedBy!=null">
          #{item.updatedBy,jdbcType=VARCHAR},
        </if>
        <if test="item.updatedDate!=null">
          #{item.updatedDate,jdbcType=TIMESTAMP},
        </if>
      </trim>
    </foreach>
  </insert>
  <select id="selectOneByModelSelective" parameterType="map" resultMap="BaseResultMap">
    <!--
      WARNING - @mbg.generated
      This element is automatically generated by MyBatis Generator, do not modify.
    -->
    select <include refid="Base_Column_List" /> 
		from push_msg_log
		<where>
			<include refid="dynamicModelSql" />
		</where>
		limit 1
  </select>
</mapper>