<?xml version="1.0" encoding="UTF-8"?>
<!DOCTYPE mapper PUBLIC "-//mybatis.org//DTD Mapper 3.0//EN" "http://mybatis.org/dtd/mybatis-3-mapper.dtd">
<mapper namespace="com.dashuf.dpbs.mapper.QrCodeInfoMapper">
  <resultMap id="BaseResultMap" type="com.dashuf.dpbs.model.QrCodeInfo">
    <!--
      WARNING - @mbg.generated
      This element is automatically generated by MyBatis Generator, do not modify.
    -->
    <id column="id" jdbcType="INTEGER" property="id" />
    <result column="qr_no" jdbcType="VARCHAR" property="qrNo" />
    <result column="push_order_no" jdbcType="VARCHAR" property="pushOrderNo" />
    <result column="client_no" jdbcType="VARCHAR" property="clientNo" />
    <result column="client_name" jdbcType="VARCHAR" property="clientName" />
    <result column="cert_no" jdbcType="VARCHAR" property="certNo" />
    <result column="mobile_no" jdbcType="VARCHAR" property="mobileNo" />
    <result column="qr_type" jdbcType="VARCHAR" property="qrType" />
    <result column="ticket" jdbcType="VARCHAR" property="ticket" />
    <result column="status" jdbcType="VARCHAR" property="status" />
    <result column="created_by" jdbcType="VARCHAR" property="createdBy" />
    <result column="created_date" jdbcType="TIMESTAMP" property="createdDate" />
    <result column="updated_by" jdbcType="VARCHAR" property="updatedBy" />
    <result column="updated_date" jdbcType="TIMESTAMP" property="updatedDate" />
  </resultMap>
  <sql id="Base_Column_List">
    <!--
      WARNING - @mbg.generated
      This element is automatically generated by MyBatis Generator, do not modify.
    -->
    id, qr_no, push_order_no, client_no, client_name, cert_no, mobile_no, qr_type, ticket, 
    status, created_by, created_date, updated_by, updated_date
  </sql>
  <select id="selectByPrimaryKey" parameterType="java.lang.Integer" resultMap="BaseResultMap">
    <!--
      WARNING - @mbg.generated
      This element is automatically generated by MyBatis Generator, do not modify.
    -->
    select 
    <include refid="Base_Column_List" />
    from qr_code_info
    where id = #{id,jdbcType=INTEGER}
  </select>
  <delete id="deleteByPrimaryKey" parameterType="java.lang.Integer">
    <!--
      WARNING - @mbg.generated
      This element is automatically generated by MyBatis Generator, do not modify.
    -->
    delete from qr_code_info
    where id = #{id,jdbcType=INTEGER}
  </delete>
  <insert id="insert" parameterType="com.dashuf.dpbs.model.QrCodeInfo">
    <!--
      WARNING - @mbg.generated
      This element is automatically generated by MyBatis Generator, do not modify.
    -->
    <selectKey keyProperty="id" order="AFTER" resultType="java.lang.Integer">
      SELECT LAST_INSERT_ID()
    </selectKey>
    insert into qr_code_info (qr_no, push_order_no, client_no, 
      client_name, cert_no, mobile_no, 
      qr_type, ticket, status, 
      created_by, created_date, updated_by, 
      updated_date)
    values (#{qrNo,jdbcType=VARCHAR}, #{pushOrderNo,jdbcType=VARCHAR}, #{clientNo,jdbcType=VARCHAR}, 
      #{clientName,jdbcType=VARCHAR}, #{certNo,jdbcType=VARCHAR}, #{mobileNo,jdbcType=VARCHAR}, 
      #{qrType,jdbcType=VARCHAR}, #{ticket,jdbcType=VARCHAR}, #{status,jdbcType=VARCHAR}, 
      #{createdBy,jdbcType=VARCHAR}, #{createdDate,jdbcType=TIMESTAMP}, #{updatedBy,jdbcType=VARCHAR}, 
      #{updatedDate,jdbcType=TIMESTAMP})
  </insert>
  <insert id="insertSelective" parameterType="com.dashuf.dpbs.model.QrCodeInfo">
    <!--
      WARNING - @mbg.generated
      This element is automatically generated by MyBatis Generator, do not modify.
    -->
    <selectKey keyProperty="id" order="AFTER" resultType="java.lang.Integer">
      SELECT LAST_INSERT_ID()
    </selectKey>
    insert into qr_code_info
    <trim prefix="(" suffix=")" suffixOverrides=",">
      <if test="qrNo != null">
        qr_no,
      </if>
      <if test="pushOrderNo != null">
        push_order_no,
      </if>
      <if test="clientNo != null">
        client_no,
      </if>
      <if test="clientName != null">
        client_name,
      </if>
      <if test="certNo != null">
        cert_no,
      </if>
      <if test="mobileNo != null">
        mobile_no,
      </if>
      <if test="qrType != null">
        qr_type,
      </if>
      <if test="ticket != null">
        ticket,
      </if>
      <if test="status != null">
        status,
      </if>
      <if test="createdBy != null">
        created_by,
      </if>
      <if test="createdDate != null">
        created_date,
      </if>
      <if test="updatedBy != null">
        updated_by,
      </if>
      <if test="updatedDate != null">
        updated_date,
      </if>
    </trim>
    <trim prefix="values (" suffix=")" suffixOverrides=",">
      <if test="qrNo != null">
        #{qrNo,jdbcType=VARCHAR},
      </if>
      <if test="pushOrderNo != null">
        #{pushOrderNo,jdbcType=VARCHAR},
      </if>
      <if test="clientNo != null">
        #{clientNo,jdbcType=VARCHAR},
      </if>
      <if test="clientName != null">
        #{clientName,jdbcType=VARCHAR},
      </if>
      <if test="certNo != null">
        #{certNo,jdbcType=VARCHAR},
      </if>
      <if test="mobileNo != null">
        #{mobileNo,jdbcType=VARCHAR},
      </if>
      <if test="qrType != null">
        #{qrType,jdbcType=VARCHAR},
      </if>
      <if test="ticket != null">
        #{ticket,jdbcType=VARCHAR},
      </if>
      <if test="status != null">
        #{status,jdbcType=VARCHAR},
      </if>
      <if test="createdBy != null">
        #{createdBy,jdbcType=VARCHAR},
      </if>
      <if test="createdDate != null">
        #{createdDate,jdbcType=TIMESTAMP},
      </if>
      <if test="updatedBy != null">
        #{updatedBy,jdbcType=VARCHAR},
      </if>
      <if test="updatedDate != null">
        #{updatedDate,jdbcType=TIMESTAMP},
      </if>
    </trim>
  </insert>
  <update id="updateByPrimaryKeySelective" parameterType="com.dashuf.dpbs.model.QrCodeInfo">
    <!--
      WARNING - @mbg.generated
      This element is automatically generated by MyBatis Generator, do not modify.
    -->
    update qr_code_info
    <set>
      <if test="qrNo != null">
        qr_no = #{qrNo,jdbcType=VARCHAR},
      </if>
      <if test="pushOrderNo != null">
        push_order_no = #{pushOrderNo,jdbcType=VARCHAR},
      </if>
      <if test="clientNo != null">
        client_no = #{clientNo,jdbcType=VARCHAR},
      </if>
      <if test="clientName != null">
        client_name = #{clientName,jdbcType=VARCHAR},
      </if>
      <if test="certNo != null">
        cert_no = #{certNo,jdbcType=VARCHAR},
      </if>
      <if test="mobileNo != null">
        mobile_no = #{mobileNo,jdbcType=VARCHAR},
      </if>
      <if test="qrType != null">
        qr_type = #{qrType,jdbcType=VARCHAR},
      </if>
      <if test="ticket != null">
        ticket = #{ticket,jdbcType=VARCHAR},
      </if>
      <if test="status != null">
        status = #{status,jdbcType=VARCHAR},
      </if>
      <if test="createdBy != null">
        created_by = #{createdBy,jdbcType=VARCHAR},
      </if>
      <if test="createdDate != null">
        created_date = #{createdDate,jdbcType=TIMESTAMP},
      </if>
      <if test="updatedBy != null">
        updated_by = #{updatedBy,jdbcType=VARCHAR},
      </if>
      <if test="updatedDate != null">
        updated_date = #{updatedDate,jdbcType=TIMESTAMP},
      </if>
    </set>
    where id = #{id,jdbcType=INTEGER}
  </update>
  <update id="updateByPrimaryKey" parameterType="com.dashuf.dpbs.model.QrCodeInfo">
    <!--
      WARNING - @mbg.generated
      This element is automatically generated by MyBatis Generator, do not modify.
    -->
    update qr_code_info
    set qr_no = #{qrNo,jdbcType=VARCHAR},
      push_order_no = #{pushOrderNo,jdbcType=VARCHAR},
      client_no = #{clientNo,jdbcType=VARCHAR},
      client_name = #{clientName,jdbcType=VARCHAR},
      cert_no = #{certNo,jdbcType=VARCHAR},
      mobile_no = #{mobileNo,jdbcType=VARCHAR},
      qr_type = #{qrType,jdbcType=VARCHAR},
      ticket = #{ticket,jdbcType=VARCHAR},
      status = #{status,jdbcType=VARCHAR},
      created_by = #{createdBy,jdbcType=VARCHAR},
      created_date = #{createdDate,jdbcType=TIMESTAMP},
      updated_by = #{updatedBy,jdbcType=VARCHAR},
      updated_date = #{updatedDate,jdbcType=TIMESTAMP}
    where id = #{id,jdbcType=INTEGER}
  </update>
  <select id="countByModelSelective" parameterType="map" resultType="int">
    <!--
      WARNING - @mbg.generated
      This element is automatically generated by MyBatis Generator, do not modify.
    -->
    select count(*)
		from qr_code_info
		<where>
			<include refid="dynamicModelSql" />
		</where>
  </select>
  <delete id="deleteByModelSelective" parameterType="map">
    <!--
      WARNING - @mbg.generated
      This element is automatically generated by MyBatis Generator, do not modify.
    -->
    	delete from qr_code_info
		<where>
			<include refid="dynamicModelSql" />
		</where>
  </delete>
  <update id="updateByModelSelective" parameterType="map">
    <!--
      WARNING - @mbg.generated
      This element is automatically generated by MyBatis Generator, do not modify.
    -->
    update qr_code_info
		<set>
			<if test="model.id != null">
				id = #{model.id, jdbcType=INTEGER},
			</if>
			<if test="model.qrNo != null">
				qr_no = #{model.qrNo, jdbcType=VARCHAR},
			</if>
			<if test="model.pushOrderNo != null">
				push_order_no = #{model.pushOrderNo, jdbcType=VARCHAR},
			</if>
			<if test="model.clientNo != null">
				client_no = #{model.clientNo, jdbcType=VARCHAR},
			</if>
			<if test="model.clientName != null">
				client_name = #{model.clientName, jdbcType=VARCHAR},
			</if>
			<if test="model.certNo != null">
				cert_no = #{model.certNo, jdbcType=VARCHAR},
			</if>
			<if test="model.mobileNo != null">
				mobile_no = #{model.mobileNo, jdbcType=VARCHAR},
			</if>
			<if test="model.qrType != null">
				qr_type = #{model.qrType, jdbcType=VARCHAR},
			</if>
			<if test="model.ticket != null">
				ticket = #{model.ticket, jdbcType=VARCHAR},
			</if>
			<if test="model.status != null">
				status = #{model.status, jdbcType=VARCHAR},
			</if>
			<if test="model.createdBy != null">
				created_by = #{model.createdBy, jdbcType=VARCHAR},
			</if>
			<if test="model.createdDate != null">
				created_date = #{model.createdDate, jdbcType=TIMESTAMP},
			</if>
			<if test="model.updatedBy != null">
				updated_by = #{model.updatedBy, jdbcType=VARCHAR},
			</if>
			<if test="model.updatedDate != null">
				updated_date = #{model.updatedDate, jdbcType=TIMESTAMP},
			</if>
		</set>
		<where>
			<include refid="dynamicModelSql" />
		</where>
  </update>
  <sql id="dynamicModelSql">
    <!--
      WARNING - @mbg.generated
      This element is automatically generated by MyBatis Generator, do not modify.
    -->
    	<if test="cond != null">
			<if test="cond.id != null">
				and id = #{cond.id, jdbcType=INTEGER}
			</if>
			<if test="cond.qrNo != null and cond.qrNo != ''">
				and qr_no <if test="!strict"> like concat('%', </if><if test="strict"> = </if>#{cond.qrNo, jdbcType=VARCHAR}<if test="!strict">, '%') </if>
			</if>
			<if test="cond.pushOrderNo != null and cond.pushOrderNo != ''">
				and push_order_no <if test="!strict"> like concat('%', </if><if test="strict"> = </if>#{cond.pushOrderNo, jdbcType=VARCHAR}<if test="!strict">, '%') </if>
			</if>
			<if test="cond.clientNo != null and cond.clientNo != ''">
				and client_no <if test="!strict"> like concat('%', </if><if test="strict"> = </if>#{cond.clientNo, jdbcType=VARCHAR}<if test="!strict">, '%') </if>
			</if>
			<if test="cond.clientName != null and cond.clientName != ''">
				and client_name <if test="!strict"> like concat('%', </if><if test="strict"> = </if>#{cond.clientName, jdbcType=VARCHAR}<if test="!strict">, '%') </if>
			</if>
			<if test="cond.certNo != null and cond.certNo != ''">
				and cert_no <if test="!strict"> like concat('%', </if><if test="strict"> = </if>#{cond.certNo, jdbcType=VARCHAR}<if test="!strict">, '%') </if>
			</if>
			<if test="cond.mobileNo != null and cond.mobileNo != ''">
				and mobile_no <if test="!strict"> like concat('%', </if><if test="strict"> = </if>#{cond.mobileNo, jdbcType=VARCHAR}<if test="!strict">, '%') </if>
			</if>
			<if test="cond.qrType != null and cond.qrType != ''">
				and qr_type <if test="!strict"> like concat('%', </if><if test="strict"> = </if>#{cond.qrType, jdbcType=VARCHAR}<if test="!strict">, '%') </if>
			</if>
			<if test="cond.ticket != null and cond.ticket != ''">
				and ticket <if test="!strict"> like concat('%', </if><if test="strict"> = </if>#{cond.ticket, jdbcType=VARCHAR}<if test="!strict">, '%') </if>
			</if>
			<if test="cond.status != null and cond.status != ''">
				and status <if test="!strict"> like concat('%', </if><if test="strict"> = </if>#{cond.status, jdbcType=VARCHAR}<if test="!strict">, '%') </if>
			</if>
			<if test="cond.createdBy != null and cond.createdBy != ''">
				and created_by <if test="!strict"> like concat('%', </if><if test="strict"> = </if>#{cond.createdBy, jdbcType=VARCHAR}<if test="!strict">, '%') </if>
			</if>
			<if test="cond.createdDate != null">
				and created_date = #{cond.createdDate, jdbcType=TIMESTAMP}
			</if>
			<if test="cond.updatedBy != null and cond.updatedBy != ''">
				and updated_by <if test="!strict"> like concat('%', </if><if test="strict"> = </if>#{cond.updatedBy, jdbcType=VARCHAR}<if test="!strict">, '%') </if>
			</if>
			<if test="cond.updatedDate != null">
				and updated_date = #{cond.updatedDate, jdbcType=TIMESTAMP}
			</if>
		</if>
  </sql>
  <sql id="Base_Column_List_Prefix">
    <!--
      WARNING - @mbg.generated
      This element is automatically generated by MyBatis Generator, do not modify.
    -->
    my.id,my.qr_no,my.push_order_no,my.client_no,my.client_name,my.cert_no,my.mobile_no,my.qr_type,my.ticket,my.status,my.created_by,my.created_date,my.updated_by,my.updated_date
  </sql>
  <select id="selectByModelSelective" parameterType="map" resultMap="BaseResultMap">
    <!--
      WARNING - @mbg.generated
      This element is automatically generated by MyBatis Generator, do not modify.
    -->
    select <include refid="Base_Column_List" /> 
		from qr_code_info
		<where>
			<include refid="dynamicModelSql" />
		</where>
  </select>
  <insert id="insertBatchSelective" parameterType="java.util.List">
    <!--
      WARNING - @mbg.generated
      This element is automatically generated by MyBatis Generator, do not modify.
    -->
    insert into qr_code_info
    <trim prefix="(" suffix=")" suffixOverrides=",">
      <if test="list[0].id!=null">
        id,
      </if>
      <if test="list[0].qrNo!=null">
        qr_no,
      </if>
      <if test="list[0].pushOrderNo!=null">
        push_order_no,
      </if>
      <if test="list[0].clientNo!=null">
        client_no,
      </if>
      <if test="list[0].clientName!=null">
        client_name,
      </if>
      <if test="list[0].certNo!=null">
        cert_no,
      </if>
      <if test="list[0].mobileNo!=null">
        mobile_no,
      </if>
      <if test="list[0].qrType!=null">
        qr_type,
      </if>
      <if test="list[0].ticket!=null">
        ticket,
      </if>
      <if test="list[0].status!=null">
        status,
      </if>
      <if test="list[0].createdBy!=null">
        created_by,
      </if>
      <if test="list[0].createdDate!=null">
        created_date,
      </if>
      <if test="list[0].updatedBy!=null">
        updated_by,
      </if>
      <if test="list[0].updatedDate!=null">
        updated_date,
      </if>
    </trim>
     values 
    <foreach collection="list" index="index" item="item" separator=",">
      <trim prefix=" (" suffix=")" suffixOverrides=",">
        <if test="item.id!=null">
          #{item.id,jdbcType=INTEGER},
        </if>
        <if test="item.qrNo!=null">
          #{item.qrNo,jdbcType=VARCHAR},
        </if>
        <if test="item.pushOrderNo!=null">
          #{item.pushOrderNo,jdbcType=VARCHAR},
        </if>
        <if test="item.clientNo!=null">
          #{item.clientNo,jdbcType=VARCHAR},
        </if>
        <if test="item.clientName!=null">
          #{item.clientName,jdbcType=VARCHAR},
        </if>
        <if test="item.certNo!=null">
          #{item.certNo,jdbcType=VARCHAR},
        </if>
        <if test="item.mobileNo!=null">
          #{item.mobileNo,jdbcType=VARCHAR},
        </if>
        <if test="item.qrType!=null">
          #{item.qrType,jdbcType=VARCHAR},
        </if>
        <if test="item.ticket!=null">
          #{item.ticket,jdbcType=VARCHAR},
        </if>
        <if test="item.status!=null">
          #{item.status,jdbcType=VARCHAR},
        </if>
        <if test="item.createdBy!=null">
          #{item.createdBy,jdbcType=VARCHAR},
        </if>
        <if test="item.createdDate!=null">
          #{item.createdDate,jdbcType=TIMESTAMP},
        </if>
        <if test="item.updatedBy!=null">
          #{item.updatedBy,jdbcType=VARCHAR},
        </if>
        <if test="item.updatedDate!=null">
          #{item.updatedDate,jdbcType=TIMESTAMP},
        </if>
      </trim>
    </foreach>
  </insert>
  <select id="selectOneByModelSelective" parameterType="map" resultMap="BaseResultMap">
    <!--
      WARNING - @mbg.generated
      This element is automatically generated by MyBatis Generator, do not modify.
    -->
    select <include refid="Base_Column_List" /> 
		from qr_code_info
		<where>
			<include refid="dynamicModelSql" />
		</where>
		limit 1
  </select>

    <insert id="initQrCodeInfo" parameterType="com.dashuf.dpbs.model.QrCodeInfo">
        <!--
          WARNING - @mbg.generated
          This element is automatically generated by MyBatis Generator, do not modify.
        -->
        <selectKey keyProperty="id" order="AFTER" resultType="java.lang.Integer">
            SELECT LAST_INSERT_ID()
        </selectKey>
        insert into qr_code_info (qr_no, push_order_no, client_no,
        client_name, cert_no, qr_type, mobile_no,
        ticket, status
        )
        values (#{qrNo,jdbcType=VARCHAR}, #{pushOrderNo,jdbcType=VARCHAR}, #{clientNo,jdbcType=VARCHAR},
        #{clientName,jdbcType=VARCHAR}, #{certNo,jdbcType=VARCHAR}, #{qrType,jdbcType=VARCHAR}, #{mobileNo, jdbcType=VARCHAR},
        #{ticket,jdbcType=VARCHAR}, #{status,jdbcType=VARCHAR}
        )
    </insert>

    <select id="selectUniqueQrCodeInfo" resultMap="BaseResultMap">
        <!--
          WARNING - @mbg.generated
          This element is automatically generated by MyBatis Generator, do not modify.
        -->
        select <include refid="Base_Column_List" />
        from qr_code_info
        where qr_no = #{qrCodeInfoNo, jdbcType=VARCHAR}
    </select>

    <update id="updateQrCodeInfoByOrgStatus">
        update qr_code_info
        set status = #{qrCodeInfo.status, jdbcType=VARCHAR}
        where qr_no = #{qrCodeInfo.qrNo, jdbcType=VARCHAR}
          and status = #{orgStatus, jdbcType=VARCHAR}
    </update>
</mapper>