<?xml version="1.0" encoding="UTF-8"?>
<!DOCTYPE mapper PUBLIC "-//mybatis.org//DTD Mapper 3.0//EN" "http://mybatis.org/dtd/mybatis-3-mapper.dtd">
<mapper namespace="com.dashuf.dpbs.mapper.StepRefLogMapper">
  <resultMap id="BaseResultMap" type="com.dashuf.dpbs.model.StepRefLog">
    <!--
      WARNING - @mbg.generated
      This element is automatically generated by MyBatis Generator, do not modify.
    -->
    <id column="id" jdbcType="INTEGER" property="id" />
    <result column="step_no" jdbcType="VARCHAR" property="stepNo" />
    <result column="step_name" jdbcType="VARCHAR" property="stepName" />
    <result column="step_ref_no" jdbcType="VARCHAR" property="stepRefNo" />
    <result column="step_code" jdbcType="VARCHAR" property="stepCode" />
    <result column="step_val_one" jdbcType="VARCHAR" property="stepValOne" />
    <result column="step_val_two" jdbcType="VARCHAR" property="stepValTwo" />
    <result column="step_val_three" jdbcType="VARCHAR" property="stepValThree" />
    <result column="step_status" jdbcType="VARCHAR" property="stepStatus" />
    <result column="step_msg" jdbcType="VARCHAR" property="stepMsg" />
    <result column="created_by" jdbcType="VARCHAR" property="createdBy" />
    <result column="created_date" jdbcType="TIMESTAMP" property="createdDate" />
    <result column="updated_by" jdbcType="VARCHAR" property="updatedBy" />
    <result column="updated_date" jdbcType="TIMESTAMP" property="updatedDate" />
  </resultMap>
  <sql id="Base_Column_List">
    <!--
      WARNING - @mbg.generated
      This element is automatically generated by MyBatis Generator, do not modify.
    -->
    id, step_no, step_name, step_ref_no, step_code, step_val_one, step_val_two, step_val_three, 
    step_status, step_msg, created_by, created_date, updated_by, updated_date
  </sql>
  <select id="selectByPrimaryKey" parameterType="java.lang.Integer" resultMap="BaseResultMap">
    <!--
      WARNING - @mbg.generated
      This element is automatically generated by MyBatis Generator, do not modify.
    -->
    select 
    <include refid="Base_Column_List" />
    from step_ref_log
    where id = #{id,jdbcType=INTEGER}
  </select>
  <delete id="deleteByPrimaryKey" parameterType="java.lang.Integer">
    <!--
      WARNING - @mbg.generated
      This element is automatically generated by MyBatis Generator, do not modify.
    -->
    delete from step_ref_log
    where id = #{id,jdbcType=INTEGER}
  </delete>
  <insert id="insert" parameterType="com.dashuf.dpbs.model.StepRefLog">
    <!--
      WARNING - @mbg.generated
      This element is automatically generated by MyBatis Generator, do not modify.
    -->
    <selectKey keyProperty="id" order="AFTER" resultType="java.lang.Integer">
      SELECT LAST_INSERT_ID()
    </selectKey>
    insert into step_ref_log (step_no, step_name, step_ref_no, 
      step_code, step_val_one, step_val_two, 
      step_val_three, step_status, step_msg, 
      created_by, created_date, updated_by, 
      updated_date)
    values (#{stepNo,jdbcType=VARCHAR}, #{stepName,jdbcType=VARCHAR}, #{stepRefNo,jdbcType=VARCHAR}, 
      #{stepCode,jdbcType=VARCHAR}, #{stepValOne,jdbcType=VARCHAR}, #{stepValTwo,jdbcType=VARCHAR}, 
      #{stepValThree,jdbcType=VARCHAR}, #{stepStatus,jdbcType=VARCHAR}, #{stepMsg,jdbcType=VARCHAR}, 
      #{createdBy,jdbcType=VARCHAR}, #{createdDate,jdbcType=TIMESTAMP}, #{updatedBy,jdbcType=VARCHAR}, 
      #{updatedDate,jdbcType=TIMESTAMP})
  </insert>
  <insert id="insertSelective" parameterType="com.dashuf.dpbs.model.StepRefLog">
    <!--
      WARNING - @mbg.generated
      This element is automatically generated by MyBatis Generator, do not modify.
    -->
    <selectKey keyProperty="id" order="AFTER" resultType="java.lang.Integer">
      SELECT LAST_INSERT_ID()
    </selectKey>
    insert into step_ref_log
    <trim prefix="(" suffix=")" suffixOverrides=",">
      <if test="stepNo != null">
        step_no,
      </if>
      <if test="stepName != null">
        step_name,
      </if>
      <if test="stepRefNo != null">
        step_ref_no,
      </if>
      <if test="stepCode != null">
        step_code,
      </if>
      <if test="stepValOne != null">
        step_val_one,
      </if>
      <if test="stepValTwo != null">
        step_val_two,
      </if>
      <if test="stepValThree != null">
        step_val_three,
      </if>
      <if test="stepStatus != null">
        step_status,
      </if>
      <if test="stepMsg != null">
        step_msg,
      </if>
      <if test="createdBy != null">
        created_by,
      </if>
      <if test="createdDate != null">
        created_date,
      </if>
      <if test="updatedBy != null">
        updated_by,
      </if>
      <if test="updatedDate != null">
        updated_date,
      </if>
    </trim>
    <trim prefix="values (" suffix=")" suffixOverrides=",">
      <if test="stepNo != null">
        #{stepNo,jdbcType=VARCHAR},
      </if>
      <if test="stepName != null">
        #{stepName,jdbcType=VARCHAR},
      </if>
      <if test="stepRefNo != null">
        #{stepRefNo,jdbcType=VARCHAR},
      </if>
      <if test="stepCode != null">
        #{stepCode,jdbcType=VARCHAR},
      </if>
      <if test="stepValOne != null">
        #{stepValOne,jdbcType=VARCHAR},
      </if>
      <if test="stepValTwo != null">
        #{stepValTwo,jdbcType=VARCHAR},
      </if>
      <if test="stepValThree != null">
        #{stepValThree,jdbcType=VARCHAR},
      </if>
      <if test="stepStatus != null">
        #{stepStatus,jdbcType=VARCHAR},
      </if>
      <if test="stepMsg != null">
        #{stepMsg,jdbcType=VARCHAR},
      </if>
      <if test="createdBy != null">
        #{createdBy,jdbcType=VARCHAR},
      </if>
      <if test="createdDate != null">
        #{createdDate,jdbcType=TIMESTAMP},
      </if>
      <if test="updatedBy != null">
        #{updatedBy,jdbcType=VARCHAR},
      </if>
      <if test="updatedDate != null">
        #{updatedDate,jdbcType=TIMESTAMP},
      </if>
    </trim>
  </insert>
  <update id="updateByPrimaryKeySelective" parameterType="com.dashuf.dpbs.model.StepRefLog">
    <!--
      WARNING - @mbg.generated
      This element is automatically generated by MyBatis Generator, do not modify.
    -->
    update step_ref_log
    <set>
      <if test="stepNo != null">
        step_no = #{stepNo,jdbcType=VARCHAR},
      </if>
      <if test="stepName != null">
        step_name = #{stepName,jdbcType=VARCHAR},
      </if>
      <if test="stepRefNo != null">
        step_ref_no = #{stepRefNo,jdbcType=VARCHAR},
      </if>
      <if test="stepCode != null">
        step_code = #{stepCode,jdbcType=VARCHAR},
      </if>
      <if test="stepValOne != null">
        step_val_one = #{stepValOne,jdbcType=VARCHAR},
      </if>
      <if test="stepValTwo != null">
        step_val_two = #{stepValTwo,jdbcType=VARCHAR},
      </if>
      <if test="stepValThree != null">
        step_val_three = #{stepValThree,jdbcType=VARCHAR},
      </if>
      <if test="stepStatus != null">
        step_status = #{stepStatus,jdbcType=VARCHAR},
      </if>
      <if test="stepMsg != null">
        step_msg = #{stepMsg,jdbcType=VARCHAR},
      </if>
      <if test="createdBy != null">
        created_by = #{createdBy,jdbcType=VARCHAR},
      </if>
      <if test="createdDate != null">
        created_date = #{createdDate,jdbcType=TIMESTAMP},
      </if>
      <if test="updatedBy != null">
        updated_by = #{updatedBy,jdbcType=VARCHAR},
      </if>
      <if test="updatedDate != null">
        updated_date = #{updatedDate,jdbcType=TIMESTAMP},
      </if>
    </set>
    where id = #{id,jdbcType=INTEGER}
  </update>
  <update id="updateByPrimaryKey" parameterType="com.dashuf.dpbs.model.StepRefLog">
    <!--
      WARNING - @mbg.generated
      This element is automatically generated by MyBatis Generator, do not modify.
    -->
    update step_ref_log
    set step_no = #{stepNo,jdbcType=VARCHAR},
      step_name = #{stepName,jdbcType=VARCHAR},
      step_ref_no = #{stepRefNo,jdbcType=VARCHAR},
      step_code = #{stepCode,jdbcType=VARCHAR},
      step_val_one = #{stepValOne,jdbcType=VARCHAR},
      step_val_two = #{stepValTwo,jdbcType=VARCHAR},
      step_val_three = #{stepValThree,jdbcType=VARCHAR},
      step_status = #{stepStatus,jdbcType=VARCHAR},
      step_msg = #{stepMsg,jdbcType=VARCHAR},
      created_by = #{createdBy,jdbcType=VARCHAR},
      created_date = #{createdDate,jdbcType=TIMESTAMP},
      updated_by = #{updatedBy,jdbcType=VARCHAR},
      updated_date = #{updatedDate,jdbcType=TIMESTAMP}
    where id = #{id,jdbcType=INTEGER}
  </update>
  <select id="countByModelSelective" parameterType="map" resultType="int">
    <!--
      WARNING - @mbg.generated
      This element is automatically generated by MyBatis Generator, do not modify.
    -->
    select count(*)
		from step_ref_log
		<where>
			<include refid="dynamicModelSql" />
		</where>
  </select>
  <delete id="deleteByModelSelective" parameterType="map">
    <!--
      WARNING - @mbg.generated
      This element is automatically generated by MyBatis Generator, do not modify.
    -->
    	delete from step_ref_log
		<where>
			<include refid="dynamicModelSql" />
		</where>
  </delete>
  <update id="updateByModelSelective" parameterType="map">
    <!--
      WARNING - @mbg.generated
      This element is automatically generated by MyBatis Generator, do not modify.
    -->
    update step_ref_log
		<set>
			<if test="model.id != null">
				id = #{model.id, jdbcType=INTEGER},
			</if>
			<if test="model.stepNo != null">
				step_no = #{model.stepNo, jdbcType=VARCHAR},
			</if>
			<if test="model.stepName != null">
				step_name = #{model.stepName, jdbcType=VARCHAR},
			</if>
			<if test="model.stepRefNo != null">
				step_ref_no = #{model.stepRefNo, jdbcType=VARCHAR},
			</if>
			<if test="model.stepCode != null">
				step_code = #{model.stepCode, jdbcType=VARCHAR},
			</if>
			<if test="model.stepValOne != null">
				step_val_one = #{model.stepValOne, jdbcType=VARCHAR},
			</if>
			<if test="model.stepValTwo != null">
				step_val_two = #{model.stepValTwo, jdbcType=VARCHAR},
			</if>
			<if test="model.stepValThree != null">
				step_val_three = #{model.stepValThree, jdbcType=VARCHAR},
			</if>
			<if test="model.stepStatus != null">
				step_status = #{model.stepStatus, jdbcType=VARCHAR},
			</if>
			<if test="model.stepMsg != null">
				step_msg = #{model.stepMsg, jdbcType=VARCHAR},
			</if>
			<if test="model.createdBy != null">
				created_by = #{model.createdBy, jdbcType=VARCHAR},
			</if>
			<if test="model.createdDate != null">
				created_date = #{model.createdDate, jdbcType=TIMESTAMP},
			</if>
			<if test="model.updatedBy != null">
				updated_by = #{model.updatedBy, jdbcType=VARCHAR},
			</if>
			<if test="model.updatedDate != null">
				updated_date = #{model.updatedDate, jdbcType=TIMESTAMP},
			</if>
		</set>
		<where>
			<include refid="dynamicModelSql" />
		</where>
  </update>
  <sql id="dynamicModelSql">
    <!--
      WARNING - @mbg.generated
      This element is automatically generated by MyBatis Generator, do not modify.
    -->
    	<if test="cond != null">
			<if test="cond.id != null">
				and id = #{cond.id, jdbcType=INTEGER}
			</if>
			<if test="cond.stepNo != null and cond.stepNo != ''">
				and step_no <if test="!strict"> like concat('%', </if><if test="strict"> = </if>#{cond.stepNo, jdbcType=VARCHAR}<if test="!strict">, '%') </if>
			</if>
			<if test="cond.stepName != null and cond.stepName != ''">
				and step_name <if test="!strict"> like concat('%', </if><if test="strict"> = </if>#{cond.stepName, jdbcType=VARCHAR}<if test="!strict">, '%') </if>
			</if>
			<if test="cond.stepRefNo != null and cond.stepRefNo != ''">
				and step_ref_no <if test="!strict"> like concat('%', </if><if test="strict"> = </if>#{cond.stepRefNo, jdbcType=VARCHAR}<if test="!strict">, '%') </if>
			</if>
			<if test="cond.stepCode != null and cond.stepCode != ''">
				and step_code <if test="!strict"> like concat('%', </if><if test="strict"> = </if>#{cond.stepCode, jdbcType=VARCHAR}<if test="!strict">, '%') </if>
			</if>
			<if test="cond.stepValOne != null and cond.stepValOne != ''">
				and step_val_one <if test="!strict"> like concat('%', </if><if test="strict"> = </if>#{cond.stepValOne, jdbcType=VARCHAR}<if test="!strict">, '%') </if>
			</if>
			<if test="cond.stepValTwo != null and cond.stepValTwo != ''">
				and step_val_two <if test="!strict"> like concat('%', </if><if test="strict"> = </if>#{cond.stepValTwo, jdbcType=VARCHAR}<if test="!strict">, '%') </if>
			</if>
			<if test="cond.stepValThree != null and cond.stepValThree != ''">
				and step_val_three <if test="!strict"> like concat('%', </if><if test="strict"> = </if>#{cond.stepValThree, jdbcType=VARCHAR}<if test="!strict">, '%') </if>
			</if>
			<if test="cond.stepStatus != null and cond.stepStatus != ''">
				and step_status <if test="!strict"> like concat('%', </if><if test="strict"> = </if>#{cond.stepStatus, jdbcType=VARCHAR}<if test="!strict">, '%') </if>
			</if>
			<if test="cond.stepMsg != null and cond.stepMsg != ''">
				and step_msg <if test="!strict"> like concat('%', </if><if test="strict"> = </if>#{cond.stepMsg, jdbcType=VARCHAR}<if test="!strict">, '%') </if>
			</if>
			<if test="cond.createdBy != null and cond.createdBy != ''">
				and created_by <if test="!strict"> like concat('%', </if><if test="strict"> = </if>#{cond.createdBy, jdbcType=VARCHAR}<if test="!strict">, '%') </if>
			</if>
			<if test="cond.createdDate != null">
				and created_date = #{cond.createdDate, jdbcType=TIMESTAMP}
			</if>
			<if test="cond.updatedBy != null and cond.updatedBy != ''">
				and updated_by <if test="!strict"> like concat('%', </if><if test="strict"> = </if>#{cond.updatedBy, jdbcType=VARCHAR}<if test="!strict">, '%') </if>
			</if>
			<if test="cond.updatedDate != null">
				and updated_date = #{cond.updatedDate, jdbcType=TIMESTAMP}
			</if>
		</if>
  </sql>
  <sql id="Base_Column_List_Prefix">
    <!--
      WARNING - @mbg.generated
      This element is automatically generated by MyBatis Generator, do not modify.
    -->
    my.id,my.step_no,my.step_name,my.step_ref_no,my.step_code,my.step_val_one,my.step_val_two,my.step_val_three,my.step_status,my.step_msg,my.created_by,my.created_date,my.updated_by,my.updated_date
  </sql>
  <select id="selectByModelSelective" parameterType="map" resultMap="BaseResultMap">
    <!--
      WARNING - @mbg.generated
      This element is automatically generated by MyBatis Generator, do not modify.
    -->
    select <include refid="Base_Column_List" /> 
		from step_ref_log
		<where>
			<include refid="dynamicModelSql" />
		</where>
  </select>
  <insert id="insertBatchSelective" parameterType="java.util.List">
    <!--
      WARNING - @mbg.generated
      This element is automatically generated by MyBatis Generator, do not modify.
    -->
    insert into step_ref_log
    <trim prefix="(" suffix=")" suffixOverrides=",">
      <if test="list[0].id!=null">
        id,
      </if>
      <if test="list[0].stepNo!=null">
        step_no,
      </if>
      <if test="list[0].stepName!=null">
        step_name,
      </if>
      <if test="list[0].stepRefNo!=null">
        step_ref_no,
      </if>
      <if test="list[0].stepCode!=null">
        step_code,
      </if>
      <if test="list[0].stepValOne!=null">
        step_val_one,
      </if>
      <if test="list[0].stepValTwo!=null">
        step_val_two,
      </if>
      <if test="list[0].stepValThree!=null">
        step_val_three,
      </if>
      <if test="list[0].stepStatus!=null">
        step_status,
      </if>
      <if test="list[0].stepMsg!=null">
        step_msg,
      </if>
      <if test="list[0].createdBy!=null">
        created_by,
      </if>
      <if test="list[0].createdDate!=null">
        created_date,
      </if>
      <if test="list[0].updatedBy!=null">
        updated_by,
      </if>
      <if test="list[0].updatedDate!=null">
        updated_date,
      </if>
    </trim>
     values 
    <foreach collection="list" index="index" item="item" separator=",">
      <trim prefix=" (" suffix=")" suffixOverrides=",">
        <if test="item.id!=null">
          #{item.id,jdbcType=INTEGER},
        </if>
        <if test="item.stepNo!=null">
          #{item.stepNo,jdbcType=VARCHAR},
        </if>
        <if test="item.stepName!=null">
          #{item.stepName,jdbcType=VARCHAR},
        </if>
        <if test="item.stepRefNo!=null">
          #{item.stepRefNo,jdbcType=VARCHAR},
        </if>
        <if test="item.stepCode!=null">
          #{item.stepCode,jdbcType=VARCHAR},
        </if>
        <if test="item.stepValOne!=null">
          #{item.stepValOne,jdbcType=VARCHAR},
        </if>
        <if test="item.stepValTwo!=null">
          #{item.stepValTwo,jdbcType=VARCHAR},
        </if>
        <if test="item.stepValThree!=null">
          #{item.stepValThree,jdbcType=VARCHAR},
        </if>
        <if test="item.stepStatus!=null">
          #{item.stepStatus,jdbcType=VARCHAR},
        </if>
        <if test="item.stepMsg!=null">
          #{item.stepMsg,jdbcType=VARCHAR},
        </if>
        <if test="item.createdBy!=null">
          #{item.createdBy,jdbcType=VARCHAR},
        </if>
        <if test="item.createdDate!=null">
          #{item.createdDate,jdbcType=TIMESTAMP},
        </if>
        <if test="item.updatedBy!=null">
          #{item.updatedBy,jdbcType=VARCHAR},
        </if>
        <if test="item.updatedDate!=null">
          #{item.updatedDate,jdbcType=TIMESTAMP},
        </if>
      </trim>
    </foreach>
  </insert>
  <select id="selectOneByModelSelective" parameterType="map" resultMap="BaseResultMap">
    <!--
      WARNING - @mbg.generated
      This element is automatically generated by MyBatis Generator, do not modify.
    -->
    select <include refid="Base_Column_List" /> 
		from step_ref_log
		<where>
			<include refid="dynamicModelSql" />
		</where>
		limit 1
  </select>
</mapper>