<?xml version="1.0" encoding="UTF-8"?>
<!DOCTYPE mapper PUBLIC "-//mybatis.org//DTD Mapper 3.0//EN" "http://mybatis.org/dtd/mybatis-3-mapper.dtd">
<mapper namespace="com.dashuf.dpbs.mapper.SysConfMapper">
  <resultMap id="SysConfMap" type="com.dashuf.dpbs.model.SysConf">
    <!--
      WARNING - @mbg.generated
      This element is automatically generated by MyBatis Generator, do not modify.
    -->
    <id column="id" jdbcType="INTEGER" property="id" />
    <result column="module_code" jdbcType="VARCHAR" property="moduleCode" />
    <result column="module_sub_code" jdbcType="VARCHAR" property="moduleSubCode" />
    <result column="module_key" jdbcType="VARCHAR" property="moduleKey" />
    <result column="module_val" jdbcType="VARCHAR" property="moduleVal" />
    <result column="remark" jdbcType="VARCHAR" property="remark" />
    <result column="created_by" jdbcType="VARCHAR" property="createdBy" />
    <result column="created_date" jdbcType="TIMESTAMP" property="createdDate" />
    <result column="updated_by" jdbcType="VARCHAR" property="updatedBy" />
    <result column="updated_date" jdbcType="TIMESTAMP" property="updatedDate" />
  </resultMap>
  <sql id="Base_Column_List">
    <!--
      WARNING - @mbg.generated
      This element is automatically generated by MyBatis Generator, do not modify.
    -->
    id, module_code, module_sub_code, module_key, module_val, remark, created_by, created_date,
    updated_by, updated_date
  </sql>
  
  <select id="selectValue" parameterType="com.dashuf.dpbs.model.SysConf" resultType="java.lang.String">
  	select module_val from sys_conf
  		where module_code = #{moduleCode, jdbcType=VARCHAR}
  		      and module_sub_code = #{moduleSubCode, jdbcType=VARCHAR}
  		      and module_key = #{moduleKey, jdbcType=VARCHAR}
  </select>
  
  <update id="updateValue" parameterType="com.dashuf.dpbs.model.SysConf">
  	update sys_conf
  		set module_val = #{moduleVal, jdbcType=VARCHAR}
  		where module_code = #{moduleCode, jdbcType=VARCHAR}
  		      and module_sub_code = #{moduleSubCode, jdbcType=VARCHAR}
  		      and module_key = #{moduleKey, jdbcType=VARCHAR}
  </update>

  <select id="selectSysConfList" resultMap="SysConfMap">
      select <include refid="Base_Column_List" />
          from sys_conf
  </select>
  
</mapper>