<?xml version="1.0" encoding="UTF-8"?>
<!DOCTYPE mapper PUBLIC "-//mybatis.org//DTD Mapper 3.0//EN" "http://mybatis.org/dtd/mybatis-3-mapper.dtd">
<mapper namespace="com.dashuf.dpbs.mapper.SysDictMapper">
  <resultMap id="BaseResultMap" type="com.dashuf.dpbs.model.SysDict">
    <!--
      WARNING - @mbg.generated
      This element is automatically generated by MyBatis Generator, do not modify.
    -->
    <id column="id" jdbcType="INTEGER" property="id" />
    <result column="dict_no" jdbcType="VARCHAR" property="dictNo" />
    <result column="dict_key" jdbcType="VARCHAR" property="dictKey" />
    <result column="dict_val" jdbcType="VARCHAR" property="dictVal" />
    <result column="dict_pid" jdbcType="VARCHAR" property="dictPid" />
    <result column="dict_sort" jdbcType="VARCHAR" property="dictSort" />
    <result column="status" jdbcType="VARCHAR" property="status" />
    <result column="created_date" jdbcType="TIMESTAMP" property="createdDate" />
    <result column="created_by" jdbcType="VARCHAR" property="createdBy" />
    <result column="updated_date" jdbcType="TIMESTAMP" property="updatedDate" />
    <result column="updated_by" jdbcType="VARCHAR" property="updatedBy" />
  </resultMap>
  <sql id="Base_Column_List">
    <!--
      WARNING - @mbg.generated
      This element is automatically generated by MyBatis Generator, do not modify.
    -->
    id, dict_no, dict_key, dict_val, dict_pid, dict_sort, status, created_date, created_by, 
    updated_date, updated_by
  </sql>
  <select id="selectByPrimaryKey" parameterType="java.lang.Integer" resultMap="BaseResultMap">
    <!--
      WARNING - @mbg.generated
      This element is automatically generated by MyBatis Generator, do not modify.
    -->
    select 
    <include refid="Base_Column_List" />
    from sys_dict
    where id = #{id,jdbcType=INTEGER}
  </select>
  <delete id="deleteByPrimaryKey" parameterType="java.lang.Integer">
    <!--
      WARNING - @mbg.generated
      This element is automatically generated by MyBatis Generator, do not modify.
    -->
    delete from sys_dict
    where id = #{id,jdbcType=INTEGER}
  </delete>
  <insert id="insert" parameterType="com.dashuf.dpbs.model.SysDict">
    <!--
      WARNING - @mbg.generated
      This element is automatically generated by MyBatis Generator, do not modify.
    -->
    <selectKey keyProperty="id" order="AFTER" resultType="java.lang.Integer">
      SELECT LAST_INSERT_ID()
    </selectKey>
    insert into sys_dict (dict_no, dict_key, dict_val, 
      dict_pid, dict_sort, status, 
      created_date, created_by, updated_date, 
      updated_by)
    values (#{dictNo,jdbcType=VARCHAR}, #{dictKey,jdbcType=VARCHAR}, #{dictVal,jdbcType=VARCHAR}, 
      #{dictPid,jdbcType=VARCHAR}, #{dictSort,jdbcType=VARCHAR}, #{status,jdbcType=VARCHAR}, 
      #{createdDate,jdbcType=TIMESTAMP}, #{createdBy,jdbcType=VARCHAR}, #{updatedDate,jdbcType=TIMESTAMP}, 
      #{updatedBy,jdbcType=VARCHAR})
  </insert>
  <insert id="insertSelective" parameterType="com.dashuf.dpbs.model.SysDict">
    <!--
      WARNING - @mbg.generated
      This element is automatically generated by MyBatis Generator, do not modify.
    -->
    <selectKey keyProperty="id" order="AFTER" resultType="java.lang.Integer">
      SELECT LAST_INSERT_ID()
    </selectKey>
    insert into sys_dict
    <trim prefix="(" suffix=")" suffixOverrides=",">
      <if test="dictNo != null">
        dict_no,
      </if>
      <if test="dictKey != null">
        dict_key,
      </if>
      <if test="dictVal != null">
        dict_val,
      </if>
      <if test="dictPid != null">
        dict_pid,
      </if>
      <if test="dictSort != null">
        dict_sort,
      </if>
      <if test="status != null">
        status,
      </if>
      <if test="createdDate != null">
        created_date,
      </if>
      <if test="createdBy != null">
        created_by,
      </if>
      <if test="updatedDate != null">
        updated_date,
      </if>
      <if test="updatedBy != null">
        updated_by,
      </if>
    </trim>
    <trim prefix="values (" suffix=")" suffixOverrides=",">
      <if test="dictNo != null">
        #{dictNo,jdbcType=VARCHAR},
      </if>
      <if test="dictKey != null">
        #{dictKey,jdbcType=VARCHAR},
      </if>
      <if test="dictVal != null">
        #{dictVal,jdbcType=VARCHAR},
      </if>
      <if test="dictPid != null">
        #{dictPid,jdbcType=VARCHAR},
      </if>
      <if test="dictSort != null">
        #{dictSort,jdbcType=VARCHAR},
      </if>
      <if test="status != null">
        #{status,jdbcType=VARCHAR},
      </if>
      <if test="createdDate != null">
        #{createdDate,jdbcType=TIMESTAMP},
      </if>
      <if test="createdBy != null">
        #{createdBy,jdbcType=VARCHAR},
      </if>
      <if test="updatedDate != null">
        #{updatedDate,jdbcType=TIMESTAMP},
      </if>
      <if test="updatedBy != null">
        #{updatedBy,jdbcType=VARCHAR},
      </if>
    </trim>
  </insert>
  <update id="updateByPrimaryKeySelective" parameterType="com.dashuf.dpbs.model.SysDict">
    <!--
      WARNING - @mbg.generated
      This element is automatically generated by MyBatis Generator, do not modify.
    -->
    update sys_dict
    <set>
      <if test="dictNo != null">
        dict_no = #{dictNo,jdbcType=VARCHAR},
      </if>
      <if test="dictKey != null">
        dict_key = #{dictKey,jdbcType=VARCHAR},
      </if>
      <if test="dictVal != null">
        dict_val = #{dictVal,jdbcType=VARCHAR},
      </if>
      <if test="dictPid != null">
        dict_pid = #{dictPid,jdbcType=VARCHAR},
      </if>
      <if test="dictSort != null">
        dict_sort = #{dictSort,jdbcType=VARCHAR},
      </if>
      <if test="status != null">
        status = #{status,jdbcType=VARCHAR},
      </if>
      <if test="createdDate != null">
        created_date = #{createdDate,jdbcType=TIMESTAMP},
      </if>
      <if test="createdBy != null">
        created_by = #{createdBy,jdbcType=VARCHAR},
      </if>
      <if test="updatedDate != null">
        updated_date = #{updatedDate,jdbcType=TIMESTAMP},
      </if>
      <if test="updatedBy != null">
        updated_by = #{updatedBy,jdbcType=VARCHAR},
      </if>
    </set>
    where id = #{id,jdbcType=INTEGER}
  </update>
  <update id="updateByPrimaryKey" parameterType="com.dashuf.dpbs.model.SysDict">
    <!--
      WARNING - @mbg.generated
      This element is automatically generated by MyBatis Generator, do not modify.
    -->
    update sys_dict
    set dict_no = #{dictNo,jdbcType=VARCHAR},
      dict_key = #{dictKey,jdbcType=VARCHAR},
      dict_val = #{dictVal,jdbcType=VARCHAR},
      dict_pid = #{dictPid,jdbcType=VARCHAR},
      dict_sort = #{dictSort,jdbcType=VARCHAR},
      status = #{status,jdbcType=VARCHAR},
      created_date = #{createdDate,jdbcType=TIMESTAMP},
      created_by = #{createdBy,jdbcType=VARCHAR},
      updated_date = #{updatedDate,jdbcType=TIMESTAMP},
      updated_by = #{updatedBy,jdbcType=VARCHAR}
    where id = #{id,jdbcType=INTEGER}
  </update>
  <select id="countByModelSelective" parameterType="map" resultType="int">
    <!--
      WARNING - @mbg.generated
      This element is automatically generated by MyBatis Generator, do not modify.
    -->
    select count(*)
		from sys_dict
		<where>
			<include refid="dynamicModelSql" />
		</where>
  </select>
  <delete id="deleteByModelSelective" parameterType="map">
    <!--
      WARNING - @mbg.generated
      This element is automatically generated by MyBatis Generator, do not modify.
    -->
    	delete from sys_dict
		<where>
			<include refid="dynamicModelSql" />
		</where>
  </delete>
  <update id="updateByModelSelective" parameterType="map">
    <!--
      WARNING - @mbg.generated
      This element is automatically generated by MyBatis Generator, do not modify.
    -->
    update sys_dict
		<set>
			<if test="model.id != null">
				id = #{model.id, jdbcType=INTEGER},
			</if>
			<if test="model.dictNo != null">
				dict_no = #{model.dictNo, jdbcType=VARCHAR},
			</if>
			<if test="model.dictKey != null">
				dict_key = #{model.dictKey, jdbcType=VARCHAR},
			</if>
			<if test="model.dictVal != null">
				dict_val = #{model.dictVal, jdbcType=VARCHAR},
			</if>
			<if test="model.dictPid != null">
				dict_pid = #{model.dictPid, jdbcType=VARCHAR},
			</if>
			<if test="model.dictSort != null">
				dict_sort = #{model.dictSort, jdbcType=VARCHAR},
			</if>
			<if test="model.status != null">
				status = #{model.status, jdbcType=VARCHAR},
			</if>
			<if test="model.createdDate != null">
				created_date = #{model.createdDate, jdbcType=TIMESTAMP},
			</if>
			<if test="model.createdBy != null">
				created_by = #{model.createdBy, jdbcType=VARCHAR},
			</if>
			<if test="model.updatedDate != null">
				updated_date = #{model.updatedDate, jdbcType=TIMESTAMP},
			</if>
			<if test="model.updatedBy != null">
				updated_by = #{model.updatedBy, jdbcType=VARCHAR},
			</if>
		</set>
		<where>
			<include refid="dynamicModelSql" />
		</where>
  </update>
  <sql id="dynamicModelSql">
    <!--
      WARNING - @mbg.generated
      This element is automatically generated by MyBatis Generator, do not modify.
    -->
    	<if test="cond != null">
			<if test="cond.id != null">
				and id = #{cond.id, jdbcType=INTEGER}
			</if>
			<if test="cond.dictNo != null and cond.dictNo != ''">
				and dict_no <if test="!strict"> like concat('%', </if><if test="strict"> = </if>#{cond.dictNo, jdbcType=VARCHAR}<if test="!strict">, '%') </if>
			</if>
			<if test="cond.dictKey != null and cond.dictKey != ''">
				and dict_key <if test="!strict"> like concat('%', </if><if test="strict"> = </if>#{cond.dictKey, jdbcType=VARCHAR}<if test="!strict">, '%') </if>
			</if>
			<if test="cond.dictVal != null and cond.dictVal != ''">
				and dict_val <if test="!strict"> like concat('%', </if><if test="strict"> = </if>#{cond.dictVal, jdbcType=VARCHAR}<if test="!strict">, '%') </if>
			</if>
			<if test="cond.dictPid != null and cond.dictPid != ''">
				and dict_pid <if test="!strict"> like concat('%', </if><if test="strict"> = </if>#{cond.dictPid, jdbcType=VARCHAR}<if test="!strict">, '%') </if>
			</if>
			<if test="cond.dictSort != null and cond.dictSort != ''">
				and dict_sort <if test="!strict"> like concat('%', </if><if test="strict"> = </if>#{cond.dictSort, jdbcType=VARCHAR}<if test="!strict">, '%') </if>
			</if>
			<if test="cond.status != null and cond.status != ''">
				and status <if test="!strict"> like concat('%', </if><if test="strict"> = </if>#{cond.status, jdbcType=VARCHAR}<if test="!strict">, '%') </if>
			</if>
			<if test="cond.createdDate != null">
				and created_date = #{cond.createdDate, jdbcType=TIMESTAMP}
			</if>
			<if test="cond.createdBy != null and cond.createdBy != ''">
				and created_by <if test="!strict"> like concat('%', </if><if test="strict"> = </if>#{cond.createdBy, jdbcType=VARCHAR}<if test="!strict">, '%') </if>
			</if>
			<if test="cond.updatedDate != null">
				and updated_date = #{cond.updatedDate, jdbcType=TIMESTAMP}
			</if>
			<if test="cond.updatedBy != null and cond.updatedBy != ''">
				and updated_by <if test="!strict"> like concat('%', </if><if test="strict"> = </if>#{cond.updatedBy, jdbcType=VARCHAR}<if test="!strict">, '%') </if>
			</if>
		</if>
  </sql>
  <sql id="Base_Column_List_Prefix">
    <!--
      WARNING - @mbg.generated
      This element is automatically generated by MyBatis Generator, do not modify.
    -->
    my.id,my.dict_no,my.dict_key,my.dict_val,my.dict_pid,my.dict_sort,my.status,my.created_date,my.created_by,my.updated_date,my.updated_by
  </sql>
  <select id="selectByModelSelective" parameterType="map" resultMap="BaseResultMap">
    <!--
      WARNING - @mbg.generated
      This element is automatically generated by MyBatis Generator, do not modify.
    -->
    select <include refid="Base_Column_List" /> 
		from sys_dict
		<where>
			<include refid="dynamicModelSql" />
		</where>
  </select>
  <insert id="insertBatchSelective" parameterType="java.util.List">
    <!--
      WARNING - @mbg.generated
      This element is automatically generated by MyBatis Generator, do not modify.
    -->
    insert into sys_dict
    <trim prefix="(" suffix=")" suffixOverrides=",">
      <if test="list[0].id!=null">
        id,
      </if>
      <if test="list[0].dictNo!=null">
        dict_no,
      </if>
      <if test="list[0].dictKey!=null">
        dict_key,
      </if>
      <if test="list[0].dictVal!=null">
        dict_val,
      </if>
      <if test="list[0].dictPid!=null">
        dict_pid,
      </if>
      <if test="list[0].dictSort!=null">
        dict_sort,
      </if>
      <if test="list[0].status!=null">
        status,
      </if>
      <if test="list[0].createdDate!=null">
        created_date,
      </if>
      <if test="list[0].createdBy!=null">
        created_by,
      </if>
      <if test="list[0].updatedDate!=null">
        updated_date,
      </if>
      <if test="list[0].updatedBy!=null">
        updated_by,
      </if>
    </trim>
     values 
    <foreach collection="list" index="index" item="item" separator=",">
      <trim prefix=" (" suffix=")" suffixOverrides=",">
        <if test="item.id!=null">
          #{item.id,jdbcType=INTEGER},
        </if>
        <if test="item.dictNo!=null">
          #{item.dictNo,jdbcType=VARCHAR},
        </if>
        <if test="item.dictKey!=null">
          #{item.dictKey,jdbcType=VARCHAR},
        </if>
        <if test="item.dictVal!=null">
          #{item.dictVal,jdbcType=VARCHAR},
        </if>
        <if test="item.dictPid!=null">
          #{item.dictPid,jdbcType=VARCHAR},
        </if>
        <if test="item.dictSort!=null">
          #{item.dictSort,jdbcType=VARCHAR},
        </if>
        <if test="item.status!=null">
          #{item.status,jdbcType=VARCHAR},
        </if>
        <if test="item.createdDate!=null">
          #{item.createdDate,jdbcType=TIMESTAMP},
        </if>
        <if test="item.createdBy!=null">
          #{item.createdBy,jdbcType=VARCHAR},
        </if>
        <if test="item.updatedDate!=null">
          #{item.updatedDate,jdbcType=TIMESTAMP},
        </if>
        <if test="item.updatedBy!=null">
          #{item.updatedBy,jdbcType=VARCHAR},
        </if>
      </trim>
    </foreach>
  </insert>
  <select id="selectOneByModelSelective" parameterType="map" resultMap="BaseResultMap">
    <!--
      WARNING - @mbg.generated
      This element is automatically generated by MyBatis Generator, do not modify.
    -->
    select <include refid="Base_Column_List" /> 
		from sys_dict
		<where>
			<include refid="dynamicModelSql" />
		</where>
		limit 1
  </select>
</mapper>