<?xml version="1.0" encoding="UTF-8"?>
<!DOCTYPE mapper PUBLIC "-//mybatis.org//DTD Mapper 3.0//EN" "http://mybatis.org/dtd/mybatis-3-mapper.dtd">
<mapper namespace="com.dashuf.dpbs.mapper.ThirdPartyAccessMapper">
  <resultMap id="BaseResultMap" type="com.dashuf.dpbs.model.PushOrderLog">
    <!--
      WARNING - @mbg.generated
      This element is automatically generated by MyBatis Generator, do not modify.
    -->
    <id column="id" jdbcType="INTEGER" property="id" />
    <result column="push_order_no" jdbcType="VARCHAR" property="pushOrderNo" />
    <result column="user_no" jdbcType="VARCHAR" property="userNo" />
    <result column="client_no" jdbcType="VARCHAR" property="clientNo" />
    <result column="cert_no" jdbcType="VARCHAR" property="certNo" />
    <result column="movie_no" jdbcType="VARCHAR" property="movieNo" />
    <result column="info_entry_no" jdbcType="VARCHAR" property="infoEntryNo" />
    <result column="if_insurance" jdbcType="VARCHAR" property="ifInsurance" />
    <result column="if_credit_supply" jdbcType="VARCHAR" property="ifCreditSupply" />
    <result column="if_house" jdbcType="VARCHAR" property="ifHouse" />
    <result column="credit_sign_result" jdbcType="VARCHAR" property="creditSignResult" />
    <result column="credit_auth_result" jdbcType="VARCHAR" property="creditAuthResult" />
    <result column="rtn_code" jdbcType="VARCHAR" property="rtnCode" />
    <result column="rtn_msg" jdbcType="VARCHAR" property="rtnMsg" />
    <result column="push_start_time" jdbcType="TIMESTAMP" property="pushStartTime" />
    <result column="push_end_time" jdbcType="TIMESTAMP" property="pushEndTime" />
    <result column="ds001_result" jdbcType="VARCHAR" property="ds001Result" />
    <result column="ds002_result" jdbcType="VARCHAR" property="ds002Result" />
    <result column="eval_start_time" jdbcType="TIMESTAMP" property="evalStartTime" />
    <result column="eval_end_time" jdbcType="TIMESTAMP" property="evalEndTime" />
    <result column="eval_loan_amt" jdbcType="DECIMAL" property="evalLoanAmt" />
    <result column="eval_pay_month_amt" jdbcType="DECIMAL" property="evalPayMonthAmt" />
    <result column="eval_expire_time" jdbcType="TIMESTAMP" property="evalExpireTime" />
    <result column="push_status" jdbcType="VARCHAR" property="pushStatus" />
    <result column="application_id" jdbcType="VARCHAR" property="applicationId" />
    <result column="created_by" jdbcType="VARCHAR" property="createdBy" />
    <result column="created_date" jdbcType="TIMESTAMP" property="createdDate" />
    <result column="updated_by" jdbcType="VARCHAR" property="updatedBy" />
    <result column="updated_date" jdbcType="TIMESTAMP" property="updatedDate" />
  </resultMap>
  <sql id="Base_Column_List">
    <!--
      WARNING - @mbg.generated
      This element is automatically generated by MyBatis Generator, do not modify.
    -->
    id, push_order_no, user_no, client_no, cert_no, movie_no, info_entry_no, if_insurance, 
    if_credit_supply, if_house, credit_sign_result, credit_auth_result, rtn_code, rtn_msg, 
    push_start_time, push_end_time, ds001_result, ds002_result, eval_start_time, eval_end_time, 
    eval_loan_amt, eval_pay_month_amt, eval_expire_time, push_status, application_id, 
    created_by, created_date, updated_by, updated_date
  </sql>

  <select id="queryDs020GetScore" resultMap="BaseResultMap">
    select
      <include refid="Base_Column_List"/>
    from push_order_log
    where push_status in ('credit', 'eval_ing', 'eval_success')
      and push_end_time > DATE_SUB(CURDATE(),INTERVAL 3 DAY)
      and cert_no = 'false'
      order by push_end_time desc limit 10
  </select>

  <update id="lockPushOrderLog">
    update push_order_log set cert_no = 'true'
      where push_order_no = #{pushOrderNo, jdbcType=VARCHAR}
            and cert_no = 'false'
  </update>

  <update id="unLockPushOrderLog">
    update push_order_log set cert_no = 'false'
      where push_order_no = #{pushOrderNo, jdbcType=VARCHAR}
            and cert_no = 'true'
  </update>

</mapper>