<?xml version="1.0" encoding="UTF-8"?>
<!DOCTYPE mapper PUBLIC "-//mybatis.org//DTD Mapper 3.0//EN" "http://mybatis.org/dtd/mybatis-3-mapper.dtd">
<mapper namespace="com.dashuf.dpbs.mapper.UserInfoMapper">
    <resultMap id="BaseResultMap" type="com.dashuf.dpbs.model.UserInfo">
        <!--
          WARNING - @mbg.generated
          This element is automatically generated by MyBatis Generator, do not modify.
        -->
        <id column="id" jdbcType="INTEGER" property="id"/>
        <result column="user_no" jdbcType="VARCHAR" property="userNo"/>
        <result column="user_name" jdbcType="VARCHAR" property="userName"/>
        <result column="cert_no" jdbcType="VARCHAR" property="certNo"/>
        <result column="birth_date" jdbcType="DATE" property="birthDate"/>
        <result column="gender_cd" jdbcType="VARCHAR" property="genderCd"/>
        <result column="user_age" jdbcType="INTEGER" property="userAge"/>
        <result column="mobile_no" jdbcType="VARCHAR" property="mobileNo"/>
        <result column="user_pwd" jdbcType="VARCHAR" property="userPwd"/>
        <result column="src_team_no" jdbcType="VARCHAR" property="srcTeamNo"/>
        <result column="src_team_code" jdbcType="VARCHAR" property="srcTeamCode"/>
        <result column="src_channel" jdbcType="VARCHAR" property="srcChannel"/>
        <result column="src_channel_code" jdbcType="VARCHAR" property="srcChannelCode"/>
        <result column="src_company" jdbcType="VARCHAR" property="srcCompany"/>
        <result column="src_company_code" jdbcType="VARCHAR" property="srcCompanyCode"/>
        <result column="user_type" jdbcType="VARCHAR" property="userType"/>
        <result column="src_um_no" jdbcType="VARCHAR" property="srcUmNo"/>
        <result column="src_um_name" jdbcType="VARCHAR" property="srcUmName"/>
        <result column="src_um_mobile_no" jdbcType="VARCHAR" property="srcUmMobileNo"/>
        <result column="bank_account_no" jdbcType="VARCHAR" property="bankAccountNo"/>
        <result column="bank_account_name" jdbcType="VARCHAR" property="bankAccountName"/>
        <result column="bank_open_no" jdbcType="VARCHAR" property="bankOpenNo"/>
        <result column="bank_open_name" jdbcType="VARCHAR" property="bankOpenName"/>
        <result column="forbid_push_date" jdbcType="TIMESTAMP" property="forbidPushDate"/>
        <result column="stop_use_date" jdbcType="TIMESTAMP" property="stopUseDate"/>
        <result column="reg_method" jdbcType="VARCHAR" property="regMethod"/>
        <result column="reg_date" jdbcType="TIMESTAMP" property="regDate"/>
        <result column="open_id" jdbcType="VARCHAR" property="openId"/>
        <result column="status" jdbcType="VARCHAR" property="status"/>
        <result column="created_by" jdbcType="VARCHAR" property="createdBy"/>
        <result column="created_date" jdbcType="TIMESTAMP" property="createdDate"/>
        <result column="updated_by" jdbcType="VARCHAR" property="updatedBy"/>
        <result column="updated_date" jdbcType="TIMESTAMP" property="updatedDate"/>
        <result column="verify_ind" jdbcType="VARCHAR" property="isVerify"/>
    </resultMap>
    <sql id="Base_Column_List">
        <!--
          WARNING - @mbg.generated
          This element is automatically generated by MyBatis Generator, do not modify.
        -->
        id, user_no, user_name, cert_no, birth_date, src_company_code, src_channel_code, gender_cd, mobile_no, user_pwd,
        src_team_no, src_channel, src_team_code,
        src_company, src_company_code, user_type, src_um_no, src_um_name, src_um_mobile_no, bank_account_no,
        bank_account_name,
        bank_open_no, bank_open_name, forbid_push_date, stop_use_date, reg_method, reg_date,
        open_id, status, created_by, created_date, updated_by, updated_date,verify_ind
    </sql>
    <select id="selectByPrimaryKey" parameterType="java.lang.Integer" resultMap="BaseResultMap">
        <!--
          WARNING - @mbg.generated
          This element is automatically generated by MyBatis Generator, do not modify.
        -->
        select
        <include refid="Base_Column_List"/>
        from user_info
        where id = #{id,jdbcType=INTEGER}
    </select>
    <delete id="deleteByPrimaryKey" parameterType="java.lang.Integer">
        <!--
          WARNING - @mbg.generated
          This element is automatically generated by MyBatis Generator, do not modify.
        -->
        delete from user_info
        where id = #{id,jdbcType=INTEGER}
    </delete>
    <insert id="insert" parameterType="com.dashuf.dpbs.model.UserInfo">
        <!--
          WARNING - @mbg.generated
          This element is automatically generated by MyBatis Generator, do not modify.
        -->
        <selectKey keyProperty="id" order="AFTER" resultType="java.lang.Integer">
            SELECT LAST_INSERT_ID()
        </selectKey>
        insert into user_info (user_no, user_name, cert_no,
        birth_date, mobile_no, user_pwd,
        src_team_no, src_channel, src_company,
        user_type, src_um_no, src_um_name,
        bank_account_no, bank_account_name, bank_open_no,
        bank_open_name, forbid_push_date, stop_use_date,
        reg_method, reg_date, open_id,
        status, created_by, created_date,
        updated_by, updated_date)
        values (#{userNo,jdbcType=VARCHAR}, #{userName,jdbcType=VARCHAR}, #{certNo,jdbcType=VARCHAR},
        #{birthDate,jdbcType=DATE}, #{mobileNo,jdbcType=VARCHAR}, #{userPwd,jdbcType=VARCHAR},
        #{srcTeamNo,jdbcType=VARCHAR}, #{srcChannel,jdbcType=VARCHAR}, #{srcCompany,jdbcType=VARCHAR},
        #{userType,jdbcType=VARCHAR}, #{srcUmNo,jdbcType=VARCHAR}, #{srcUmName,jdbcType=VARCHAR},
        #{bankAccountNo,jdbcType=VARCHAR}, #{bankAccountName,jdbcType=VARCHAR}, #{bankOpenNo,jdbcType=VARCHAR},
        #{bankOpenName,jdbcType=VARCHAR}, #{forbidPushDate,jdbcType=TIMESTAMP}, #{stopUseDate,jdbcType=TIMESTAMP},
        #{regMethod,jdbcType=VARCHAR}, #{regDate,jdbcType=TIMESTAMP}, #{openId,jdbcType=VARCHAR},
        #{status,jdbcType=VARCHAR}, #{createdBy,jdbcType=VARCHAR}, #{createdDate,jdbcType=TIMESTAMP},
        #{updatedBy,jdbcType=VARCHAR}, #{updatedDate,jdbcType=TIMESTAMP})
    </insert>
    <insert id="insertSelective" parameterType="com.dashuf.dpbs.model.UserInfo">
        <!--
          WARNING - @mbg.generated
          This element is automatically generated by MyBatis Generator, do not modify.
        -->
        <selectKey keyProperty="id" order="AFTER" resultType="java.lang.Integer">
            SELECT LAST_INSERT_ID()
        </selectKey>
        insert into user_info
        <trim prefix="(" suffix=")" suffixOverrides=",">
            <if test="userNo != null">
                user_no,
            </if>
            <if test="userName != null">
                user_name,
            </if>
            <if test="certNo != null">
                cert_no,
            </if>
            <if test="birthDate != null">
                birth_date,
            </if>
            <if test="mobileNo != null">
                mobile_no,
            </if>
            <if test="userPwd != null">
                user_pwd,
            </if>
            <if test="srcTeamNo != null">
                src_team_no,
            </if>
            <if test="srcChannel != null">
                src_channel,
            </if>
            <if test="srcCompany != null">
                src_company,
            </if>
            <if test="userType != null">
                user_type,
            </if>
            <if test="srcUmNo != null">
                src_um_no,
            </if>
            <if test="srcUmName != null">
                src_um_name,
            </if>
            <if test="bankAccountNo != null">
                bank_account_no,
            </if>
            <if test="bankAccountName != null">
                bank_account_name,
            </if>
            <if test="bankOpenNo != null">
                bank_open_no,
            </if>
            <if test="bankOpenName != null">
                bank_open_name,
            </if>
            <if test="forbidPushDate != null">
                forbid_push_date,
            </if>
            <if test="stopUseDate != null">
                stop_use_date,
            </if>
            <if test="regMethod != null">
                reg_method,
            </if>
            <if test="regDate != null">
                reg_date,
            </if>
            <if test="openId != null">
                open_id,
            </if>
            <if test="status != null">
                status,
            </if>
            <if test="createdBy != null">
                created_by,
            </if>
            <if test="createdDate != null">
                created_date,
            </if>
            <if test="updatedBy != null">
                updated_by,
            </if>
            <if test="updatedDate != null">
                updated_date,
            </if>
        </trim>
        <trim prefix="values (" suffix=")" suffixOverrides=",">
            <if test="userNo != null">
                #{userNo,jdbcType=VARCHAR},
            </if>
            <if test="userName != null">
                #{userName,jdbcType=VARCHAR},
            </if>
            <if test="certNo != null">
                #{certNo,jdbcType=VARCHAR},
            </if>
            <if test="birthDate != null">
                #{birthDate,jdbcType=DATE},
            </if>
            <if test="mobileNo != null">
                #{mobileNo,jdbcType=VARCHAR},
            </if>
            <if test="userPwd != null">
                #{userPwd,jdbcType=VARCHAR},
            </if>
            <if test="srcTeamNo != null">
                #{srcTeamNo,jdbcType=VARCHAR},
            </if>
            <if test="srcChannel != null">
                #{srcChannel,jdbcType=VARCHAR},
            </if>
            <if test="srcCompany != null">
                #{srcCompany,jdbcType=VARCHAR},
            </if>
            <if test="userType != null">
                #{userType,jdbcType=VARCHAR},
            </if>
            <if test="srcUmNo != null">
                #{srcUmNo,jdbcType=VARCHAR},
            </if>
            <if test="srcUmName != null">
                #{srcUmName,jdbcType=VARCHAR},
            </if>
            <if test="bankAccountNo != null">
                #{bankAccountNo,jdbcType=VARCHAR},
            </if>
            <if test="bankAccountName != null">
                #{bankAccountName,jdbcType=VARCHAR},
            </if>
            <if test="bankOpenNo != null">
                #{bankOpenNo,jdbcType=VARCHAR},
            </if>
            <if test="bankOpenName != null">
                #{bankOpenName,jdbcType=VARCHAR},
            </if>
            <if test="forbidPushDate != null">
                #{forbidPushDate,jdbcType=TIMESTAMP},
            </if>
            <if test="stopUseDate != null">
                #{stopUseDate,jdbcType=TIMESTAMP},
            </if>
            <if test="regMethod != null">
                #{regMethod,jdbcType=VARCHAR},
            </if>
            <if test="regDate != null">
                #{regDate,jdbcType=TIMESTAMP},
            </if>
            <if test="openId != null">
                #{openId,jdbcType=VARCHAR},
            </if>
            <if test="status != null">
                #{status,jdbcType=VARCHAR},
            </if>
            <if test="createdBy != null">
                #{createdBy,jdbcType=VARCHAR},
            </if>
            <if test="createdDate != null">
                #{createdDate,jdbcType=TIMESTAMP},
            </if>
            <if test="updatedBy != null">
                #{updatedBy,jdbcType=VARCHAR},
            </if>
            <if test="updatedDate != null">
                #{updatedDate,jdbcType=TIMESTAMP},
            </if>
        </trim>
    </insert>
    <update id="updateByPrimaryKeySelective" parameterType="com.dashuf.dpbs.model.UserInfo">
        <!--
          WARNING - @mbg.generated
          This element is automatically generated by MyBatis Generator, do not modify.
        -->
        update user_info
        <set>
            <if test="userNo != null">
                user_no = #{userNo,jdbcType=VARCHAR},
            </if>
            <if test="userName != null">
                user_name = #{userName,jdbcType=VARCHAR},
            </if>
            <if test="certNo != null">
                cert_no = #{certNo,jdbcType=VARCHAR},
            </if>
            <if test="birthDate != null">
                birth_date = #{birthDate,jdbcType=DATE},
            </if>
            <if test="mobileNo != null">
                mobile_no = #{mobileNo,jdbcType=VARCHAR},
            </if>
            <if test="userPwd != null">
                user_pwd = #{userPwd,jdbcType=VARCHAR},
            </if>
            <if test="srcTeamNo != null">
                src_team_no = #{srcTeamNo,jdbcType=VARCHAR},
            </if>
            <if test="srcChannel != null">
                src_channel = #{srcChannel,jdbcType=VARCHAR},
            </if>
            <if test="srcCompany != null">
                src_company = #{srcCompany,jdbcType=VARCHAR},
            </if>
            <if test="userType != null">
                user_type = #{userType,jdbcType=VARCHAR},
            </if>
            <if test="srcUmNo != null">
                src_um_no = #{srcUmNo,jdbcType=VARCHAR},
            </if>
            <if test="srcUmName != null">
                src_um_name = #{srcUmName,jdbcType=VARCHAR},
            </if>
            <if test="bankAccountNo != null">
                bank_account_no = #{bankAccountNo,jdbcType=VARCHAR},
            </if>
            <if test="bankAccountName != null">
                bank_account_name = #{bankAccountName,jdbcType=VARCHAR},
            </if>
            <if test="bankOpenNo != null">
                bank_open_no = #{bankOpenNo,jdbcType=VARCHAR},
            </if>
            <if test="bankOpenName != null">
                bank_open_name = #{bankOpenName,jdbcType=VARCHAR},
            </if>
            <if test="forbidPushDate != null">
                forbid_push_date = #{forbidPushDate,jdbcType=TIMESTAMP},
            </if>
            <if test="stopUseDate != null">
                stop_use_date = #{stopUseDate,jdbcType=TIMESTAMP},
            </if>
            <if test="regMethod != null">
                reg_method = #{regMethod,jdbcType=VARCHAR},
            </if>
            <if test="regDate != null">
                reg_date = #{regDate,jdbcType=TIMESTAMP},
            </if>
            <if test="openId != null">
                open_id = #{openId,jdbcType=VARCHAR},
            </if>
            <if test="status != null">
                status = #{status,jdbcType=VARCHAR},
            </if>
            <if test="createdBy != null">
                created_by = #{createdBy,jdbcType=VARCHAR},
            </if>
            <if test="createdDate != null">
                created_date = #{createdDate,jdbcType=TIMESTAMP},
            </if>
            <if test="updatedBy != null">
                updated_by = #{updatedBy,jdbcType=VARCHAR},
            </if>
            <if test="updatedDate != null">
                updated_date = #{updatedDate,jdbcType=TIMESTAMP},
            </if>
        </set>
        where id = #{id,jdbcType=INTEGER}
    </update>
    <update id="updateByPrimaryKey" parameterType="com.dashuf.dpbs.model.UserInfo">
        <!--
          WARNING - @mbg.generated
          This element is automatically generated by MyBatis Generator, do not modify.
        -->
        update user_info
        set user_no = #{userNo,jdbcType=VARCHAR},
        user_name = #{userName,jdbcType=VARCHAR},
        cert_no = #{certNo,jdbcType=VARCHAR},
        birth_date = #{birthDate,jdbcType=DATE},
        mobile_no = #{mobileNo,jdbcType=VARCHAR},
        user_pwd = #{userPwd,jdbcType=VARCHAR},
        src_team_no = #{srcTeamNo,jdbcType=VARCHAR},
        src_channel = #{srcChannel,jdbcType=VARCHAR},
        src_company = #{srcCompany,jdbcType=VARCHAR},
        user_type = #{userType,jdbcType=VARCHAR},
        src_um_no = #{srcUmNo,jdbcType=VARCHAR},
        src_um_name = #{srcUmName,jdbcType=VARCHAR},
        bank_account_no = #{bankAccountNo,jdbcType=VARCHAR},
        bank_account_name = #{bankAccountName,jdbcType=VARCHAR},
        bank_open_no = #{bankOpenNo,jdbcType=VARCHAR},
        bank_open_name = #{bankOpenName,jdbcType=VARCHAR},
        forbid_push_date = #{forbidPushDate,jdbcType=TIMESTAMP},
        stop_use_date = #{stopUseDate,jdbcType=TIMESTAMP},
        reg_method = #{regMethod,jdbcType=VARCHAR},
        reg_date = #{regDate,jdbcType=TIMESTAMP},
        open_id = #{openId,jdbcType=VARCHAR},
        status = #{status,jdbcType=VARCHAR},
        created_by = #{createdBy,jdbcType=VARCHAR},
        created_date = #{createdDate,jdbcType=TIMESTAMP},
        updated_by = #{updatedBy,jdbcType=VARCHAR},
        updated_date = #{updatedDate,jdbcType=TIMESTAMP}
        where id = #{id,jdbcType=INTEGER}
    </update>
    <select id="countByModelSelective" parameterType="map" resultType="int">
        <!--
          WARNING - @mbg.generated
          This element is automatically generated by MyBatis Generator, do not modify.
        -->
        select count(*)
        from user_info
        <where>
            <include refid="dynamicModelSql"/>
        </where>
    </select>
    <delete id="deleteByModelSelective" parameterType="map">
        <!--
          WARNING - @mbg.generated
          This element is automatically generated by MyBatis Generator, do not modify.
        -->
        delete from user_info
        <where>
            <include refid="dynamicModelSql"/>
        </where>
    </delete>
    <update id="updateByModelSelective" parameterType="map">
        <!--
          WARNING - @mbg.generated
          This element is automatically generated by MyBatis Generator, do not modify.
        -->
        update user_info
        <set>
            <if test="model.id != null">
                id = #{model.id, jdbcType=INTEGER},
            </if>
            <if test="model.userNo != null">
                user_no = #{model.userNo, jdbcType=VARCHAR},
            </if>
            <if test="model.userName != null">
                user_name = #{model.userName, jdbcType=VARCHAR},
            </if>
            <if test="model.certNo != null">
                cert_no = #{model.certNo, jdbcType=VARCHAR},
            </if>
            <if test="model.birthDate != null">
                birth_date = #{model.birthDate, jdbcType=DATE},
            </if>
            <if test="model.mobileNo != null">
                mobile_no = #{model.mobileNo, jdbcType=VARCHAR},
            </if>
            <if test="model.userPwd != null">
                user_pwd = #{model.userPwd, jdbcType=VARCHAR},
            </if>
            <if test="model.srcTeamNo != null">
                src_team_no = #{model.srcTeamNo, jdbcType=VARCHAR},
            </if>
            <if test="model.srcChannel != null">
                src_channel = #{model.srcChannel, jdbcType=VARCHAR},
            </if>
            <if test="model.srcCompany != null">
                src_company = #{model.srcCompany, jdbcType=VARCHAR},
            </if>
            <if test="model.userType != null">
                user_type = #{model.userType, jdbcType=VARCHAR},
            </if>
            <if test="model.srcUmNo != null">
                src_um_no = #{model.srcUmNo, jdbcType=VARCHAR},
            </if>
            <if test="model.srcUmName != null">
                src_um_name = #{model.srcUmName, jdbcType=VARCHAR},
            </if>
            <if test="model.bankAccountNo != null">
                bank_account_no = #{model.bankAccountNo, jdbcType=VARCHAR},
            </if>
            <if test="model.bankAccountName != null">
                bank_account_name = #{model.bankAccountName, jdbcType=VARCHAR},
            </if>
            <if test="model.bankOpenNo != null">
                bank_open_no = #{model.bankOpenNo, jdbcType=VARCHAR},
            </if>
            <if test="model.bankOpenName != null">
                bank_open_name = #{model.bankOpenName, jdbcType=VARCHAR},
            </if>
            <if test="model.forbidPushDate != null">
                forbid_push_date = #{model.forbidPushDate, jdbcType=TIMESTAMP},
            </if>
            <if test="model.stopUseDate != null">
                stop_use_date = #{model.stopUseDate, jdbcType=TIMESTAMP},
            </if>
            <if test="model.regMethod != null">
                reg_method = #{model.regMethod, jdbcType=VARCHAR},
            </if>
            <if test="model.regDate != null">
                reg_date = #{model.regDate, jdbcType=TIMESTAMP},
            </if>
            <if test="model.openId != null">
                open_id = #{model.openId, jdbcType=VARCHAR},
            </if>
            <if test="model.status != null">
                status = #{model.status, jdbcType=VARCHAR},
            </if>
            <if test="model.createdBy != null">
                created_by = #{model.createdBy, jdbcType=VARCHAR},
            </if>
            <if test="model.createdDate != null">
                created_date = #{model.createdDate, jdbcType=TIMESTAMP},
            </if>
            <if test="model.updatedBy != null">
                updated_by = #{model.updatedBy, jdbcType=VARCHAR},
            </if>
            <if test="model.updatedDate != null">
                updated_date = #{model.updatedDate, jdbcType=TIMESTAMP},
            </if>
        </set>
        <where>
            <include refid="dynamicModelSql"/>
        </where>
    </update>
    <sql id="dynamicModelSql">
        <!--
          WARNING - @mbg.generated
          This element is automatically generated by MyBatis Generator, do not modify.
        -->
        <if test="cond != null">
            <if test="cond.id != null">
                and id = #{cond.id, jdbcType=INTEGER}
            </if>
            <if test="cond.userNo != null and cond.userNo != ''">
                and user_no
                <if test="!strict">like concat('%',</if>
                <if test="strict">=</if>#{cond.userNo, jdbcType=VARCHAR}
                <if test="!strict">, '%')</if>
            </if>
            <if test="cond.userName != null and cond.userName != ''">
                and user_name
                <if test="!strict">like concat('%',</if>
                <if test="strict">=</if>#{cond.userName, jdbcType=VARCHAR}
                <if test="!strict">, '%')</if>
            </if>
            <if test="cond.certNo != null and cond.certNo != ''">
                and cert_no
                <if test="!strict">like concat('%',</if>
                <if test="strict">=</if>#{cond.certNo, jdbcType=VARCHAR}
                <if test="!strict">, '%')</if>
            </if>
            <if test="cond.birthDate != null">
                and birth_date = #{cond.birthDate, jdbcType=DATE}
            </if>
            <if test="cond.mobileNo != null and cond.mobileNo != ''">
                and mobile_no
                <if test="!strict">like concat('%',</if>
                <if test="strict">=</if>#{cond.mobileNo, jdbcType=VARCHAR}
                <if test="!strict">, '%')</if>
            </if>
            <if test="cond.userPwd != null and cond.userPwd != ''">
                and user_pwd
                <if test="!strict">like concat('%',</if>
                <if test="strict">=</if>#{cond.userPwd, jdbcType=VARCHAR}
                <if test="!strict">, '%')</if>
            </if>
            <if test="cond.srcTeamNo != null and cond.srcTeamNo != ''">
                and src_team_no
                <if test="!strict">like concat('%',</if>
                <if test="strict">=</if>#{cond.srcTeamNo, jdbcType=VARCHAR}
                <if test="!strict">, '%')</if>
            </if>
            <if test="cond.srcChannel != null and cond.srcChannel != ''">
                and src_channel
                <if test="!strict">like concat('%',</if>
                <if test="strict">=</if>#{cond.srcChannel, jdbcType=VARCHAR}
                <if test="!strict">, '%')</if>
            </if>
            <if test="cond.srcCompany != null and cond.srcCompany != ''">
                and src_company
                <if test="!strict">like concat('%',</if>
                <if test="strict">=</if>#{cond.srcCompany, jdbcType=VARCHAR}
                <if test="!strict">, '%')</if>
            </if>
            <if test="cond.userType != null and cond.userType != ''">
                and user_type
                <if test="!strict">like concat('%',</if>
                <if test="strict">=</if>#{cond.userType, jdbcType=VARCHAR}
                <if test="!strict">, '%')</if>
            </if>
            <if test="cond.srcUmNo != null and cond.srcUmNo != ''">
                and src_um_no
                <if test="!strict">like concat('%',</if>
                <if test="strict">=</if>#{cond.srcUmNo, jdbcType=VARCHAR}
                <if test="!strict">, '%')</if>
            </if>
            <if test="cond.srcUmName != null and cond.srcUmName != ''">
                and src_um_name
                <if test="!strict">like concat('%',</if>
                <if test="strict">=</if>#{cond.srcUmName, jdbcType=VARCHAR}
                <if test="!strict">, '%')</if>
            </if>
            <if test="cond.bankAccountNo != null and cond.bankAccountNo != ''">
                and bank_account_no
                <if test="!strict">like concat('%',</if>
                <if test="strict">=</if>#{cond.bankAccountNo, jdbcType=VARCHAR}
                <if test="!strict">, '%')</if>
            </if>
            <if test="cond.bankAccountName != null and cond.bankAccountName != ''">
                and bank_account_name
                <if test="!strict">like concat('%',</if>
                <if test="strict">=</if>#{cond.bankAccountName, jdbcType=VARCHAR}
                <if test="!strict">, '%')</if>
            </if>
            <if test="cond.bankOpenNo != null and cond.bankOpenNo != ''">
                and bank_open_no
                <if test="!strict">like concat('%',</if>
                <if test="strict">=</if>#{cond.bankOpenNo, jdbcType=VARCHAR}
                <if test="!strict">, '%')</if>
            </if>
            <if test="cond.bankOpenName != null and cond.bankOpenName != ''">
                and bank_open_name
                <if test="!strict">like concat('%',</if>
                <if test="strict">=</if>#{cond.bankOpenName, jdbcType=VARCHAR}
                <if test="!strict">, '%')</if>
            </if>
            <if test="cond.forbidPushDate != null">
                and forbid_push_date = #{cond.forbidPushDate, jdbcType=TIMESTAMP}
            </if>
            <if test="cond.stopUseDate != null">
                and stop_use_date = #{cond.stopUseDate, jdbcType=TIMESTAMP}
            </if>
            <if test="cond.regMethod != null and cond.regMethod != ''">
                and reg_method
                <if test="!strict">like concat('%',</if>
                <if test="strict">=</if>#{cond.regMethod, jdbcType=VARCHAR}
                <if test="!strict">, '%')</if>
            </if>
            <if test="cond.regDate != null">
                and reg_date = #{cond.regDate, jdbcType=TIMESTAMP}
            </if>
            <if test="cond.openId != null and cond.openId != ''">
                and open_id
                <if test="!strict">like concat('%',</if>
                <if test="strict">=</if>#{cond.openId, jdbcType=VARCHAR}
                <if test="!strict">, '%')</if>
            </if>
            <if test="cond.status != null and cond.status != ''">
                and status
                <if test="!strict">like concat('%',</if>
                <if test="strict">=</if>#{cond.status, jdbcType=VARCHAR}
                <if test="!strict">, '%')</if>
            </if>
            <if test="cond.createdBy != null and cond.createdBy != ''">
                and created_by
                <if test="!strict">like concat('%',</if>
                <if test="strict">=</if>#{cond.createdBy, jdbcType=VARCHAR}
                <if test="!strict">, '%')</if>
            </if>
            <if test="cond.createdDate != null">
                and created_date = #{cond.createdDate, jdbcType=TIMESTAMP}
            </if>
            <if test="cond.updatedBy != null and cond.updatedBy != ''">
                and updated_by
                <if test="!strict">like concat('%',</if>
                <if test="strict">=</if>#{cond.updatedBy, jdbcType=VARCHAR}
                <if test="!strict">, '%')</if>
            </if>
            <if test="cond.updatedDate != null">
                and updated_date = #{cond.updatedDate, jdbcType=TIMESTAMP}
            </if>
        </if>
    </sql>
    <sql id="Base_Column_List_Prefix">
        <!--
          WARNING - @mbg.generated
          This element is automatically generated by MyBatis Generator, do not modify.
        -->
        my.id,my.user_no,my.user_name,my.cert_no,my.birth_date,my.mobile_no,my.user_pwd,my.src_team_no,my.src_channel,my.src_company,my.user_type,my.src_um_no,my.src_um_name,my.bank_account_no,my.bank_account_name,my.bank_open_no,my.bank_open_name,my.forbid_push_date,my.stop_use_date,my.reg_method,my.reg_date,my.open_id,my.status,my.created_by,my.created_date,my.updated_by,my.updated_date
    </sql>
    <select id="selectByModelSelective" parameterType="map" resultMap="BaseResultMap">
        <!--
          WARNING - @mbg.generated
          This element is automatically generated by MyBatis Generator, do not modify.
        -->
        select
        <include refid="Base_Column_List"/>
        from user_info
        <where>
            <include refid="dynamicModelSql"/>
        </where>
    </select>
    <insert id="insertBatchSelective" parameterType="java.util.List">
        <!--
          WARNING - @mbg.generated
          This element is automatically generated by MyBatis Generator, do not modify.
        -->
        insert into user_info
        <trim prefix="(" suffix=")" suffixOverrides=",">
            <if test="list[0].id!=null">
                id,
            </if>
            <if test="list[0].userNo!=null">
                user_no,
            </if>
            <if test="list[0].userName!=null">
                user_name,
            </if>
            <if test="list[0].certNo!=null">
                cert_no,
            </if>
            <if test="list[0].birthDate!=null">
                birth_date,
            </if>
            <if test="list[0].mobileNo!=null">
                mobile_no,
            </if>
            <if test="list[0].userPwd!=null">
                user_pwd,
            </if>
            <if test="list[0].srcTeamNo!=null">
                src_team_no,
            </if>
            <if test="list[0].srcChannel!=null">
                src_channel,
            </if>
            <if test="list[0].srcCompany!=null">
                src_company,
            </if>
            <if test="list[0].userType!=null">
                user_type,
            </if>
            <if test="list[0].srcUmNo!=null">
                src_um_no,
            </if>
            <if test="list[0].srcUmName!=null">
                src_um_name,
            </if>
            <if test="list[0].bankAccountNo!=null">
                bank_account_no,
            </if>
            <if test="list[0].bankAccountName!=null">
                bank_account_name,
            </if>
            <if test="list[0].bankOpenNo!=null">
                bank_open_no,
            </if>
            <if test="list[0].bankOpenName!=null">
                bank_open_name,
            </if>
            <if test="list[0].forbidPushDate!=null">
                forbid_push_date,
            </if>
            <if test="list[0].stopUseDate!=null">
                stop_use_date,
            </if>
            <if test="list[0].regMethod!=null">
                reg_method,
            </if>
            <if test="list[0].regDate!=null">
                reg_date,
            </if>
            <if test="list[0].openId!=null">
                open_id,
            </if>
            <if test="list[0].status!=null">
                status,
            </if>
            <if test="list[0].createdBy!=null">
                created_by,
            </if>
            <if test="list[0].createdDate!=null">
                created_date,
            </if>
            <if test="list[0].updatedBy!=null">
                updated_by,
            </if>
            <if test="list[0].updatedDate!=null">
                updated_date,
            </if>
        </trim>
        values
        <foreach collection="list" index="index" item="item" separator=",">
            <trim prefix=" (" suffix=")" suffixOverrides=",">
                <if test="item.id!=null">
                    #{item.id,jdbcType=INTEGER},
                </if>
                <if test="item.userNo!=null">
                    #{item.userNo,jdbcType=VARCHAR},
                </if>
                <if test="item.userName!=null">
                    #{item.userName,jdbcType=VARCHAR},
                </if>
                <if test="item.certNo!=null">
                    #{item.certNo,jdbcType=VARCHAR},
                </if>
                <if test="item.birthDate!=null">
                    #{item.birthDate,jdbcType=DATE},
                </if>
                <if test="item.mobileNo!=null">
                    #{item.mobileNo,jdbcType=VARCHAR},
                </if>
                <if test="item.userPwd!=null">
                    #{item.userPwd,jdbcType=VARCHAR},
                </if>
                <if test="item.srcTeamNo!=null">
                    #{item.srcTeamNo,jdbcType=VARCHAR},
                </if>
                <if test="item.srcChannel!=null">
                    #{item.srcChannel,jdbcType=VARCHAR},
                </if>
                <if test="item.srcCompany!=null">
                    #{item.srcCompany,jdbcType=VARCHAR},
                </if>
                <if test="item.userType!=null">
                    #{item.userType,jdbcType=VARCHAR},
                </if>
                <if test="item.srcUmNo!=null">
                    #{item.srcUmNo,jdbcType=VARCHAR},
                </if>
                <if test="item.srcUmName!=null">
                    #{item.srcUmName,jdbcType=VARCHAR},
                </if>
                <if test="item.bankAccountNo!=null">
                    #{item.bankAccountNo,jdbcType=VARCHAR},
                </if>
                <if test="item.bankAccountName!=null">
                    #{item.bankAccountName,jdbcType=VARCHAR},
                </if>
                <if test="item.bankOpenNo!=null">
                    #{item.bankOpenNo,jdbcType=VARCHAR},
                </if>
                <if test="item.bankOpenName!=null">
                    #{item.bankOpenName,jdbcType=VARCHAR},
                </if>
                <if test="item.forbidPushDate!=null">
                    #{item.forbidPushDate,jdbcType=TIMESTAMP},
                </if>
                <if test="item.stopUseDate!=null">
                    #{item.stopUseDate,jdbcType=TIMESTAMP},
                </if>
                <if test="item.regMethod!=null">
                    #{item.regMethod,jdbcType=VARCHAR},
                </if>
                <if test="item.regDate!=null">
                    #{item.regDate,jdbcType=TIMESTAMP},
                </if>
                <if test="item.openId!=null">
                    #{item.openId,jdbcType=VARCHAR},
                </if>
                <if test="item.status!=null">
                    #{item.status,jdbcType=VARCHAR},
                </if>
                <if test="item.createdBy!=null">
                    #{item.createdBy,jdbcType=VARCHAR},
                </if>
                <if test="item.createdDate!=null">
                    #{item.createdDate,jdbcType=TIMESTAMP},
                </if>
                <if test="item.updatedBy!=null">
                    #{item.updatedBy,jdbcType=VARCHAR},
                </if>
                <if test="item.updatedDate!=null">
                    #{item.updatedDate,jdbcType=TIMESTAMP},
                </if>
            </trim>
        </foreach>
    </insert>
    <select id="selectOneByModelSelective" parameterType="map" resultMap="BaseResultMap">
        <!--
          WARNING - @mbg.generated
          This element is automatically generated by MyBatis Generator, do not modify.
        -->
        select
        <include refid="Base_Column_List"/>
        from user_info
        <where>
            <include refid="dynamicModelSql"/>
        </where>
        limit 1
    </select>

    <update id="updateUserInfo" parameterType="com.dashuf.dpbs.model.UserInfo">
        update user_info
        set
        <if test="userPwd != null and userPwd != ''">
            user_pwd = #{userPwd, jdbcType=VARCHAR},
        </if>
        <if test="userName != null and userName != ''">
            user_name = #{userName, jdbcType=VARCHAR},
        </if>
        <if test="certNo != null and certNo != ''">
            cert_no = #{certNo, jdbcType=VARCHAR},
        </if>
        <if test="srcUmNo != null and srcUmNo != ''">
            src_um_no = #{srcUmNo, jdbcType=VARCHAR},
        </if>
        <if test="userType != null and userType != ''">
            user_type = #{userType, jdbcType=VARCHAR},
        </if>
        <if test="srcUmName != null and srcUmName != ''">
            src_um_name = #{srcUmName, jdbcType=VARCHAR},
        </if>
        <if test="srcUmMobileNo != null and srcUmMobileNo != ''">
            src_um_mobile_no = #{srcUmMobileNo, jdbcType=VARCHAR},
        </if>
        <if test="srcChannel != null and srcChannel != ''">
            src_channel = #{srcChannel, jdbcType=VARCHAR},
        </if>
        <if test="srcChannelCode != null and srcChannelCode != ''">
            src_channel_code = #{srcChannelCode, jdbcType=VARCHAR},
        </if>
        <if test="srcCompany != null and srcCompany != ''">
            src_company = #{srcCompany, jdbcType=VARCHAR},
        </if>
        <if test="srcCompanyCode != null and srcCompanyCode != ''">
            src_company_code = #{srcCompanyCode, jdbcType=VARCHAR},
        </if>
        <if test="openId != null and openId != ''">
            open_id = #{openId, jdbcType=VARCHAR},
        </if>
        <if test="srcTeamCode != null and srcTeamCode != ''">
            src_team_code = #{srcTeamCode, jdbcType=VARCHAR},
        </if>
        <if test="srcTeam != null and srcTeam != ''">
            src_team = #{srcTeam, jdbcType=VARCHAR},
        </if>
        <if test="isVerify != null and isVerify !=''">
            verify_ind = #{isVerify, jdbcType=VARCHAR},
        </if>
        updated_by = 'sys'
        where 1 = 1
        <if test="userNo != null and userNo != ''">
            and user_no = #{userNo, jdbcType=VARCHAR}
        </if>
        <if test="mobileNo != null and mobileNo != ''">
            and mobile_no = #{mobileNo, jdbcType=VARCHAR}
        </if>
    </update>

    <update id="unBindClientManager" parameterType="com.dashuf.dpbs.model.UserInfo">
        update user_info
        set
        src_um_no = null,
        src_um_name = null,
        src_um_mobile_no = null,
        src_company = null,
        src_company_code = null,
        src_team_code = null,
        src_team = null,
        updated_by = 'sys'
        where 1 = 1
        <if test="userNo != null and userNo != ''">
            and user_no = #{userNo, jdbcType=VARCHAR}
        </if>
        <if test="mobileNo != null and mobileNo != ''">
            and mobile_no = #{mobileNo, jdbcType=VARCHAR}
        </if>
    </update>

    <update id="unBindUserOfOpenId">
        update user_info
        set
          open_id = null,
          updated_by = 'sys'
        where open_id = #{openId, jdbcType=VARCHAR}
            <if test="userNo != null and userNo != ''">
                and user_no != #{userNo, jdbcType=VARCHAR}
            </if>
    </update>

    <insert id="initUserInfoByReg" parameterType="com.dashuf.dpbs.model.UserInfo">
        <selectKey keyProperty="id" order="AFTER" resultType="java.lang.Integer">
            SELECT LAST_INSERT_ID()
        </selectKey>
        insert into user_info (user_no,
        mobile_no,
        user_pwd,
        reg_method,
        reg_date,
        open_id,
        status)
        select #{userNo,jdbcType=VARCHAR},
        #{mobileNo,jdbcType=VARCHAR},
        #{userPwd,jdbcType=VARCHAR},
        'page_reg',
        sysdate(),
        #{openId,jdbcType=VARCHAR},
        'normal' from dual
        where not exists ( select 1 from user_info t
        where t.mobile_no = #{mobileNo,jdbcType=VARCHAR})
    </insert>

    <select id="selectQuiqueUserInfo" parameterType="com.dashuf.dpbs.model.UserInfo" resultMap="BaseResultMap">
        select
        <include refid="Base_Column_List"/>
        from user_info
        where 1 = 1
        <if test="userNo != null and userNo != ''">
            and user_no = #{userNo, jdbcType=VARCHAR}
        </if>
        <if test="mobileNo != null and mobileNo != ''">
            and mobile_no = #{mobileNo, jdbcType=VARCHAR}
        </if>

    </select>

    <update id="updateMobileNoOfUser">
        update user_info
        set mobile_no = #{userInfo.mobileNo, jdbcType=VARCHAR}
        where user_no = #{userInfo.userNo, jdbcType=VARCHAR}
        and mobile_no = #{srcMobileNo, jdbcType=VARCHAR}
    </update>
</mapper>