<?xml version="1.0" encoding="UTF-8"?>
<beans xmlns="http://www.springframework.org/schema/beans"
	xmlns:xsi="http://www.w3.org/2001/XMLSchema-instance"
	xmlns:context="http://www.springframework.org/schema/context"
	xmlns:dubbo="http://code.alibabatech.com/schema/dubbo"
	xsi:schemaLocation="http://www.springframework.org/schema/beans http://www.springframework.org/schema/beans/spring-beans.xsd
		http://www.springframework.org/schema/context http://www.springframework.org/schema/context/spring-context.xsd
		http://code.alibabatech.com/schema/dubbo http://code.alibabatech.com/schema/dubbo/dubbo.xsd">

	<bean id="pizzaStatupUtil" class="com.alibaba.dubbo.governance.web.common.utils.PizzaStatupUtil" />
	
	
	
	
	<dubbo:application name="dubbo-admin" />

	<dubbo:registry address="${dubbo.registry.address}" check="false" file="false"  />

	<dubbo:reference id="registryService" interface="com.alibaba.dubbo.registry.RegistryService" check="false" />

	<bean id="configService" class="com.alibaba.dubbo.governance.service.impl.ConfigServiceImpl" />
	
	<bean id="consumerService" class="com.alibaba.dubbo.governance.service.impl.ConsumerServiceImpl" />
	
	<bean id="overrideService" class="com.alibaba.dubbo.governance.service.impl.OverrideServiceImpl" />
	
	<bean id="ownerService" class="com.alibaba.dubbo.governance.service.impl.OwnerServiceImpl" />
	
	<bean id="providerService" class="com.alibaba.dubbo.governance.service.impl.ProviderServiceImpl" />
	
	<bean id="routeService" class="com.alibaba.dubbo.governance.service.impl.RouteServiceImpl" />
	
	

	<bean id="governanceCache" class="com.alibaba.dubbo.governance.sync.RegistryServerSync" />
	
	<bean id="pizza_admin_sso"
		class="com.pingan.pafa.pizza.admin.sso.SSOBean">
		<property name="enabled">
			<value>${user.sso.enable}</value>
		</property>
		<property name="ticketUtil">
			<ref bean="cookieTicketUtil"></ref>
		</property>
		<property name="cacheExpiresTime">
			<value>${user.sso.expiresTime}</value>
		</property>
		<property name="redis">
			<ref bean="redis"></ref>
		</property>
	</bean>
	
	
	<bean id="cookieTicketUtil"
		class="com.pingan.pafa.pizza.admin.sso.ticket.CookieTicketUtil">
		<property name="cookieName">
			<value>${user.sso.cookieName}</value>
		</property>
		<property name="useMainDomain">
			<value>false</value>
		</property>
	</bean>

	<bean id="redis"
		class="com.pingan.pafa.pizza.admin.sso.redis.RedisURLConfigBean">
		<property name="redisURL">
			<value>${user.sso.redis.url}</value>
		</property>
		
	</bean>

</beans>