<?xml version="1.0" encoding="UTF-8" standalone="yes"?>
<?xml version="1.0" encoding="UTF-8" standalone="yes"?>
<BatchPay xmlns="szfs.tws.pay.batchpay" xmlns:xsi="http://www.w3.org/2001/XMLSchema-instance">
    <subdate>20151103</subdate>
    <batno>A0320000000130320151103115564042134</batno>
    <corpno>A03200000001</corpno>
    <transcode>30301</transcode>
    <feeitem>00800</feeitem>
    <bankno>710584000001</bankno>
    <accbankno>710584000001</accbankno>
    <accno>201411190930</accno>
    <accname>??????????</accname>
    <currency>CNY</currency>
    <totalnum>2</totalnum>
    <totalmoney>565.00</totalmoney>
    <alternameflag>0</alternameflag>
    <nameflag>1</nameflag>
    <details>
        <detail>
            <lstno>00000001</lstno>
            <outid>20151103115564042238</outid>
            <custbankno>308584001016</custbankno>
            <custaccno>6222084000799000180</custaccno>
            <custaccname>??</custaccname>
            <money>343.00</money>
        </detail>
        <detail>
            <lstno>00000002</lstno>
            <outid>20151103115564042336</outid>
            <custbankno>105584000005</custbankno>
            <custaccno>6217902000008668884</custaccno>
            <custaccname>???</custaccname>
            <money>222.00</money>
        </detail>
    </details>
</BatchPay>