<?xml version="1.0" encoding="UTF-8" standalone="yes"?>
<SinglePay xmlns="szfs.tws.pay.singlepay" xmlns:xsi="http://www.w3.org/2001/XMLSchema-instance">
    <subdate>20150706</subdate>
    <outid>A0320000000130120150706100013671518</outid>
    <corpno>A03200000001</corpno>
    <transcode>30102</transcode>
    <feeitem>00800</feeitem>
    <paybankno>710584000001</paybankno>
    <payaccbankno>710584000001</payaccbankno>
    <payaccno>201411190930</payaccno>
    <payaccname>aaaaaaaaaaaaaa</payaccname>
    <acpbankno>102584000002</acpbankno>
    <acpaccno>62255555555555</acpaccno>
    <acpaccname>bbbbbbb</acpaccname>
    <currency>CNY</currency>
    <paymoney>0.14</paymoney>
    <alternameflag>0</alternameflag>
</SinglePay>