<?xml version="1.0" encoding="UTF-8" ?>
<beans xmlns="http://www.springframework.org/schema/beans"
	xmlns:xsi="http://www.w3.org/2001/XMLSchema-instance" xmlns:p="http://www.springframework.org/schema/p"
	xmlns:mvc="http://www.springframework.org/schema/mvc" xmlns:context="http://www.springframework.org/schema/context"
	xmlns:aop="http://www.springframework.org/schema/aop"
	xsi:schemaLocation="http://www.springframework.org/schema/beans  http://www.springframework.org/schema/beans/spring-beans-3.0.xsd
						http://www.springframework.org/schema/context http://www.springframework.org/schema/context/spring-context-3.0.xsd
						http://www.springframework.org/schema/aop http://www.springframework.org/schema/aop/spring-aop-3.0.xsd
      					http://www.springframework.org/schema/mvc http://www.springframework.org/schema/mvc/spring-mvc-3.0.xsd">

	<bean class="org.springframework.web.servlet.mvc.annotation.DefaultAnnotationHandlerMapping" />

	<!-- 自动扫描这个包下的所有文件 -->
	<context:component-scan base-package="com.sfpay.*.web,com.sfpay.mpay.risk.imp" />
	

	<bean class="org.springframework.web.servlet.mvc.annotation.AnnotationMethodHandlerAdapter">
		<property name="messageConverters">
			<list>
				<ref bean="jacksonHttpMessageConverter" />
			</list>
		</property>
	</bean>
	<bean class="org.springframework.web.servlet.mvc.annotation.AnnotationMethodHandlerExceptionResolver">
		<property name="order" value="0" />
	    <property name="messageConverters">
	        <list>
	             <ref bean="jacksonHttpMessageConverter"/>
	        </list>
	    </property>
	</bean>
	<bean class="org.springframework.web.servlet.mvc.support.DefaultHandlerExceptionResolver">
		<property name="order" value="100" />
	</bean>

	<bean id="viewResolver" class="org.springframework.web.servlet.view.InternalResourceViewResolver"
		p:prefix="/view/" p:suffix=".jsp" />

	<!-- 这里设置静态的资源 -->
	<mvc:resources location="/statics/" mapping="/statics/**" />
</beans>
